20210128,福田区,华强南,此房隔成两套，采光好，户型方正，得房率高。,720万,高楼层                                    (共24层)                                                                      | 2004年建 |                                2室1厅 | 69.19平米                                  | 南,http://ke-image.ljcdn.com/110000-inspection/pc1_a3kysBmrY_1.jpg!m_fill,w_280,h_210,f_jpg?from=ke.com
20210128,福田区,华强南,京海花园少有带大阳台户型，高楼层，红本满五，税费少,860万,高楼层                                    (共32层)                                                                      | 1998年建 |                                3室2厅 | 98.42平米                                  | 北,http://ke-image.ljcdn.com/110000-inspection/pc1_oe8tPu2Yf_1.jpg!m_fill,w_280,h_210,f_jpg?from=ke.com
20210128,福田区,华强南,中电大院4楼三房出售    户型方正   采光好必看好房,850万,中楼层                                    (共6层)                                                                      | 1981年建 |                                3室1厅 | 87.7平米                                  | 南,http://ke-image.ljcdn.com/110000-inspection/pc1_LCHJOuhq8_1.jpg!m_fill,w_280,h_210,f_jpg?from=ke.com
20210128,福田区,华强南,一房一厅，户型正，采光好，装修漂亮,350万,高楼层                                    (共33层)                                                                      | 2007年建 |                                1室1厅 | 36.75平米                                  | 南,http://ke-image.ljcdn.com/110000-inspection/pc1_zzZGS3thg_1.jpg!m_fill,w_280,h_210,f_jpg?from=ke.com
20210128,福田区,华强南,飞扬时代大厦 2室2厅 北,780万,低楼层                                    (共29层)                                                                      | 2006年建 |                                2室2厅 | 77.74平米                                  | 北,http://ke-image.ljcdn.com/440300-inspection/9043b337-8639-4590-a11b-46de65b99bee_1000.jpg!m_fill,w_280,h_210,f_jpg?from=ke.com
20210128,福田区,华强南,华强南老社区、单价低，业主诚卖，随时可签约,1090万,中楼层                                    (共6层)                                                                      | 1992年建 |                                4室2厅 | 108.43平米                                  | 南,http://ke-image.ljcdn.com/110000-inspection/pc1_clwfSlLmb_1.jpg!m_fill,w_280,h_210,f_jpg?from=ke.com
20210128,福田区,华强南,华强南金宝城大厦，户型好格局方正，单价低,1150万,高楼层                                    (共33层)                                                                      | 1998年建 |                                5室2厅 | 183平米                                  | 东南,http://ke-image.ljcdn.com/110000-inspection/pc1_5JPtO5W4x_1.jpg!m_fill,w_280,h_210,f_jpg?from=ke.com
20210128,福田区,华强南,嘉汇新城 1室0厅 南,175万,低楼层                                    (共30层)                                                                      | 2000年建 |                                1室0厅 | 30.94平米                                  | 南,http://ke-image.ljcdn.com/440300-inspection/pc1_zQzVhtRq2_1.jpg!m_fill,w_280,h_210,f_jpg?from=ke.com
20210128,福田区,华强南,南北通透格局，视野宽阔，楼层好，采光充足，交通便利,790万,高楼层                                    (共6层)                                                                      | 1988年建 |                                3室2厅 | 85.15平米                                  | 南 北,http://ke-image.ljcdn.com/110000-inspection/10d4ecb9-ba10-44e9-bea6-0ff9a442e5de_1000.jpg!m_fill,w_280,h_210,f_jpg?from=ke.com
20210128,福田区,华强南,满五唯一，红本在手，西南向楼层好，采光通风佳,340万,高楼层                                    (共33层)                                                                      | 2007年建 |                                1室1厅 | 36.75平米                                  | 西南,http://ke-image.ljcdn.com/110000-inspection/pc1_dgIjjZHJ6_1.jpg!m_fill,w_280,h_210,f_jpg?from=ke.com
20210128,福田区,华强南,福侨大厦户型方正，采光好，通风佳，红本在手新上,850万,低楼层                                    (共21层)                                                                      | 1998年建 |                                3室1厅 | 87.46平米                                  | 北,http://ke-image.ljcdn.com/440300-inspection/prod-c1fb1920-6116-4b9c-980b-d0e5243072ac.jpg!m_fill,w_280,h_210,f_jpg?from=ke.com
20210128,福田区,华强南,一手业主诚心出售 中间楼层采光通风好 自住看房方便,1230万,中楼层                                    (共30层)                                                                      | 1999年建 |                                4室1厅 | 140.04平米                                  | 南,http://ke-image.ljcdn.com/110000-inspection/pc1_X9DdHA0W3_1.jpg!m_fill,w_280,h_210,f_jpg?from=ke.com
20210128,福田区,华强南,本房满五 红本有手，中间楼层 采光好  看房方便必看好房,272万,中楼层                                    (共34层)                                                                      | 2002年建 |                                1室0厅 | 42.14平米                                  | 西北,http://ke-image.ljcdn.com/110000-inspection/pc1_AGpCfA45D_1.jpg!m_fill,w_280,h_210,f_jpg?from=ke.com
20210128,福田区,华强南,南光捷佳大厦 3室1厅 东南,598万,低楼层                                    (共34层)                                                                      | 2002年建 |                                3室1厅 | 80.84平米                                  | 东南,http://ke-image.ljcdn.com/440300-inspection/pc1_kho5A3c6a_1.jpg!m_fill,w_280,h_210,f_jpg?from=ke.com
20210128,福田区,华强南,天然氧吧旁 精装修方正2房1厅 朝南看操场公园 诚卖！,450万,中楼层                                    (共34层)                                                                      | 2002年建 |                                2室1厅 | 58平米                                  | 西南,http://ke-image.ljcdn.com/110000-inspection/pc1_uGaaKLnlW_2.jpg!m_fill,w_280,h_210,f_jpg?from=ke.com
20210128,福田区,华强南,公园旁 舒适大4房 看深圳夜景 视野屋遮挡,2000万,中楼层                                    (共43层)                                                                      | 2016年建 |                                4室2厅 | 160.65平米                                  | 西,http://ke-image.ljcdn.com/110000-inspection/3ea4376b-d0e2-47f8-8696-c8f68580fb25_1000.jpg!m_fill,w_280,h_210,f_jpg?from=ke.com
20210128,福田区,华强南,漾福居小户型，业主诚卖， 总价低，满五年,338万,中楼层                                    (共31层)                                                                      | 2003年建 |                                1室1厅 | 36.32平米                                  | 西北,http://ke-image.ljcdn.com/110000-inspection/pc1_GHam6gcQI_1.jpg!m_fill,w_280,h_210,f_jpg?from=ke.com
20210128,福田区,华强南,楼下公园，精致小户，拎包入住！,175万,中楼层                                    (共29层)                                                                      | 2012年建 |                                1室0厅 | 18.69平米                                  | 北,http://ke-image.ljcdn.com/110000-inspection/pc1_PJi3Xjdcg_1.jpg!m_fill,w_280,h_210,f_jpg?from=ke.com
20210128,福田区,华强南,此房交易税费少，户型方正实用，通风采光好,688万,高楼层                                    (共8层)                                                                      | 1992年建 |                                3室1厅 | 91.28平米                                  | 东南,http://ke-image.ljcdn.com/110000-inspection/pc1_7AzXlxK6s_2.jpg!m_fill,w_280,h_210,f_jpg?from=ke.com
20210128,福田区,华强南,桐林公寓 1室1厅 西北,360万,中楼层                                    (共29层)                                                                      | 2012年建 |                                1室1厅 | 37.46平米                                  | 西北,http://ke-image.ljcdn.com/110000-inspection/pc1_DViEf2W1z_1.jpg!m_fill,w_280,h_210,f_jpg?from=ke.com
20210128,福田区,华强南,飞扬时代大厦 1室0厅 西,268万,中楼层                                    (共29层)                                                                      | 2006年建 |                                1室0厅 | 37.27平米                                  | 西,http://ke-image.ljcdn.com/440300-inspection/b04b338a-5186-4b52-afa7-b1db2820d82f_1000.jpg!m_fill,w_280,h_210,f_jpg?from=ke.com
20210128,福田区,华强南,桐林公寓一室一厅东南朝向中间楼层满五年红本诚心卖,420万,中楼层                                    (共29层)                                                                      | 2012年建 |                                1室1厅 | 40.47平米                                  | 东南,http://ke-image.ljcdn.com/110000-inspection/pc1_iSeovYw8I_1.jpg!m_fill,w_280,h_210,f_jpg?from=ke.com
20210128,福田区,华强南,端头位置，东南朝向通风，视野好，户型方正,202万,低楼层                                    (共29层)                                                                      | 2012年建 |                                1室0厅 | 21平米                                  | 东南,http://ke-image.ljcdn.com/110000-inspection/pc1_0pMsk2y90_2.jpg!m_fill,w_280,h_210,f_jpg?from=ke.com
20210128,福田区,华强南,南光捷佳大厦 2室1厅 东南,450万,低楼层                                    (共34层)                                                                      | 2002年建 |                                2室1厅 | 58.33平米                                  | 东南,http://ke-image.ljcdn.com/110000-inspection/pc1_ozJWrWtwK_1.jpg!m_fill,w_280,h_210,f_jpg?from=ke.com
20210128,福田区,华强南,华强花园   老小区改造  两房 一厅  业主诚售,770万,低楼层                                    (共6层)                                                                      | 2000年建 |                                2室2厅 | 64.91平米                                  | 南 北,http://ke-image.ljcdn.com/110000-inspection/pc1_aDLYV36Kh_1.jpg!m_fill,w_280,h_210,f_jpg?from=ke.com
20210128,福田区,华强南,精装一房一厅 户型方正厅出阳台  业主诚心出售,360万,中楼层                                    (共31层)                                                                      | 2003年建 |                                1室1厅 | 35.56平米                                  | 北,http://ke-image.ljcdn.com/110000-inspection/pc1_637wrxLMt_2.jpg!m_fill,w_280,h_210,f_jpg?from=ke.com
20210128,福田区,华强南,业主诚卖。户型方正看房方便有客多推。,260万,高楼层                                    (共29层)                                                                      | 2006年建 |                                1室0厅 | 37.61平米                                  | 东,http://ke-image.ljcdn.com/110000-inspection/pc1_EgUNdM997_1.jpg!m_fill,w_280,h_210,f_jpg?from=ke.com
20210128,福田区,华强南,此房业主自住的精装修，买过来就可以住的，适合刚需,630万,中楼层                                    (共31层)                                                                      | 2003年建 |                                3室1厅 | 67.39平米                                  | 南,http://ke-image.ljcdn.com/440300-inspection/f5c9ea63-39a5-4b0b-a5f4-e1bc6f202961_1000.jpg!m_fill,w_280,h_210,f_jpg?from=ke.com
20210128,福田区,华强南,此房精装修，买过来就可以住的，适合刚需,628万,中楼层                                    (共31层)                                                                      | 2003年建 |                                1室2厅 | 65.75平米                                  | 南,http://ke-image.ljcdn.com/440300-inspection/a9fc2c5f-9685-4369-80e7-f14853ba8200_1000.jpg!m_fill,w_280,h_210,f_jpg?from=ke.com
20210128,福田区,华强南,此房业主诚卖，满五年，自住看房方便,730万,高楼层                                    (共8层)                                                                  3室1厅 | 82.64平米                                  | 南 北,http://ke-image.ljcdn.com/110000-inspection/pc1_YsCaCY2DW_2.jpg!m_fill,w_280,h_210,f_jpg?from=ke.com
20210128,福田区,华强南,福星花园精装两房出售，产权红本在手，满五年唯一,720万,低楼层                                    (共28层)                                                                      | 1992年建 |                                2室1厅 | 78.53平米                                  | 东北,http://ke-image.ljcdn.com/110000-inspection/pc1_HAxDhESHj_1.jpg!m_fill,w_280,h_210,f_jpg?from=ke.com
20210128,福田区,华强南,此房满五唯一，户型方正，产权明确，,690万,高楼层                                    (共7层)                                                                      | 1993年建 |                                3室1厅 | 93.98平米                                  | 南,http://ke-image.ljcdn.com/440300-inspection/prod-ca50b65c-36df-4f7c-a800-344b149d5a4e.jpg!m_fill,w_280,h_210,f_jpg?from=ke.com
20210128,福田区,华强南,带租约3500元，户型方正朝东南通风采光好，业主诚心卖必看好房,210万,高楼层                                    (共29层)                                                                      | 2012年建 |                                1室0厅 | 20.99平米                                  | 东南,http://ke-image.ljcdn.com/110000-inspection/pc1_ODbCi5nI7_1.jpg!m_fill,w_280,h_210,f_jpg?from=ke.com
20210128,福田区,华强南,南华花园 7室3厅 东南,1680万,高楼层                                    (共30层)                                                                      | 1999年建 |                                7室3厅 | 210.02平米                                  | 东南,http://ke-image.ljcdn.com/110000-inspection/pc1_9Nj76GQRP_2.jpg!m_fill,w_280,h_210,f_jpg?from=ke.com
20210128,福田区,华强南,大康福盈门超豪 华装修 东南向+东西通超高层业主诚售,1997万,高楼层                                    (共39层)                                                                      | 2015年建 |                                4室2厅 | 159.32平米                                  | 东 南 西,http://ke-image.ljcdn.com/110000-inspection/pc1_SlYl2L3TS_1.jpg!m_fill,w_280,h_210,f_jpg?from=ke.com
20210128,福田区,华强南,玉丰楼 2室1厅 西,330万,低楼层                                    (共9层)                                                                      | 1994年建 |                                2室1厅 | 43.78平米                                  | 西,http://ke-image.ljcdn.com/110000-inspection/pc1_aYSJQJt3m_1.jpg!m_fill,w_280,h_210,f_jpg?from=ke.com
20210128,福田区,华强南,总价低，方正两房，满5唯一，公园必看好房,435万,中楼层                                    (共34层)                                                                      | 2002年建 |                                2室1厅 | 58.33平米                                  | 东北,http://ke-image.ljcdn.com/110000-inspection/pc1_CAfPy4T18_1.jpg!m_fill,w_280,h_210,f_jpg?from=ke.com
20210128,福田区,华强南,南光捷佳大厦  满五年唯一的单房  带阳台 朝南,270万,低楼层                                    (共34层)                                                                      | 2002年建 |                                1室1厅 | 40.5平米                                  | 南,http://ke-image.ljcdn.com/110000-inspection/pc1_NNNDdvSFf_1.jpg!m_fill,w_280,h_210,f_jpg?from=ke.com
20210128,福田区,华强南,南光捷佳大厦  满五年红本 高层两房 业主诚心卖,450万,高楼层                                    (共34层)                                                                      | 2002年建 |                                2室1厅 | 58.33平米                                  | 东北,http://ke-image.ljcdn.com/110000-inspection/pc1_odZqgOUAC_1.jpg!m_fill,w_280,h_210,f_jpg?from=ke.com
20210128,福田区,华强南,大康福盈门豪 华装修4房 业主诚心出售 看房提前联系,1750万,低楼层                                    (共43层)                                                                      | 2016年建 |                                4室1厅 | 158.76平米                                  | 东南,http://ke-image.ljcdn.com/440300-inspection/f57e68e7-b7b9-49af-8e13-f4a56d502449_1000.jpg!m_fill,w_280,h_210,f_jpg?from=ke.com
20210128,福田区,华强南,满五唯一，欠款少，户型方正，采光好，通风好,520万,中楼层                                    (共30层)                                                                      | 2000年建 |                                2室1厅 | 58.7平米                                  | 南,http://ke-image.ljcdn.com/110000-inspection/pc1_8sDel4GKL_1.jpg!m_fill,w_280,h_210,f_jpg?from=ke.com
20210128,福田区,华强南,庆福园一房  满五唯一 业主诚心卖   价格便宜 随时看必看好房,330万,低楼层                                    (共33层)                                                                      | 2007年建 |                                1室1厅 | 36.76平米                                  | 东北,http://ke-image.ljcdn.com/110000-inspection/d5744842-6376-42d3-88a4-dfc205ba8680_1000.jpg!m_fill,w_280,h_210,f_jpg?from=ke.com
20210128,福田区,华强南,大康福盈门  精装修四房 诚心卖 看房方便,1880万,中楼层                                    (共43层)                                                                      | 2016年建 |                                4室2厅 | 159.69平米                                  | 西南,http://ke-image.ljcdn.com/110000-inspection/pc1_MPudzTC6O_2.jpg!m_fill,w_280,h_210,f_jpg?from=ke.com
20210128,福田区,华强南,飞扬时代大厦，满五年，红本在手,395万,中楼层                                    (共29层)                                                                      | 2006年建 |                                1室1厅 | 49平米                                  | 东南,http://ke-image.ljcdn.com/110000-inspection/b1365319-b9ef-4c49-83b0-10a90b459918_1000.jpg!m_fill,w_280,h_210,f_jpg?from=ke.com
20210128,福田区,华强南,本房满五唯一，带花园，小区新，好出租，可以办公使用,400万,低楼层                                    (共29层)                                                                      | 2006年建 |                                1室1厅 | 46.65平米                                  | 南,http://ke-image.ljcdn.com/110000-inspection/pc1_7X0C8PX7I_1.jpg!m_fill,w_280,h_210,f_jpg?from=ke.com
20210128,福田区,华强南,南光捷佳大厦 2室1厅 东,446万,中楼层                                    (共34层)                                                                      | 2002年建 |                                2室1厅 | 58.34平米                                  | 东,http://ke-image.ljcdn.com/110000-inspection/pc1_ZIVPagZv7_1.jpg!m_fill,w_280,h_210,f_jpg?from=ke.com
20210128,福田区,华强南,漾福居 精装修一房一厅 客厅出阳台 看房方便,350万,中楼层                                    (共31层)                                                                      | 2003年建 |                                1室1厅 | 36.32平米                                  | 西北,http://ke-image.ljcdn.com/110000-inspection/pc1_qBiJCuv2p_2.jpg!m_fill,w_280,h_210,f_jpg?from=ke.com
20210128,福田区,华强南,飞扬时代大厦 1室0厅 西,251万,高楼层                                    (共29层)                                                                      | 2006年建 |                                1室0厅 | 37.61平米                                  | 西,http://ke-image.ljcdn.com/110000-inspection/pc1_j6131n4pv_1.jpg!m_fill,w_280,h_210,f_jpg?from=ke.com
20210128,福田区,华强南,满五年红本在手 户型方正 居家舒适,305万,高楼层                                    (共29层)                                                                      | 2012年建 |                                1室1厅 | 31.85平米                                  | 东南,http://ke-image.ljcdn.com/110000-inspection/pc1_hRKB6I49R_1.jpg!m_fill,w_280,h_210,f_jpg?from=ke.com
20210128,福田区,华强南,南光捷佳正规两房 户型方正 厅出阳台,435万,高楼层                                    (共34层)                                                                      | 2002年建 |                                2室1厅 | 58.34平米                                  | 南,http://ke-image.ljcdn.com/110000-inspection/pc1_STTd97s7k_1.jpg!m_fill,w_280,h_210,f_jpg?from=ke.com
20210128,福田区,华强南,户型方正户型方正户型方正方正户型方正,788万,高楼层                                    (共20层)                                                                      | 1988年建 |                                3室1厅 | 98平米                                  | 东北,http://ke-image.ljcdn.com/110000-inspection/pc1_tFW6bBRqw_1.jpg!m_fill,w_280,h_210,f_jpg?from=ke.com
20210128,福田区,华强南,此房满五，厅出阳台高楼层，户型方正采光好,320万,中楼层                                    (共31层)                                                                      | 2003年建 |                                1室1厅 | 35.74平米                                  | 东,http://ke-image.ljcdn.com/110000-inspection/pc1_VokO8CW3m_1.jpg!m_fill,w_280,h_210,f_jpg?from=ke.com
20210128,福田区,华强南,飞扬时代大厦 1室1厅 南,390万,低楼层                                    (共29层)                                                                      | 2006年建 |                                1室1厅 | 48.93平米                                  | 南,http://ke-image.ljcdn.com/110000-inspection/pc1_L2bq6jQla.jpg!m_fill,w_280,h_210,f_jpg?from=ke.com
20210128,福田区,华强南,华强南 漾福居住宅小区  一房一厅精装精品房屋,350万,低楼层                                    (共31层)                                                                      | 2003年建 |                                1室1厅 | 35.74平米                                  | 东,http://ke-image.ljcdn.com/110000-inspection/pc1_E9gFBIsdM_1.jpg!m_fill,w_280,h_210,f_jpg?from=ke.com
20210128,福田区,华强南,锦峰大厦 3室2厅 北 东,588万,中楼层                                    (共31层)                                                                      | 1996年建 |                                3室2厅 | 103.98平米                                  | 北 东,http://ke-image.ljcdn.com/110000-inspection/pc1_AoxRhw2U1_1.jpg!m_fill,w_280,h_210,f_jpg?from=ke.com
20210128,福田区,华强南,满五唯一精装小户型,通风好,采光棒,视野开阔交通出行,350万,中楼层                                    (共29层)                                                                      | 2012年建 |                                1室1厅 | 37.46平米                                  | 西北,http://ke-image.ljcdn.com/110000-inspection/pc1_3EouilXeP_1.jpg!m_fill,w_280,h_210,f_jpg?from=ke.com
20210128,福田区,华强南,桐林公寓经典小两房，东南朝向，高楼层。,530万,高楼层                                    (共29层)                                                                      | 2012年建 |                                2室1厅 | 54.08平米                                  | 东南,http://ke-image.ljcdn.com/110000-inspection/pc1_TTEfwx949_1.jpg!m_fill,w_280,h_210,f_jpg?from=ke.com
20210128,福田区,华强南,朝东南的两房，高楼层视野采光好，精装修拎包入住,440万,中楼层                                    (共34层)                                                                      | 2002年建 |                                2室1厅 | 58.33平米                                  | 东南,http://ke-image.ljcdn.com/110000-inspection/pc1_ToFUqvbY2_2.jpg!m_fill,w_280,h_210,f_jpg?from=ke.com
20210128,福田区,华强南,满五、采光好，有钥匙看房方便，业主诚心出售,132万,低楼层                                    (共51层)                                                                      | 2000年建 |                                1室1厅 | 40平米                                  | 东南,http://ke-image.ljcdn.com/110000-inspection/pc1_9fLTpopcM_1.jpg!m_fill,w_280,h_210,f_jpg?from=ke.com
20210128,福田区,华强南,飞扬时代大厦 1室1厅 东,279万,中楼层                                    (共29层)                                                                      | 2006年建 |                                1室1厅 | 37.27平米                                  | 东,http://ke-image.ljcdn.com/110000-inspection/pc1_yGeiEl3qu_1.jpg!m_fill,w_280,h_210,f_jpg?from=ke.com
20210128,福田区,华强南,华强南飞扬时代交通方便单身住宅,279万,中楼层                                    (共29层)                                                                      | 2006年建 |                                1室1厅 | 37.27平米                                  | 东,http://ke-image.ljcdn.com/110000-inspection/pc1_5ZbB5ZEqs_1.jpg!m_fill,w_280,h_210,f_jpg?from=ke.com
20210128,福田区,华强南,上步片区   70年产权街铺！！！,872.55万,低楼层                                    (共9层)                                                                  1室1厅 | 174.51平米                                  | 南,http://ke-image.ljcdn.com/110000-inspection/pc1_MANLvjFuv_1.jpg!m_fill,w_280,h_210,f_jpg?from=ke.com
20210128,福田区,华强南,满五唯一，交通便利，人车分流，居住安心。,405万,低楼层                                    (共24层)                                                                      | 1986年建 |                                2室1厅 | 58.68平米                                  | 东北,http://ke-image.ljcdn.com/110000-inspection/pc1_peoPCJ07G_1.jpg!m_fill,w_280,h_210,f_jpg?from=ke.com
20210128,福田区,华强南,满五唯一，红本在手，诚心实卖。,190万,低楼层                                    (共30层)                                                                      | 2000年建 |                                1室1厅 | 30.67平米                                  | 南,http://ke-image.ljcdn.com/110000-inspection/1eb3abc8-dda8-4dbf-b51f-a443fa27648d_1000.jpg!m_fill,w_280,h_210,f_jpg?from=ke.com
20210128,福田区,华强南,地铁口物业， 华强南，嘉汇新城 交通便利,220万,低楼层                                    (共51层)                                                                      | 2000年建 |                                2室2厅 | 76平米                                  | 北 南,http://ke-image.ljcdn.com/110000-inspection/pc1_0zu1UXayx_1.jpg!m_fill,w_280,h_210,f_jpg?from=ke.com
20210128,福田区,华强南,桐林优质一房 满五东南向  价格优惠业主好说话必看好房,305万,高楼层                                    (共29层)                                                                      | 2012年建 |                                1室1厅 | 31.87平米                                  | 东南,http://ke-image.ljcdn.com/110000-inspection/pc1_aRLeAtBZD_1.jpg!m_fill,w_280,h_210,f_jpg?from=ke.com
20210128,福田区,华强南,满五，小区带花园，小区新，好出租，可以自住,390万,中楼层                                    (共29层)                                                                      | 2006年建 |                                1室1厅 | 47.48平米                                  | 西南,http://ke-image.ljcdn.com/440300-inspection/pc1_FabiLRVAH_1.jpg!m_fill,w_280,h_210,f_jpg?from=ke.com
20210128,福田区,华强南,业主诚卖，户型好，格局方正。装修漂亮,460万,低楼层                                    (共34层)                                                                      | 2002年建 |                                2室1厅 | 58.34平米                                  | 东南,http://ke-image.ljcdn.com/110000-inspection/36493d28-929d-4664-8f3a-cebc11abb5d3_1000.jpg!m_fill,w_280,h_210,f_jpg?from=ke.com
20210128,福田区,华强南,漾福居少有三房诚售方正带阳台公园边上红本在手,700万,高楼层                                    (共31层)                                                                      | 2003年建 |                                3室2厅 | 84.06平米                                  | 西南,http://ke-image.ljcdn.com/440300-inspection/pc1_WDlPzIkFu_1.jpg!m_fill,w_280,h_210,f_jpg?from=ke.com
20210128,福田区,华强南,嘉汇新城 1室1厅 南,299万,低楼层                                    (共30层)                                                                      | 2000年建 |                                1室1厅 | 46.92平米                                  | 南,http://ke-image.ljcdn.com/440300-inspection/fe67f1cc-3231-408c-9917-b7582df6ebc7_1000.jpg!m_fill,w_280,h_210,f_jpg?from=ke.com
20210128,福田区,华强南,嘉汇新城 1室1厅 南,160万,低楼层                                    (共30层)                                                                      | 2000年建 |                                1室1厅 | 22.62平米                                  | 南,http://ke-image.ljcdn.com/440300-inspection/04fd62da-9adf-4ab5-923d-6e5527997e1a_1000.jpg!m_fill,w_280,h_210,f_jpg?from=ke.com
20210128,福田区,华强南,本房酒店式公寓，带稳定租金，统一运营，不用名-额,168万,低楼层                                    (共30层)                                                                      | 2000年建 |                                1室1厅 | 23.95平米                                  | 南,http://ke-image.ljcdn.com/440300-inspection/4c1fc13b-64a8-41a7-8c92-30c368aff10d_1000.jpg!m_fill,w_280,h_210,f_jpg?from=ke.com
20210128,福田区,华强南,交通便利，复式，精装修。带长期省心租约,201万,低楼层                                    (共30层)                                                                      | 2000年建 |                                1室1厅 | 30.86平米                                  | 东南,http://ke-image.ljcdn.com/440300-inspection/130d550b-a2a0-4318-89bd-472a48f9612b_1000.jpg!m_fill,w_280,h_210,f_jpg?from=ke.com
20210128,福田区,华强南,深南大道公园旁 复式酒店公寓 带稳定租约 省心收租,135万,低楼层                                    (共30层)                                                                      | 2000年建 |                                1室0厅 | 21.75平米                                  | 东,http://ke-image.ljcdn.com/440300-inspection/df8ce335-b226-4dfd-925b-eec864d87288_1000.jpg!m_fill,w_280,h_210,f_jpg?from=ke.com
20210128,福田区,华强南,深南大道旁酒店复式公寓 带长租约 不占名 适合投-资,155万,低楼层                                    (共30层)                                                                      | 2000年建 |                                1室1厅 | 20.34平米                                  | 南,http://ke-image.ljcdn.com/440300-inspection/45287a47-c045-4748-80ba-a33a6e122b2d_1000.jpg!m_fill,w_280,h_210,f_jpg?from=ke.com
20210128,福田区,华强南,嘉汇新城，维也纳酒店租十年，不占名 适合投-资,175万,低楼层                                    (共30层)                                                                      | 2000年建 |                                1室0厅 | 30平米                                  | 南,http://ke-image.ljcdn.com/440300-inspection/b4b62114-9430-4559-bc19-91f02818aaf9_1000.jpg!m_fill,w_280,h_210,f_jpg?from=ke.com
20210128,福田区,华强南,A类 地铁口方正三房 少有在卖的户型,930万,高楼层                                    (共29层)                                                                      | 2006年建 |                                3室1厅 | 98.39平米                                  | 南,http://ke-image.ljcdn.com/440300-inspection/prod-c39a0a29-7c58-4406-bc6a-6c254d803415.jpg!m_fill,w_280,h_210,f_jpg?from=ke.com
20210128,福田区,华强南,酒店复式公寓 带长期省心租约 不占名 适合投-资,155万,低楼层                                    (共30层)                                                                      | 2000年建 |                                1室1厅 | 30.75平米                                  | 东南,http://ke-image.ljcdn.com/440300-inspection/3fe6b5a9-6a5e-41da-a636-05ae19bb4881_1000.jpg!m_fill,w_280,h_210,f_jpg?from=ke.com
20210128,福田区,华强南,华强北酒店复式公寓 带长期租约 不占名-额 适合投-资,260万,低楼层                                    (共30层)                                                                      | 2000年建 |                                1室1厅 | 36.23平米                                  | 东,http://ke-image.ljcdn.com/440300-inspection/pc1_LZ8UJ18kA_1.jpg!m_fill,w_280,h_210,f_jpg?from=ke.com
20210128,福田区,华强南,国际文化大厦 朝南小户型 采光通风好 满五年,605万,低楼层                                    (共35层)                                                                      | 2000年建 |                                1室0厅 | 75.32平米                                  | 南,http://ke-image.ljcdn.com/440300-inspection/test-3dd787e0-cfdc-4f38-8252-65519f1a535c.png!m_fill,w_280,h_210,f_jpg?from=ke.com
20210128,福田区,华强南,国际文化大厦 朝南小户型 满五年 视野好,605万,低楼层                                    (共35层)                                                                      | 2000年建 |                                1室0厅 | 75.32平米                                  | 南,http://ke-image.ljcdn.com/440300-inspection/test-6df72e61-49c8-47c8-8973-4d407ed26841.png!m_fill,w_280,h_210,f_jpg?from=ke.com
20210128,福田区,华强南,华强北地段 酒店复式公寓 带长期省心租约 不占名,148万,低楼层                                    (共30层)                                                                      | 2000年建 |                                1室1厅 | 32.85平米                                  | 东,http://ke-image.ljcdn.com/440300-inspection/pc1_T68QZyC10_1.jpg!m_fill,w_280,h_210,f_jpg?from=ke.com
20210128,福田区,华强南,桐林公寓 70年住宅产权  业主自住,650万,高楼层                                    (共29层)                                                                      | 2012年建 |                                2室1厅 | 61.67平米                                  | 东南,http://ke-image.ljcdn.com/440300-inspection/prod-4f86022e-102d-46d2-9f99-cef643ce2b45.jpg!m_fill,w_280,h_210,f_jpg?from=ke.com
20210128,福田区,华强南,花园社区，满五老物业，业主诚心出售必看好房,888万,高楼层                                    (共33层)                                                                      | 1998年建 |                                3室1厅 | 91.87平米                                  | 西南,http://ke-image.ljcdn.com/110000-inspection/pc1_AxQ5npcrg.jpg!m_fill,w_280,h_210,f_jpg?from=ke.com
20210128,福田区,华强南,世贸小面积在卖，户型好自用或出租都适宜,356万,低楼层                                    (共41层)                                                                      | 1999年建 |                                3室1厅 | 111.73平米                                  | 东 西,http://ke-image.ljcdn.com/110000-inspection/pc1_koUQSdFS2_1.jpg!m_fill,w_280,h_210,f_jpg?from=ke.com
20210128,福田区,华强南,城投福滨苑 少有三房出售 带车位 户型方正 厅出阳台,1279.5万,低楼层                                    (共26层)                                                                      | 2004年建 |                                3室1厅 | 105.17平米                                  | 南,http://ke-image.ljcdn.com/110000-inspection/pc1_Fk81SsFIA_1.jpg!m_fill,w_280,h_210,f_jpg?from=ke.com
20210128,福田区,华强南,桐林城市广场 2室1厅 东南,298万,高楼层                                    (共5层)                                                                      | 2012年建 |                                2室1厅 | 67.79平米                                  | 东南,http://ke-image.ljcdn.com/110000-inspection/pc1_62xopxf1E_1.jpg!m_fill,w_280,h_210,f_jpg?from=ke.com
20210128,福田区,华强南,桐林城市广场 3室2厅 东南新上,260万,高楼层                                    (共4层)                                                                      | 2012年建 |                                3室2厅 | 70.79平米                                  | 东南,http://ke-image.ljcdn.com/110000-inspection/pc1_WQ3pq8Cq1_1.jpg!m_fill,w_280,h_210,f_jpg?from=ke.com
20210128,福田区,华强南,南光捷佳大厦 1室0厅 西北,298万,高楼层                                    (共34层)                                                                      | 2002年建 |                                1室0厅 | 42.14平米                                  | 西北,http://ke-image.ljcdn.com/110000-inspection/pc1_eX8xVqQKb_1.jpg!m_fill,w_280,h_210,f_jpg?from=ke.com
20210128,福田区,华强南,此房满5年唯一，高层朝看深圳中 心公园，业主诚心出售,360万,中楼层                                    (共29层)                                                                      | 2012年建 |                                1室1厅 | 37.46平米                                  | 西北 西,http://ke-image.ljcdn.com/110000-inspection/pc1_LB0naMvxL_1.jpg!m_fill,w_280,h_210,f_jpg?from=ke.com
20210128,福田区,华强南,业主诚心出售，精装修，低楼层，采光好,800万,低楼层                                    (共6层)                                                                      | 1992年建 |                                3室1厅 | 90.65平米                                  | 东南,http://ke-image.ljcdn.com/110000-inspection/pc1_9lLgAYjyl_1.jpg!m_fill,w_280,h_210,f_jpg?from=ke.com
20210128,福田区,华强南,华强北商圈，地段好交通便利，购房费用少，满五年,1628万,低楼层                                    (共26层)                                                                      | 1999年建 |                                4室1厅 | 204.64平米                                  | 西南,http://ke-image.ljcdn.com/110000-inspection/pc1_iPxLVcih0_1.jpg!m_fill,w_280,h_210,f_jpg?from=ke.com
20210128,福田区,华强南,国际文化大厦70年产权住宅型公寓，红本满五，看公园,547万,低楼层                                    (共35层)                                                                      | 2000年建 |                                1室1厅 | 70.11平米                                  | 北,http://ke-image.ljcdn.com/110000-inspection/pc1_hrm4OmFvr_1.jpg!m_fill,w_280,h_210,f_jpg?from=ke.com
20210128,福田区,华强南,南光捷佳大厦 2室1厅 东南新上,490万,中楼层                                    (共34层)                                                                      | 2002年建 |                                2室1厅 | 55.33平米                                  | 东南,http://ke-image.ljcdn.com/110000-inspection/pc1_Z6fTuArB6_1.jpg!m_fill,w_280,h_210,f_jpg?from=ke.com
20210128,福田区,华强南,城投福滨苑 少有两房 厅出阳台 售价950万 诚卖,950万,低楼层                                    (共26层)                                                                      | 2004年建 |                                3室1厅 | 83.86平米                                  | 南,http://ke-image.ljcdn.com/110000-inspection/pc1_b6O285i5i_1.jpg!m_fill,w_280,h_210,f_jpg?from=ke.com
20210128,福田区,华强南,业主诚意出售 小区新 近公园  配套好,233万,低楼层                                    (共29层)                                                                      | 2012年建 |                                1室0厅 | 24.37平米                                  | 东北,http://ke-image.ljcdn.com/110000-inspection/pc1_g0wPQoTmp_1.jpg!m_fill,w_280,h_210,f_jpg?from=ke.com
20210128,福田区,华强南,华强北地段 酒店式装修 带长期省心租约 不占名,220万,低楼层                                    (共30层)                                                                      | 2000年建 |                                1室1厅 | 32.46平米                                  | 东,http://ke-image.ljcdn.com/110000-inspection/pc1_XfrHPFGUM_1.jpg!m_fill,w_280,h_210,f_jpg?from=ke.com
20210128,福田区,华强南,国际文化大厦70年产权住宅型公寓，红本满五，看公园,605万,低楼层                                    (共35层)                                                                      | 2000年建 |                                1室1厅 | 75.73平米                                  | 北,http://ke-image.ljcdn.com/110000-inspection/pc1_YCbiWqgwN_2.jpg!m_fill,w_280,h_210,f_jpg?from=ke.com
20210128,福田区,华强南,国际文化大厦70年产权住宅型公寓，红本满五，看公园,550万,低楼层                                    (共35层)                                                                      | 2000年建 |                                1室1厅 | 73.43平米                                  | 北,http://ke-image.ljcdn.com/110000-inspection/pc1_42ol6pmgg_1.jpg!m_fill,w_280,h_210,f_jpg?from=ke.com
20210128,福田区,华强南,桐林公寓 1室0厅 东北,195万,高楼层                                    (共29层)                                                                      | 2012年建 |                                1室0厅 | 20.99平米                                  | 东北,http://ke-image.ljcdn.com/110000-inspection/pc1_E2vdJH3qs_1.jpg!m_fill,w_280,h_210,f_jpg?from=ke.com
20210128,福田区,华强南,玉丰楼步梯房，红本在手满五年，楼层好，实用住家两房必看好房,309万,低楼层                                    (共9层)                                                                      | 1994年建 |                                2室1厅 | 43.78平米                                  | 西,http://ke-image.ljcdn.com/110000-inspection/pc1_nyRP3yvy7_1.jpg!m_fill,w_280,h_210,f_jpg?from=ke.com
20210128,福田区,华强南,嘉汇新城 1室0厅 东北,168万,低楼层                                    (共30层)                                                                      | 2000年建 |                                1室0厅 | 22.9平米                                  | 东北,http://ke-image.ljcdn.com/440300-inspection/pc1_QCarwBJRl_1.jpg!m_fill,w_280,h_210,f_jpg?from=ke.com
20210128,福田区,华强南,满五 唯一 免个税  正南向 景观采光好 户型方正实用,280万,低楼层                                    (共35层)                                                                      | 2000年建 |                                2室1厅 | 75.32平米                                  | 南,http://ke-image.ljcdn.com/110000-inspection/pc1_pjqXDBL7T_1.jpg!m_fill,w_280,h_210,f_jpg?from=ke.com
20210128,福田区,华强南,红本在手，满五唯一，精装两房，客厅出阳台正南向,850万,高楼层                                    (共8层)                                                                      | 1983年建 |                                2室2厅 | 78.94平米                                  | 南,http://ke-image.ljcdn.com/110000-inspection/1eeb0c34-4e61-4aec-8060-e51f6606a35d_1000.jpg!m_fill,w_280,h_210,f_jpg?from=ke.com
20210128,福田区,华强南,满五不唯一，户型方正，采光好，业主诚心卖,190万,中楼层                                    (共29层)                                                                      | 2012年建 |                                1室0厅 | 18.69平米                                  | 西南,http://ke-image.ljcdn.com/440300-inspection/prod-49fff9a4-e5ad-4a4f-b633-00c0c7723e5c.jpg!m_fill,w_280,h_210,f_jpg?from=ke.com
20210128,福田区,华强南,新上房源，户型方正，税费低，使用率高,220万,低楼层                                    (共51层)                                                                      | 2000年建 |                                2室1厅 | 79.99平米                                  | 东,http://ke-image.ljcdn.com/110000-inspection/f8f7aac0-658c-4332-80ef-b3d0cd75f8f0_1000.jpg!m_fill,w_280,h_210,f_jpg?from=ke.com
20210128,福田区,华强南,满五年，无个税，红本在手，业主自住诚心卖必看好房,540万,低楼层                                    (共30层)                                                                      | 2000年建 |                                2室2厅 | 59.29平米                                  | 南,http://ke-image.ljcdn.com/110000-inspection/2c8ed749-3a05-4a10-a9bd-dd534a4debcb_1000.jpg!m_fill,w_280,h_210,f_jpg?from=ke.com
20210128,福田区,华强南,海岸中心 1室1厅 东南,1068万,中楼层                                    (共46层)                                                                      | 2016年建 |                                1室1厅 | 183.88平米                                  | 东南,http://ke-image.ljcdn.com/110000-inspection/pc1_IzYO2k7iZ_1.jpg!m_fill,w_280,h_210,f_jpg?from=ke.com
20210128,福田区,华强南,海岸中心 1室1厅 东南,986万,中楼层                                    (共46层)                                                                      | 2016年建 |                                1室1厅 | 171.37平米                                  | 东南,http://ke-image.ljcdn.com/110000-inspection/932c01f8-7770-45bc-abb2-f224e1fc6e85_1000.jpg!m_fill,w_280,h_210,f_jpg?from=ke.com
20210128,福田区,华强南,华强北商圈，地铁口物业，复式格局，业主诚心出售,897万,中楼层                                    (共26层)                                                                      | 1999年建 |                                3室1厅 | 144.99平米                                  | 南,http://ke-image.ljcdn.com/110000-inspection/pc1_7STv7gjb8_1.jpg!m_fill,w_280,h_210,f_jpg?from=ke.com
20210128,福田区,华强南,汇商少有户型，中高楼层，看公园景观，看房方便,160万,低楼层                                    (共51层)                                                                      | 2000年建 |                                2室0厅 | 69.39平米                                  | 东,http://ke-image.ljcdn.com/110000-inspection/pc1_eVGqFLSr5_1.jpg!m_fill,w_280,h_210,f_jpg?from=ke.com
20210128,福田区,华强南,满五唯一，税费少、户型方正，采光通风好，高层视野好,520万,中楼层                                    (共29层)                                                                      | 2012年建 |                                2室1厅 | 54.24平米                                  | 西北,http://ke-image.ljcdn.com/110000-inspection/c0f51149-b3bf-40d7-b55a-802d3745d2f3_1000.jpg!m_fill,w_280,h_210,f_jpg?from=ke.com
20210128,福田区,华强南,2房1厅可住家可商用，南向安静 坐拥公园,540万,低楼层                                    (共35层)                                                                      | 2000年建 |                                2室1厅 | 69.73平米                                  | 南,http://ke-image.ljcdn.com/110000-inspection/pc1_FgousYe2B_1.jpg!m_fill,w_280,h_210,f_jpg?from=ke.com
20210128,福田区,华强南,满五唯一精户型方正装修 业主诚卖朝东向,337万,高楼层                                    (共33层)                                                                      | 2007年建 |                                1室1厅 | 36.76平米                                  | 东,http://ke-image.ljcdn.com/110000-inspection/pc1_rF2DkpOCN_2.jpg!m_fill,w_280,h_210,f_jpg?from=ke.com
20210128,福田区,华强南,酒店式感受，业主诚心卖。有诚意的来,152万,低楼层                                    (共30层)                                                                      | 2000年建 |                                1室0厅 | 30.61平米                                  | 东南,http://ke-image.ljcdn.com/110000-inspection/pc1_Psjw6hLc6_1.jpg!m_fill,w_280,h_210,f_jpg?from=ke.com
20210128,福田区,华强南,嘉汇新城汇商中心 2室1厅 北,210万,低楼层                                    (共51层)                                                                      | 2000年建 |                                2室1厅 | 79.99平米                                  | 北,http://ke-image.ljcdn.com/110000-inspection/pc1_XKLMBcoEb_1.jpg!m_fill,w_280,h_210,f_jpg?from=ke.com
20210128,福田区,华强南,纯写字楼，高楼层，东向，采光好，交通便利,195万,中楼层                                    (共51层)                                                                      | 2000年建 |                                2室1厅 | 81.94平米                                  | 东,http://ke-image.ljcdn.com/110000-inspection/pc1_RZ9iyyqlm_1.jpg!m_fill,w_280,h_210,f_jpg?from=ke.com
20210128,福田区,华强南,诚卖，税费少，房子新，复式使用率高,248万,高楼层                                    (共4层)                                                                      | 2012年建 |                                2室1厅 | 70.45平米                                  | 西南,http://ke-image.ljcdn.com/110000-inspection/pc1_F2bGg2LB5_1.jpg!m_fill,w_280,h_210,f_jpg?from=ke.com
20210128,福田区,华强南,东南方向 办公装修 看房方便 业主诚卖,395.6万,中楼层                                    (共40层)                                                                      | 1996年建 |                                3室1厅 | 139.74平米                                  | 东南,http://ke-image.ljcdn.com/110000-inspection/pc1_TafLx0WHv_1.jpg!m_fill,w_280,h_210,f_jpg?from=ke.com
20210128,福田区,华强南,房子总价格便宜，业主诚心卖，看房比较方便,1000万,中楼层                                    (共30层)                                                                      | 2000年建 |                                3室1厅 | 102.4平米                                  | 东,http://ke-image.ljcdn.com/110000-inspection/pc1_CNLnd8UBs_1.jpg!m_fill,w_280,h_210,f_jpg?from=ke.com
20210128,福田区,华强南,嘉汇新城Qpark酒店 带租约，繁华地段,150万,低楼层                                    (共30层)                                                                      | 2000年建 |                                1室0厅 | 26.65平米                                  | 西南,http://ke-image.ljcdn.com/110000-inspection/pc1_pkmzvTfKG_1.jpg!m_fill,w_280,h_210,f_jpg?from=ke.com
20210128,福田区,华强南,嘉汇新城 1室0厅 南,188万,低楼层                                    (共30层)                                                                      | 2000年建 |                                1室0厅 | 23.96平米                                  | 南,http://ke-image.ljcdn.com/110000-inspection/pc1_97uTOv7lD_1.jpg!m_fill,w_280,h_210,f_jpg?from=ke.com
20210128,福田区,华强南,桐林城市广场 3室1厅 东,247万,高楼层                                    (共5层)                                                                      | 2012年建 |                                3室1厅 | 65.62平米                                  | 东,http://ke-image.ljcdn.com/110000-inspection/pc1_UZgWs0w4k_2.jpg!m_fill,w_280,h_210,f_jpg?from=ke.com
20210128,福田区,华强南,城市杰座精装少有户型出售 精装拎包入住,1200万,低楼层                                    (共32层)                                                                      | 2004年建 |                                3室2厅 | 106.28平米                                  | 东南,http://ke-image.ljcdn.com/110000-inspection/pc1_LKNeEibKE_1.jpg!m_fill,w_280,h_210,f_jpg?from=ke.com
20210128,福田区,华强南,桐林公寓 2室1厅 西南,196万,高楼层                                    (共5层)                                                                      | 2012年建 |                                2室1厅 | 63.97平米                                  | 西南,http://ke-image.ljcdn.com/110000-inspection/pc1_KzczTlv7e_1.jpg!m_fill,w_280,h_210,f_jpg?from=ke.com
20210128,福田区,华强南,嘉汇新城 1室1厅 西南,190万,低楼层                                    (共30层)                                                                      | 2000年建 |                                1室1厅 | 30.75平米                                  | 西南,http://ke-image.ljcdn.com/110000-inspection/pc1_be5RFCpsv_1.jpg!m_fill,w_280,h_210,f_jpg?from=ke.com
20210128,福田区,华强南,嘉汇新城，Qpark，诚心出售。。,200万,低楼层                                    (共30层)                                                                      | 2000年建 |                                1室0厅 | 27.05平米                                  | 南,http://ke-image.ljcdn.com/110000-inspection/pc1_NzKGvSRFi_1.jpg!m_fill,w_280,h_210,f_jpg?from=ke.com
20210128,福田区,华强南,深南中路旁 看公园采光  满5年  看房子方便 业主急售,1050万,高楼层                                    (共31层)                                                                      | 2001年建 |                                2室2厅 | 178.31平米                                  | 东南 西 西北,http://ke-image.ljcdn.com/110000-inspection/pc1_mZDABphZi_1.jpg!m_fill,w_280,h_210,f_jpg?from=ke.com
20210128,福田区,华强南,桐林城市广场 2室2厅 东,180万,高楼层                                    (共5层)                                                                      | 2012年建 |                                2室2厅 | 62.11平米                                  | 东,http://ke-image.ljcdn.com/110000-inspection/pc1_sHp9tjr5H_1.jpg!m_fill,w_280,h_210,f_jpg?from=ke.com
20210128,福田区,华强南,东南看香港，卧室出阳台、中层视野好，业主诚心出售。,295万,中楼层                                    (共29层)                                                                      | 2012年建 |                                1室1厅 | 31.87平米                                  | 东南,http://ke-image.ljcdn.com/110000-inspection/pc1_1qrRtWo0f_1.jpg!m_fill,w_280,h_210,f_jpg?from=ke.com
20210128,福田区,华强南,嘉汇新城 1室0厅 东南,270万,低楼层                                    (共30层)                                                                      | 2000年建 |                                1室0厅 | 39.83平米                                  | 东南,http://ke-image.ljcdn.com/110000-inspection/pc1_Vci0Ihthf_1.jpg!m_fill,w_280,h_210,f_jpg?from=ke.com
20210128,福田区,华强南,桐林城市广场 2室1厅 南,300万,高楼层                                    (共5层)                                                                      | 2012年建 |                                2室1厅 | 67.45平米                                  | 南,http://ke-image.ljcdn.com/440300-inspection/4ebd4c8d-bd47-4ff7-968c-3715de9f24ef_1000.jpg!m_fill,w_280,h_210,f_jpg?from=ke.com
20210128,福田区,华强南,嘉汇新城 1室0厅 南,130万,低楼层                                    (共30层)                                                                      | 2000年建 |                                1室0厅 | 19.95平米                                  | 南,http://ke-image.ljcdn.com/110000-inspection/pc1_9l9uTelzY_1.jpg!m_fill,w_280,h_210,f_jpg?from=ke.com
20210128,福田区,华强南,裙楼复式设计，装修好，朝向好，有窗户,320万,高楼层                                    (共5层)                                                                      | 2012年建 |                                2室1厅 | 76.02平米                                  | 西南,http://ke-image.ljcdn.com/110000-inspection/pc1_UGTSjeXix_2.jpg!m_fill,w_280,h_210,f_jpg?from=ke.com
20210128,福田区,华强南,桐林城市广场 1室1厅 西北,220万,高楼层                                    (共4层)                                                                      | 2012年建 |                                1室1厅 | 69.85平米                                  | 西北,http://ke-image.ljcdn.com/110000-inspection/5aa7aea6-6776-4ca3-a838-a64f4af66cbb_1000.jpg!m_fill,w_280,h_210,f_jpg?from=ke.com
20210128,福田区,华强南,福田 精装修房子 便宜总价低 免增值税 业主急卖,190万,低楼层                                    (共30层)                                                                      | 2000年建 |                                1室1厅 | 30.49平米                                  | 东南,http://ke-image.ljcdn.com/110000-inspection/pc1_1utJluLS1_1.jpg!m_fill,w_280,h_210,f_jpg?from=ke.com
20210128,福田区,华强南,嘉汇新城，Qpark，诚心出售。。,210万,低楼层                                    (共30层)                                                                      | 2000年建 |                                1室0厅 | 29.59平米                                  | 南 北,http://ke-image.ljcdn.com/110000-inspection/pc1_gscN5wWqi_1.jpg!m_fill,w_280,h_210,f_jpg?from=ke.com
20210128,福田区,华强南,满五 地铁口物业  看房方便 办公产品 交通便利,103万,低楼层                                    (共51层)                                                                      | 2000年建 |                                1室0厅 | 39.72平米                                  | 南,http://ke-image.ljcdn.com/110000-inspection/pc1_WerbNDm7C_1.jpg!m_fill,w_280,h_210,f_jpg?from=ke.com
20210128,福田区,华强南,本房是酒店式一房，带稳定租金，统一运营，不用名-额,236万,低楼层                                    (共30层)                                                                      | 2000年建 |                                1室1厅 | 37.48平米                                  | 南,http://ke-image.ljcdn.com/110000-inspection/pc1_WMxUVyOd8_1.jpg!m_fill,w_280,h_210,f_jpg?from=ke.com
20210128,福田区,华强南,中海物业 近地铁  复式花园  诚意出售,2000万,高楼层                                    (共26层)                                                                      | 1999年建 |                                4室2厅 | 241.77平米                                  | 东 东南,http://ke-image.ljcdn.com/110000-inspection/pc1_pQ8v78lXw_1.jpg!m_fill,w_280,h_210,f_jpg?from=ke.com
20210128,福田区,华强南,繁华地段 近地铁 复式房 看房方便,1291万,中楼层                                    (共26层)                                                                      | 1999年建 |                                4室2厅 | 184.43平米                                  | 东北,http://ke-image.ljcdn.com/110000-inspection/pc1_wtkGiAstn_2.jpg!m_fill,w_280,h_210,f_jpg?from=ke.com
20210128,福田区,华强南,地铁口物业， 华强南，嘉汇新城 交通便利,199万,低楼层                                    (共30层)                                                                      | 2000年建 |                                1室0厅 | 36.46平米                                  | 东北,http://ke-image.ljcdn.com/110000-inspection/4529fc7f-9ea3-45f9-9b85-0b141c75895e_1000.jpg!m_fill,w_280,h_210,f_jpg?from=ke.com
20210128,福田区,华强南,玉丰楼70年产权街铺 还剩40多年 单价五字头！！！,395.7万,低楼层                                    (共9层)                                                                  1室1厅 | 76.14平米                                  | 南,http://ke-image.ljcdn.com/110000-inspection/pc1_OvLVCpt0z_1.jpg!m_fill,w_280,h_210,f_jpg?from=ke.com
20210128,福田区,华强南,嘉汇新城 1室1厅 东南,200万,低楼层                                    (共30层)                                                                      | 2000年建 |                                1室1厅 | 28.09平米                                  | 东南,http://ke-image.ljcdn.com/110000-inspection/pc1_yd1sy5Ui4_1.jpg!m_fill,w_280,h_210,f_jpg?from=ke.com
20210128,福田区,华强南,位置好，总价低，配套齐全，业主诚心卖,191万,低楼层                                    (共30层)                                                                      | 2000年建 |                                1室0厅 | 24.07平米                                  | 东,http://ke-image.ljcdn.com/110000-inspection/pc1_gN6FlfEtO_1.jpg!m_fill,w_280,h_210,f_jpg?from=ke.com
20210128,福田区,华强南,业主诚心卖，地段好，总价低，带租约交易省心,175万,低楼层                                    (共30层)                                                                      | 2000年建 |                                1室1厅 | 32.85平米                                  | 东,http://ke-image.ljcdn.com/110000-inspection/pc1_6zwskdWH2_1.jpg!m_fill,w_280,h_210,f_jpg?from=ke.com
20210128,福田区,华强南,国际文化大厦 1室0厅 南,190万,低楼层                                    (共35层)                                                                      | 2000年建 |                                1室0厅 | 47.14平米                                  | 南,http://ke-image.ljcdn.com/110000-inspection/pc1_Wn3LZKAdL_1.jpg!m_fill,w_280,h_210,f_jpg?from=ke.com
20210128,福田区,华强南,桐林城市广场 2室1厅 东南,400万,高楼层                                    (共5层)                                                                      | 2012年建 |                                2室1厅 | 49.52平米                                  | 东南,http://ke-image.ljcdn.com/110000-inspection/pc1_9ZzrZb0xx_1.jpg!m_fill,w_280,h_210,f_jpg?from=ke.com
20210128,福田区,华强南,桐林城市广场 1室1厅 西南,178万,低楼层                                    (共3层)                                                                      | 2012年建 |                                1室1厅 | 42.64平米                                  | 西南,http://ke-image.ljcdn.com/110000-inspection/pc1_bY7jZNUQU_1.jpg!m_fill,w_280,h_210,f_jpg?from=ke.com
20210128,福田区,华强南,国际文化大厦 单价低 业主诚心卖 满两年，总价低,260万,低楼层                                    (共35层)                                                                      | 2000年建 |                                1室1厅 | 74.67平米                                  | 东,http://ke-image.ljcdn.com/110000-inspection/pc1_GfiYYaJbt_1.jpg!m_fill,w_280,h_210,f_jpg?from=ke.com
20210128,福田区,华强南,小户型，酒店公寓，带长租不占名,200万,低楼层                                    (共30层)                                                                      | 2000年建 |                                1室0厅 | 27.75平米                                  | 东南,http://ke-image.ljcdn.com/440300-inspection/edfd075a-d734-4f24-9dfb-06e03a91632e_1000.jpg!m_fill,w_280,h_210,f_jpg?from=ke.com
20210128,福田区,华强南,南光捷佳大厦 大两房  双阳台 满五年唯一,600万,低楼层                                    (共34层)                                                                      | 2002年建 |                                2室1厅 | 80.84平米                                  | 西南,http://ke-image.ljcdn.com/110000-inspection/pc1_J2168gOhD_1.jpg!m_fill,w_280,h_210,f_jpg?from=ke.com
20210128,福田区,华强南,嘉汇新城 即买即出租 带稳定租约,186万,低楼层                                    (共30层)                                                                      | 2000年建 |                                1室1厅 | 31.15平米                                  | 东南,http://ke-image.ljcdn.com/110000-inspection/pc1_Bokw74efB_1.jpg!m_fill,w_280,h_210,f_jpg?from=ke.com
20210128,福田区,华强南,业主诚心卖，看房方便，户型方正,320万,高楼层                                    (共5层)                                                                      | 2012年建 |                                2室1厅 | 46.91平米                                  | 东南 西南,http://ke-image.ljcdn.com/110000-inspection/pc1_LKO2dKQAf.jpg!m_fill,w_280,h_210,f_jpg?from=ke.com
20210128,福田区,华强南,近1号线和7号线地铁  精装修好出租，配套齐全，诚心卖,150万,低楼层                                    (共30层)                                                                      | 2000年建 |                                1室0厅 | 29.24平米                                  | 东,http://ke-image.ljcdn.com/110000-inspection/pc1_D6pPBk4bi_1.jpg!m_fill,w_280,h_210,f_jpg?from=ke.com
20210128,福田区,华强南,华强商圈 ，复式大宅，地铁口物业,业主急售！,1650万,高楼层                                    (共26层)                                                                      | 1999年建 |                                4室2厅 | 353.15平米                                  | 南,http://ke-image.ljcdn.com/110000-inspection/pc1_nG75JjsJB_2.jpg!m_fill,w_280,h_210,f_jpg?from=ke.com
20210128,福田区,华强南,中间楼层，看房方便，总价低，6米层高复式房,165万,高楼层                                    (共5层)                                                                      | 2012年建 |                                2室1厅 | 66.7平米                                  | 东南,http://ke-image.ljcdn.com/110000-inspection/pc1_7sS7bmbwI_1.jpg!m_fill,w_280,h_210,f_jpg?from=ke.com
20210128,福田区,华强南,地段好，总价便宜，带装修的酒店式公寓，,188万,低楼层                                    (共30层)                                                                      | 2000年建 |                                1室1厅 | 28.77平米                                  | 南 北,http://ke-image.ljcdn.com/440300-inspection/e2dc8571-8f6d-4ce5-94cf-a0abaf0b9d6d_1000.jpg!m_fill,w_280,h_210,f_jpg?from=ke.com
20210128,福田区,华强南,嘉汇新城 1室1厅 东南,170万,低楼层                                    (共30层)                                                                      | 2000年建 |                                1室1厅 | 33.12平米                                  | 东南,http://ke-image.ljcdn.com/440300-inspection/pc1_3PjCjT1s2_2.jpg!m_fill,w_280,h_210,f_jpg?from=ke.com
20210128,福田区,华强南,地段好，总价便宜，带装修的酒店式公寓，,180万,低楼层                                    (共30层)                                                                      | 2000年建 |                                1室0厅 | 29.42平米                                  | 南,http://ke-image.ljcdn.com/440300-inspection/8d29ef27-50a7-4d22-b158-9a7f1ac17045_1000.jpg!m_fill,w_280,h_210,f_jpg?from=ke.com
20210128,福田区,华强南,满两年红本  税费少  看房方便  业主诚售,300万,高楼层                                    (共4层)                                                                      | 2012年建 |                                2室1厅 | 71.29平米                                  | 西,http://ke-image.ljcdn.com/440300-inspection/pc1_5Y1p2yjTK_1.jpg!m_fill,w_280,h_210,f_jpg?from=ke.com
20210128,福田区,华强南,华强北地段 酒店复式 带长期省心租约,168万,低楼层                                    (共30层)                                                                      | 2000年建 |                                1室1厅 | 32.85平米                                  | 东,http://ke-image.ljcdn.com/440300-inspection/8dcfff1c-e06d-4cfa-9f5e-7ec9e628596e_1000.jpg!m_fill,w_280,h_210,f_jpg?from=ke.com
20210128,福田区,华强南,华强北地段 酒店复式公寓 带长期省心租约,220万,低楼层                                    (共30层)                                                                      | 2000年建 |                                1室1厅 | 34.66平米                                  | 西南,http://ke-image.ljcdn.com/440300-inspection/700ed3ab-1ca5-4cd7-8836-d77271d6ca6f_1000.jpg!m_fill,w_280,h_210,f_jpg?from=ke.com
20210128,福田区,华强南,福田cbd旁，公园旁  装修漂亮 ，诚心出售。,250万,高楼层                                    (共5层)                                                                      | 2012年建 |                                2室2厅 | 46.58平米                                  | 东南,http://ke-image.ljcdn.com/440300-inspection/prod-2881ad2f-7927-4c4c-b469-12405e758414.jpg!m_fill,w_280,h_210,f_jpg?from=ke.com
20210128,福田区,华强南,满五年 70年住宅复式两层，民水民电，业主诚心卖！,1773万,中楼层                                    (共26层)                                                                      | 1999年建 |                                7室2厅 | 369.39平米                                  | 西,http://ke-image.ljcdn.com/440300-inspection/prod-cebc04bb-ac44-437b-92b6-ca0eb00e221b.jpg!m_fill,w_280,h_210,f_jpg?from=ke.com
20210128,福田区,华强南,桐林裙楼，总价低，好出租....,160万,低楼层                                    (共3层)                                                                      | 2012年建 |                                1室1厅 | 40.18平米                                  | 西南,http://ke-image.ljcdn.com/440300-inspection/prod-d99ba2ef-1287-4a7b-8249-eb6c0651b4bd.jpg!m_fill,w_280,h_210,f_jpg?from=ke.com
20210128,福田区,华强南,嘉汇新城 Qrk公寓出售 业主诚心卖 红本在手,199万,低楼层                                    (共30层)                                                                      | 2000年建 |                                1室0厅 | 32.47平米                                  | 南,http://ke-image.ljcdn.com/110000-inspection/pc1_fuqgOxC1U_1.jpg!m_fill,w_280,h_210,f_jpg?from=ke.com
20210128,福田区,华强南,优质桐林复式裙楼，不占名，可注册公司，使用率高。,160万,低楼层                                    (共3层)                                                                      | 2012年建 |                                1室1厅 | 48.56平米                                  | 东南 南,http://ke-image.ljcdn.com/440300-inspection/prod-e3df38b5-dbb7-488f-a78e-a900b9b35ff4.jpg!m_fill,w_280,h_210,f_jpg?from=ke.com
20210128,福田区,华强南,桐林城市深圳公园复式办公，环境舒适，地理位置好,200万,高楼层                                    (共5层)                                                                      | 2012年建 |                                1室1厅 | 40.26平米                                  | 东南 西北,http://ke-image.ljcdn.com/440300-inspection/07505638-1640-4ec0-ae38-dcb179dcfbe7_1000.jpg!m_fill,w_280,h_210,f_jpg?from=ke.com
20210128,福田区,华强南,通透户型 满五年 16年小区 精装修新上,2000万,中楼层                                    (共39层)                                                                      | 2016年建 |                                4室2厅 | 155.04平米                                  | 西,http://ke-image.ljcdn.com/110000-inspection/pc1_Qmpqag15M_1.jpg!m_fill,w_280,h_210,f_jpg?from=ke.com
20210128,福田区,华强南,满五年唯一住宅，看市政公园景观，方正通透，装修好！新上,2300万,中楼层                                    (共31层)                                                                      | 2016年建 |                                4室2厅 | 176.28平米                                  | 西,http://ke-image.ljcdn.com/110000-inspection/pc1_XmUFy0Cln_1.jpg!m_fill,w_280,h_210,f_jpg?from=ke.com
20210128,福田区,华强南,高层南北通，户型方正带阳台，满五唯一诚心出售,920万,高楼层                                    (共31层)                                                                      | 2001年建 |                                3室1厅 | 113.28平米                                  | 西南,http://ke-image.ljcdn.com/hdic-frame/a162bd2b-6831-4cd7-b039-7c3d4fd85563.png!m_fill,w_280,h_210,f_jpg?from=ke.com
20210128,福田区,华强南,此房红本在手满五年，税费少，近6号线科学馆站，新上,890万,中楼层                                    (共7层)                                                                      | 1988年建 |                                3室1厅 | 95.74平米                                  | 南,http://ke-image.ljcdn.com/hdic-frame/befcd429-8ce1-4a23-aab2-2936c8c72ca5.png!m_fill,w_280,h_210,f_jpg?from=ke.com
20210128,福田区,华强南,桐林公寓 1室0厅 北新上,205万,中楼层                                    (共29层)                                                                      | 2012年建 |                                1室0厅 | 18.69平米                                  | 北,http://ke-image.ljcdn.com/hdic-frame/standard_970d9067-1cca-4396-9a4d-5253b9c08e6c.png!m_fill,w_280,h_210,f_jpg?from=ke.com
20210128,福田区,华强南,满5年，无个税，中间楼层，看房方便,220万,中楼层                                    (共29层)                                                                      | 2012年建 |                                1室1厅 | 23.06平米                                  | 东南,http://ke-image.ljcdn.com/hdic-frame/standard_58923fb2-f174-4f4a-b71c-b40b9e6fedff.png!m_fill,w_280,h_210,f_jpg?from=ke.com
20210128,福田区,华强南,此房满五唯一，格局通透明亮，业主诚心卖。,705万,高楼层                                    (共31层)                                                                      | 2001年建 |                                2室2厅 | 75.72平米                                  | 南,http://ke-image.ljcdn.com/hdic-frame/79569086-faa0-41e9-af6c-f29719788744.png!m_fill,w_280,h_210,f_jpg?from=ke.com
20210128,福田区,华强南,看公园  业主诚心出售  看房预约 可签约,203万,高楼层                                    (共29层)                                                                      | 2012年建 |                                1室0厅 | 21平米                                  | 西南,http://ke-image.ljcdn.com/hdic-frame/01f5aad6-90f9-4420-bbc3-d09bf504f32d.png!m_fill,w_280,h_210,f_jpg?from=ke.com
20210128,福田区,华强南,中电大院 4室2厅 东南,1190万,中楼层                                    (共6层)                                                                      | 1984年建 |                                4室2厅 | 146.89平米                                  | 东南,http://ke-image.ljcdn.com/440300-frame/135badd2-03e1-4089-a5eb-54a8e7eb0b50.jpg!m_fill,w_280,h_210,f_jpg?from=ke.com
20210128,福田区,华强南,满五年              业主诚心卖,230万,中楼层                                    (共29层)                                                                      | 2012年建 |                                1室0厅 | 24.37平米                                  | 东南,http://ke-image.ljcdn.com/hdic-frame/d3030cca-d770-4b1a-ae57-555873da8288.png!m_fill,w_280,h_210,f_jpg?from=ke.com
20210128,福田区,华强南,满五税费低，采光好，业主诚心卖,210万,低楼层                                    (共29层)                                                                      | 2012年建 |                                1室0厅 | 21平米                                  | 西南,http://ke-image.ljcdn.com/hdic-frame/906af63a-f73a-4472-898f-c9cc24e5626a.png!m_fill,w_280,h_210,f_jpg?from=ke.com
20210128,福田区,华强南,华强南  满五唯一 税少 户型方正 看房方便,565万,高楼层                                    (共30层)                                                                      | 2000年建 |                                2室1厅 | 59.26平米                                  | 西北,http://ke-image.ljcdn.com/440300-inspection/prod-1a79e5ee-9f73-4381-afc3-0b29afc30163.jpg!m_fill,w_280,h_210,f_jpg?from=ke.com
20210128,福田区,华强南,华强南商圈 满5唯一 税少  少有放卖,830万,低楼层                                    (共6层)                                                                      | 2000年建 |                                2室1厅 | 70平米                                  | 南,http://ke-image.ljcdn.com/hdic-frame/3387fe0c-1831-4a49-b283-1f09123a58c7.png!m_fill,w_280,h_210,f_jpg?from=ke.com
20210128,福田区,华强南,满五唯一 业主诚心卖 满五唯一 交通便利 配套成熟,750万,低楼层                                    (共28层)                                                                      | 1994年建 |                                2室1厅 | 92.76平米                                  | 东北,http://ke-image.ljcdn.com/hdic-frame/7992f62b-ea40-4d2a-8e48-c3cd37c08544.png!m_fill,w_280,h_210,f_jpg?from=ke.com
20210128,福田区,华强南,嘉汇新城，Qpark，诚心出售。。,185万,低楼层                                    (共30层)                                                                      | 2000年建 |                                1室1厅 | 29.42平米                                  | 东,http://ke-image.ljcdn.com/110000-inspection/e994ccafd00ade3b587058f2d2bbba3b-029.jpg!m_fill,w_280,h_210,f_jpg?from=ke.com
20210128,福田区,华强南,嘉汇新城，Qpark，诚心出售。。,185万,低楼层                                    (共30层)                                                                      | 2000年建 |                                1室1厅 | 29.18平米                                  | 东,http://ke-image.ljcdn.com/110000-inspection/d02a71bd9eb1577d57ff34dc223e138e-079.jpg!m_fill,w_280,h_210,f_jpg?from=ke.com
20210128,福田区,华强南,嘉汇新城，Qpark，诚心出售。。,198万,低楼层                                    (共30层)                                                                      | 2000年建 |                                1室0厅 | 29.13平米                                  | 西南,http://ke-image.ljcdn.com/110000-inspection/0ce08094cf2d338151cc5d1e80569af5-043.jpg!m_fill,w_280,h_210,f_jpg?from=ke.com
20210128,福田区,华强南,此房满五唯一红本在，户型格局明亮通透，采光通风好,203万,中楼层                                    (共29层)                                                                      | 2012年建 |                                1室0厅 | 21平米                                  | 东,http://ke-image.ljcdn.com/hdic-frame/50db020d-bb8a-4444-90f9-071d3d2f44bc.png!m_fill,w_280,h_210,f_jpg?from=ke.com
20210128,福田区,华强南,南光捷佳大厦 1室1厅 东南,278万,中楼层                                    (共34层)                                                                      | 2002年建 |                                1室1厅 | 44.05平米                                  | 东南,http://ke-image.ljcdn.com/hdic-frame/0a51c522-a90d-4d7d-a8d4-658ad156016a.png!m_fill,w_280,h_210,f_jpg?from=ke.com
20210128,福田区,华强南,满五唯一，税费少，高楼层，通风采光好,330万,高楼层                                    (共33层)                                                                      | 2007年建 |                                1室1厅 | 36.89平米                                  | 南,http://ke-image.ljcdn.com/hdic-frame/17c08b23-35be-4189-b77d-e20d5767cb88.png!m_fill,w_280,h_210,f_jpg?from=ke.com
20210128,福田区,华强南,华强北地段，交通便利。本带稳定租金7500每月,200万,低楼层                                    (共30层)                                                                      | 2000年建 |                                1室1厅 | 32.46平米                                  | 南,http://ke-image.ljcdn.com/110000-inspection/2311dec755f59a68b2ad6f99ef1ffba1-046.jpg!m_fill,w_280,h_210,f_jpg?from=ke.com
20210128,福田区,华强南,嘉汇新城 1室0厅 南,200万,低楼层                                    (共30层)                                                                      | 2000年建 |                                1室0厅 | 29.42平米                                  | 南,http://ke-image.ljcdn.com/110000-inspection/09492d3323a6aedb8424045f48a21919-008.jpg!m_fill,w_280,h_210,f_jpg?from=ke.com
20210128,福田区,华强南,五年难出一套，车位充足，看整个公园环境，户型方正,900万,高楼层                                    (共32层)                                                                      | 2004年建 |                                3室1厅 | 93.11平米                                  | 西南,http://ke-image.ljcdn.com/440300-frame/c6b4a5c2-9ccc-4fe8-a6dc-7287d36002832.jpg!m_fill,w_280,h_210,f_jpg?from=ke.com
20210128,福田区,华强南,嘉汇新城嘉汇城Qpark华强北地段,180万,低楼层                                    (共30层)                                                                      | 2000年建 |                                1室1厅 | 34.58平米                                  | 东南,http://ke-image.ljcdn.com/110000-inspection/36d4ec47fd6948ec9fa9c965253f0b68-019.jpg!m_fill,w_280,h_210,f_jpg?from=ke.com
20210128,福田区,华强南,南光捷佳大厦 满五唯一，业主诚心卖,620万,低楼层                                    (共34层)                                                                      | 2002年建 |                                2室1厅 | 80.84平米                                  | 西南,http://ke-image.ljcdn.com/hdic-frame/982afca2-c42a-4c3d-a9d1-7a157566fb70.png!m_fill,w_280,h_210,f_jpg?from=ke.com
20210128,福田区,华强南,朝南方正户型 视野开阔 采光通风好 满两年,129万,低楼层                                    (共35层)                                                                      | 2000年建 |                                1室1厅 | 42.85平米                                  | 东南,http://ke-image.ljcdn.com/440300-inspection/0893de43-3595-48f9-a1c4-0173b63c5759.jpg!m_fill,w_280,h_210,f_jpg?from=ke.com
20210128,福田区,华强南,华强北商圈，地段好，管理费便宜 交通便利，业主急售,160万,中楼层                                    (共5层)                                                                      | 1999年建 |                                1室0厅 | 32.63平米                                  | 东南,http://ke-image.ljcdn.com/110000-inspection/d1769b0c96fc4e5e71d6be77431fc265-030.jpg!m_fill,w_280,h_210,f_jpg?from=ke.com
20210128,福田区,华强南,朝南向，单价低 面积大 本房是单身舍,420万,高楼层                                    (共40层)                                                                      | 1996年建 |                                4室2厅 | 140.25平米                                  | 南,http://ke-image.ljcdn.com/440300-inspection/eeacae48-e386-4d16-853c-2365260a8405.jpg!m_fill,w_280,h_210,f_jpg?from=ke.com
20210128,福田区,华强南,捷佳大厦高楼层 户型方正 听出阳台 看公园美景 满五年必看好房,430万,高楼层                                    (共34层)                                                                      | 2002年建 |                                2室1厅 | 58.33平米                                  | 东南,http://ke-image.ljcdn.com/440300-inspection/88ffcaae-54aa-4144-9ccc-901223f36361.jpg!m_fill,w_280,h_210,f_jpg?from=ke.com
20210128,福田区,华强南,花园社区，本房满5年，免增值税，复式一本证两套房,1575万,高楼层                                    (共30层)                                                                      | 1999年建 |                                7室2厅 | 210平米                                  | 东南,http://ke-image.ljcdn.com/440300-frame/0e04bc37-b751-42dd-9b82-d11f96b3a789.JPG!m_fill,w_280,h_210,f_jpg?from=ke.com
20210128,福田区,华强南,中通锦龙花园，12年的小区，满二红本在手,1020万,高楼层                                    (共19层)                                                                      | 2012年建 |                                3室2厅 | 111.62平米                                  | 南 北,http://ke-image.ljcdn.com/440300-inspection/rsp_pic_upload721b296a-f55a-491c-bf40-52b4adb3ae4d.jpg!m_fill,w_280,h_210,f_jpg?from=ke.com
20210128,福田区,华强南,桐林城市广场复式办公，不用资质，笋盘急售，看房方便,355万,低楼层                                    (共3层)                                                                      | 2012年建 |                                3室1厅 | 102.51平米                                  | 东,http://ke-image.ljcdn.com/440300-inspection/4522c614-5aa3-4305-bd76-1dfda28d7fa6.jpg!m_fill,w_280,h_210,f_jpg?from=ke.com
20210128,福田区,华强南,满五唯一，税费少，带花园，随时签约,800万,高楼层                                    (共7层)                                                                  3室1厅 | 98.5平米                                  | 南,http://s1.ljcdn.com/pegasus/redskull/images/common/default_house_list.png?_v=202101261829353
20210128,福田区,华强南,国际文化大厦 2室1厅 南,288万,低楼层                                    (共35层)                                                                      | 2000年建 |                                2室1厅 | 73.66平米                                  | 南,http://s1.ljcdn.com/pegasus/redskull/images/common/default_house_list.png?_v=202101261829353
20210128,福田区,华强南,嘉汇新城 1室0厅 南,222万,低楼层                                    (共30层)                                                                      | 2000年建 |                                1室0厅 | 31.64平米                                  | 南,http://s1.ljcdn.com/pegasus/redskull/images/common/default_house_list.png?_v=202101261829353
20210128,福田区,华强南,嘉汇新城 1室0厅 南,160万,低楼层                                    (共30层)                                                                      | 2000年建 |                                1室0厅 | 21.07平米                                  | 南,http://s1.ljcdn.com/pegasus/redskull/images/common/default_house_list.png?_v=202101261829353
20210128,福田区,华强南,华强南 带长期省心租约 适合买来收租和自用 交通便利,330万,低楼层                                    (共30层)                                                                      | 2000年建 |                                1室1厅 | 46.2平米                                  | 东南,http://s1.ljcdn.com/pegasus/redskull/images/common/default_house_list.png?_v=202101261829353
20210128,福田区,华强南,此房可以租金低月供，看房提前预约,145万,中楼层                                    (共35层)                                                                      | 2000年建 |                                1室0厅 | 44.87平米                                  | 南,http://s1.ljcdn.com/pegasus/redskull/images/common/default_house_list.png?_v=202101261829353
20210128,福田区,华强南,嘉汇新城 1室1厅 南,180万,低楼层                                    (共30层)                                                                      | 2000年建 |                                1室1厅 | 28.28平米                                  | 南,http://s1.ljcdn.com/pegasus/redskull/images/common/default_house_list.png?_v=202101261829353
20210128,福田区,华强南,华强北地段 酒店式管理 带长期省心租约 不占名,280万,低楼层                                    (共30层)                                                                      | 2000年建 |                                1室1厅 | 31.51平米                                  | 南,http://s1.ljcdn.com/pegasus/redskull/images/common/default_house_list.png?_v=202101261829353
20210128,福田区,华强南,华垦大厦 3室2厅 南 东,500万,中楼层                                    (共24层)                                                                      | 1986年建 |                                3室2厅 | 76.09平米                                  | 南 东,http://s1.ljcdn.com/pegasus/redskull/images/common/default_house_list.png?_v=202101261829353
20210128,福田区,华强南,华强北地段 酒店式 带长期省心租约 不占名,206万,低楼层                                    (共30层)                                                                      | 2000年建 |                                1室1厅 | 31.24平米                                  | 南,http://s1.ljcdn.com/pegasus/redskull/images/common/default_house_list.png?_v=202101261829353
20210128,福田区,华强南,华强北地段 酒店复式 带长期省心租约 不占名,270万,低楼层                                    (共30层)                                                                      | 2000年建 |                                1室1厅 | 39.15平米                                  | 南,http://s1.ljcdn.com/pegasus/redskull/images/common/default_house_list.png?_v=202101261829353
20210128,福田区,华强南,地段好，空中花园，带游泳池，交通便利，配套齐全,206万,低楼层                                    (共30层)                                                                      | 2000年建 |                                1室1厅 | 32.85平米                                  | 东南,http://s1.ljcdn.com/pegasus/redskull/images/common/default_house_list.png?_v=202101261829353
20210128,福田区,华强南,厅出阳台，公园旁，近学 校，读书十二年不用出远门,438万,中楼层                                    (共24层)                                                                      | 2004年建 |                                1室1厅 | 42.33平米                                  | 东南 南,http://s1.ljcdn.com/pegasus/redskull/images/common/default_house_list.png?_v=202101261829353
