20210126,白云,元下田,满五唯一，户型格局端正，中楼层，实用率高,130万,中楼层                                    (共9层)                                                                      | 1999年建 |                                2室1厅 | 61.62平米                                  | 西北,http://ke-image.ljcdn.com/110000-inspection/pc1_i7tMoOpHp.jpg!m_fill,w_280,h_210,f_jpg?from=ke.com
20210126,白云,元下田,近安华汇准电梯房采光通风好业主诚意出售附全屋家具,138万,高楼层                                    (共9层)                                                                      | 1999年建 |                                2室2厅 | 61.85平米                                  | 西,http://ke-image.ljcdn.com/110000-inspection/pc1_mC3Fux9us_1.jpg!m_fill,w_280,h_210,f_jpg?from=ke.com
20210126,白云,元下田,春庭花园 中层小三房 装修保养好 户型方正,144万,中楼层                                    (共9层)                                                                      | 1999年建 |                                3室1厅 | 61.07平米                                  | 西北,http://ke-image.ljcdn.com/110000-inspection/pc1_fBaodpEUp.jpg!m_fill,w_280,h_210,f_jpg?from=ke.com
20210126,白云,元下田,春庭花园 电梯楼 两居室 望白云山 景色宜人,199万,高楼层                                    (共9层)                                                                      | 1998年建 |                                2室1厅 | 78.52平米                                  | 东,http://ke-image.ljcdn.com/110000-inspection/pc1_Falddr4yv.jpg!m_fill,w_280,h_210,f_jpg?from=ke.com
20210126,白云,元下田,春庭花园 电梯两房，满五唯一，三号线白云大道北600米,92万,高楼层                                    (共9层)                                                                      | 1999年建 |                                2室1厅 | 35.4平米                                  | 东南,http://ke-image.ljcdn.com/110000-inspection/pc1_kpkkwymdj.jpg!m_fill,w_280,h_210,f_jpg?from=ke.com
20210126,白云,元下田,云山居南向2房,通风采光好,户型方正实用,楼层好,205万,中楼层                                    (共5层)                                                                      | 2000年建 |                                2室2厅 | 69.33平米                                  | 南,http://ke-image.ljcdn.com/110000-inspection/pc1_9tyueAj6k.jpg!m_fill,w_280,h_210,f_jpg?from=ke.com
20210126,白云,元下田,保利白云山庄 中层三房两卫 朝向户型好 通风采光足,430万,中楼层                                    (共6层)                                                                      | 2001年建 |                                3室2厅 | 104.97平米                                  | 西南,http://ke-image.ljcdn.com/110000-inspection/pc1_xuVuwfgXp.jpg!m_fill,w_280,h_210,f_jpg?from=ke.com
20210126,白云,元下田,春鸿居  安静两房  东南向舒适型两房,125万,低楼层                                    (共9层)                                                                      | 1997年建 |                                2室1厅 | 45.39平米                                  | 东南,http://ke-image.ljcdn.com/110000-inspection/pc1_nCn0IZgl2.jpg!m_fill,w_280,h_210,f_jpg?from=ke.com
20210126,白云,元下田,春鸿居 两房一厅 东南向 采光通风好,128万,中楼层                                    (共9层)                                                                      | 1997年建 |                                2室1厅 | 45.39平米                                  | 西,http://ke-image.ljcdn.com/110000-inspection/pc1_groYOzZgQ_2.jpg!m_fill,w_280,h_210,f_jpg?from=ke.com
20210126,白云,元下田,云山居 精装两居室 安静 东南向 冬暖夏凉,220万,中楼层                                    (共6层)                                                                      | 2000年建 |                                2室2厅 | 69.13平米                                  | 东南,http://ke-image.ljcdn.com/110000-inspection/pc1_4gsDaobfC.jpg!m_fill,w_280,h_210,f_jpg?from=ke.com
20210126,白云,元下田,精装修，方正户型，全明两房，中低楼层,120万,低楼层                                    (共9层)                                                                      | 1997年建 |                                2室1厅 | 42.78平米                                  | 东北,http://ke-image.ljcdn.com/110000-inspection/pc1_UttaRb0E2.jpg!m_fill,w_280,h_210,f_jpg?from=ke.com
20210126,白云,元下田,云山居 3室2厅 南,360万,中楼层                                    (共5层)                                                                      | 2000年建 |                                3室2厅 | 89.8平米                                  | 南,http://ke-image.ljcdn.com/110000-inspection/pc1_MQBkqrYkG.jpg!m_fill,w_280,h_210,f_jpg?from=ke.com
20210126,白云,元下田,云山居 2室2厅 东北,260万,中楼层                                    (共5层)                                                                      | 2000年建 |                                2室2厅 | 85平米                                  | 东北,http://ke-image.ljcdn.com/110000-inspection/pc1_oSgqv5ZNt.jpg!m_fill,w_280,h_210,f_jpg?from=ke.com
20210126,白云,元下田,春庭花园，电梯房，精装修，中楼层,85万,中楼层                                    (共8层)                                                                      | 1999年建 |                                1室1厅 | 31.48平米                                  | 东北,http://ke-image.ljcdn.com/440100-inspection/prod-c8813918-af5d-4c32-97e3-766cd1ab5f1d.png!m_fill,w_280,h_210,f_jpg?from=ke.com
20210126,白云,元下田,满五唯一，精致装修，中层三房，户型好，通风采光足,320万,中楼层                                    (共5层)                                                                      | 2000年建 |                                3室2厅 | 106平米                                  | 南,http://ke-image.ljcdn.com/110000-inspection/pc1_Brjix5SB1.jpg!m_fill,w_280,h_210,f_jpg?from=ke.com
20210126,白云,元下田,春庭花园 满五唯一 带大平台 保养新净,239万,低楼层                                    (共9层)                                                                      | 1999年建 |                                3室2厅 | 93.47平米                                  | 南,http://ke-image.ljcdn.com/110000-inspection/pc1_DC2VbzIde.jpg!m_fill,w_280,h_210,f_jpg?from=ke.com
20210126,白云,元下田,中楼层准电梯房，视野通风性好，婚房，装修保养好,240万,中楼层                                    (共9层)                                                                      | 1997年建 |                                2室2厅 | 92.14平米                                  | 东南,http://ke-image.ljcdn.com/110000-inspection/pc1_DSXgGSukQ.jpg!m_fill,w_280,h_210,f_jpg?from=ke.com
20210126,白云,元下田,中高楼层，南向望小区，安静舒适,182万,高楼层                                    (共6层)                                                                      | 2000年建 |                                2室1厅 | 74.98平米                                  | 东南,http://ke-image.ljcdn.com/110000-inspection/pc1_2a6cbs0UT.jpg!m_fill,w_280,h_210,f_jpg?from=ke.com
20210126,白云,元下田,春晖苑小高层洋房，密度低，人车分流，小区环境好,335万,中楼层                                    (共5层)                                                                      | 2009年建 |                                3室2厅 | 94.36平米                                  | 东北,http://ke-image.ljcdn.com/110000-inspection/pc1_gihPWjhwr_1.jpg!m_fill,w_280,h_210,f_jpg?from=ke.com
20210126,白云,元下田,春庭花园 正规两居室 电梯房 精致装修 安静 一线山景,208万,高楼层                                    (共8层)                                                                      | 1999年建 |                                2室2厅 | 75.93平米                                  | 西南,http://ke-image.ljcdn.com/110000-inspection/pc1_itGmxNerg.jpg!m_fill,w_280,h_210,f_jpg?from=ke.com
20210126,白云,元下田,云山居方正两房，东南向，望白云山，房子过五年,203万,高楼层                                    (共6层)                                                                      | 2000年建 |                                2室1厅 | 77.11平米                                  | 东南,http://ke-image.ljcdn.com/110000-inspection/pc1_qxrwM3hln.jpg!m_fill,w_280,h_210,f_jpg?from=ke.com
20210126,白云,元下田,云山居三房，满五唯一，户型方正，安静舒适。,269万,中楼层                                    (共5层)                                                                      | 2000年建 |                                3室1厅 | 91平米                                  | 北,http://ke-image.ljcdn.com/110000-inspection/pc1_cU8RYrXXK.jpg!m_fill,w_280,h_210,f_jpg?from=ke.com
20210126,白云,元下田,云山居 通风采光足位置安静 低密度高绿化超宜居,210万,中楼层                                    (共6层)                                                                      | 2000年建 |                                2室2厅 | 69.49平米                                  | 西,http://ke-image.ljcdn.com/110000-inspection/pc1_dQCrmzp62.jpg!m_fill,w_280,h_210,f_jpg?from=ke.com
20210126,白云,元下田,春庭花园 中楼层 保养好 业主诚心卖,250万,高楼层                                    (共9层)                                                                      | 1999年建 |                                3室2厅 | 104.1平米                                  | 西北,http://ke-image.ljcdn.com/110000-inspection/pc1_ERqDSRF5q_2.jpg!m_fill,w_280,h_210,f_jpg?from=ke.com
20210126,白云,元下田,云山居白云山脚下 空气环境优 适合长辈和小朋友,215万,中楼层                                    (共6层)                                                                      | 2000年建 |                                2室1厅 | 76.8平米                                  | 西南,http://ke-image.ljcdn.com/110000-inspection/pc1_wJx1hmiqr.jpg!m_fill,w_280,h_210,f_jpg?from=ke.com
20210126,白云,元下田,云山居 白云山脚下方正两居室 安静望花园,205万,高楼层                                    (共5层)                                                                      | 2000年建 |                                2室1厅 | 74.35平米                                  | 东北,http://ke-image.ljcdn.com/440100-inspection/prod-8ab18997-c63b-4a9c-8214-989325e8b57c.jpg!m_fill,w_280,h_210,f_jpg?from=ke.com
20210126,白云,元下田,云山居。中低楼层，东南朝向，卧室居住分明，宽敞舒服,230万,中楼层                                    (共6层)                                                                      | 2000年建 |                                2室1厅 | 79.84平米                                  | 南 北,http://ke-image.ljcdn.com/110000-inspection/pc1_6Kek6Avhe.jpg!m_fill,w_280,h_210,f_jpg?from=ke.com
20210126,白云,元下田,广州道路工程研究所 南北通透 电梯三房 安华汇旁,235万,高楼层                                    (共6层)                                                                  3室2厅 | 105.35平米                                  | 南 北,http://ke-image.ljcdn.com/110000-inspection/pc1_DdIptUybQ.jpg!m_fill,w_280,h_210,f_jpg?from=ke.com
20210126,白云,元下田,云山居 安静2房 望白云山 户型方正,178万,高楼层                                    (共6层)                                                                      | 2000年建 |                                2室1厅 | 67.02平米                                  | 东北,http://ke-image.ljcdn.com/440100-inspection/pc1_4hljt1ePh_1.jpg!m_fill,w_280,h_210,f_jpg?from=ke.com
20210126,白云,元下田,春鸿居高层两房 方正实用 采光视野好,153万,高楼层                                    (共9层)                                                                      | 1997年建 |                                2室2厅 | 59.98平米                                  | 南,http://ke-image.ljcdn.com/110000-inspection/pc1_LU1g5ahCK_1.jpg!m_fill,w_280,h_210,f_jpg?from=ke.com
20210126,白云,元下田,春庭花园   中楼层   保养好  业主诚心卖,138万,中楼层                                    (共9层)                                                                      | 1999年建 |                                2室1厅 | 61.42平米                                  | 西北,http://ke-image.ljcdn.com/110000-inspection/pc1_NuDl1Uy50.jpg!m_fill,w_280,h_210,f_jpg?from=ke.com
20210126,白云,元下田,中低楼层，户型格局方正，南向望小区，安静舒适,155万,低楼层                                    (共9层)                                                                      | 1997年建 |                                2室1厅 | 62.26平米                                  | 西南,http://ke-image.ljcdn.com/110000-inspection/pc1_yPVCml0vC.jpg!m_fill,w_280,h_210,f_jpg?from=ke.com
20210126,白云,元下田,满五唯一 南向2房 视野好采光通风好,214万,高楼层                                    (共8层)                                                                      | 1996年建 |                                2室2厅 | 86.18平米                                  | 南,http://ke-image.ljcdn.com/110000-inspection/pc1_aoEr2TE69.jpg!m_fill,w_280,h_210,f_jpg?from=ke.com
20210126,白云,元下田,云山居  采光充足 户型方正 小区环境好 空气好,295万,高楼层                                    (共5层)                                                                      | 2000年建 |                                3室2厅 | 105.93平米                                  | 东北,http://ke-image.ljcdn.com/110000-inspection/pc1_X5Pzely5g.jpg!m_fill,w_280,h_210,f_jpg?from=ke.com
20210126,白云,元下田,云山居 白云山脚下三房带花园  证过五年,310万,低楼层                                    (共5层)                                                                      | 2000年建 |                                3室2厅 | 105.11平米                                  | 北,http://ke-image.ljcdn.com/440100-inspection/pc1_rZQGgfEsE_1.jpg!m_fill,w_280,h_210,f_jpg?from=ke.com
20210126,白云,元下田,春庭花园  安华汇旁  采光好,166万,高楼层                                    (共9层)                                                                      | 1999年建 |                                3室1厅 | 71.79平米                                  | 西北,http://ke-image.ljcdn.com/110000-inspection/pc1_Yjk319wjr_1.jpg!m_fill,w_280,h_210,f_jpg?from=ke.com
20210126,白云,元下田,春鸿居 中高楼层 采光通风优良  陈田公园旁,100万,高楼层                                    (共9层)                                                                      | 1997年建 |                                1室1厅 | 41.07平米                                  | 东北,http://ke-image.ljcdn.com/110000-inspection/pc1_pBLmSOYoh.jpg!m_fill,w_280,h_210,f_jpg?from=ke.com
20210126,白云,元下田,云山居 采光好 南北对流 通风舒适 西南向,265万,中楼层                                    (共5层)                                                                      | 2000年建 |                                3室2厅 | 83平米                                  | 西南,http://ke-image.ljcdn.com/110000-inspection/pc1_SBVkKPUK0.jpg!m_fill,w_280,h_210,f_jpg?from=ke.com
20210126,白云,元下田,外语外贸 实用两房 一楼带花园,500万,低楼层                                    (共4层)                                                                      | 1995年建 |                                2室2厅 | 66.39平米                                  | 南,http://ke-image.ljcdn.com/110000-inspection/pc1_0CTMazVs3.jpg!m_fill,w_280,h_210,f_jpg?from=ke.com
20210126,白云,元下田,春晖苑小高层电梯房，中楼层望花园装修保养好，过五,260万,中楼层                                    (共5层)                                                                      | 2009年建 |                                2室2厅 | 64.13平米                                  | 东 东南,http://ke-image.ljcdn.com/110000-inspection/pc1_0fnTXPsM6.jpg!m_fill,w_280,h_210,f_jpg?from=ke.com
20210126,白云,元下田,春庭花园 方正一房 光线充足 装修新,91万,低楼层                                    (共2层)                                                                      | 1999年建 |                                1室1厅 | 45.49平米                                  | 东南,http://ke-image.ljcdn.com/110000-inspection/pc1_SzruUAlui.jpg!m_fill,w_280,h_210,f_jpg?from=ke.com
20210126,白云,元下田,春庭花园 房子满五唯一  视野采光好 小区交通方便便捷,151万,高楼层                                    (共9层)                                                                      | 1999年建 |                                2室2厅 | 68.57平米                                  | 西,http://ke-image.ljcdn.com/110000-inspection/pc1_9cNlWh7iu.jpg!m_fill,w_280,h_210,f_jpg?from=ke.com
20210126,白云,元下田,云山居中层大三房 户型实用 公摊少,309万,中楼层                                    (共6层)                                                                      | 2000年建 |                                3室2厅 | 101.77平米                                  | 东南,http://ke-image.ljcdn.com/110000-inspection/pc1_sA5zn7UwE.jpg!m_fill,w_280,h_210,f_jpg?from=ke.com
20210126,白云,元下田,中楼层，西南向望花园，得房率高,200万,中楼层                                    (共5层)                                                                      | 2000年建 |                                2室2厅 | 77.3平米                                  | 南,http://ke-image.ljcdn.com/110000-inspection/pc1_qrRktn9JF_1.jpg!m_fill,w_280,h_210,f_jpg?from=ke.com
20210126,白云,元下田,云山居 低楼层 生活便利 房子满五年 业主红本在手,230万,中楼层                                    (共5层)                                                                      | 2000年建 |                                2室1厅 | 84.41平米                                  | 东北,http://ke-image.ljcdn.com/110000-inspection/pc1_F2muprR5E.jpg!m_fill,w_280,h_210,f_jpg?from=ke.com
20210126,白云,元下田,云山居 满五唯一 采光好 装修保养好 安静,212万,低楼层                                    (共6层)                                                                      | 2000年建 |                                2室2厅 | 69.49平米                                  | 西,http://ke-image.ljcdn.com/110000-inspection/pc1_D2K7jZqTT.jpg!m_fill,w_280,h_210,f_jpg?from=ke.com
20210126,白云,元下田,云山居 装修保养好 户型方正 采光充足,190万,高楼层                                    (共6层)                                                                      | 2000年建 |                                2室1厅 | 71.83平米                                  | 东北,http://ke-image.ljcdn.com/110000-inspection/pc1_yGum4vDgP.jpg!m_fill,w_280,h_210,f_jpg?from=ke.com
20210126,白云,元下田,业主诚心售卖 云山居大三房 宽敞舒服,316万,中楼层                                    (共5层)                                                                      | 2000年建 |                                3室2厅 | 101.57平米                                  | 西北,http://ke-image.ljcdn.com/110000-inspection/pc1_T26TEqX7k.jpg!m_fill,w_280,h_210,f_jpg?from=ke.com
20210126,白云,元下田,春鸿居 中楼层  采光通风优良 陈田公园旁,156万,中楼层                                    (共9层)                                                                      | 1997年建 |                                2室2厅 | 59.8平米                                  | 南,http://ke-image.ljcdn.com/110000-inspection/27671395-873e-49c5-b378-dbdfbfdb3c84_1000.jpg!m_fill,w_280,h_210,f_jpg?from=ke.com
20210126,白云,元下田,春庭花园 近白云山 养生好地方,120万,高楼层                                    (共9层)                                                                      | 1999年建 |                                1室1厅 | 44.38平米                                  | 东南,http://ke-image.ljcdn.com/110000-inspection/pc1_pZOcC7UjA.jpg!m_fill,w_280,h_210,f_jpg?from=ke.com
20210126,白云,元下田,满五唯一  格局方正  有钥匙随时看房,138万,高楼层                                    (共9层)                                                                      | 1999年建 |                                2室1厅 | 61.65平米                                  | 东南,http://ke-image.ljcdn.com/110000-inspection/pc1_xTD9RIoSh.jpg!m_fill,w_280,h_210,f_jpg?from=ke.com
20210126,白云,元下田,云山居 中层三房  东北向望花园,390万,中楼层                                    (共5层)                                                                      | 2000年建 |                                3室2厅 | 105.74平米                                  | 东北,http://ke-image.ljcdn.com/110000-inspection/pc1_kXtefWGfK.jpg!m_fill,w_280,h_210,f_jpg?from=ke.com
20210126,白云,元下田,白云山旁三居室，近地铁，天然大氧吧 呼吸都是幸福的,285万,中楼层                                    (共5层)                                                                      | 2000年建 |                                3室2厅 | 110.55平米                                  | 北,http://ke-image.ljcdn.com/110000-inspection/pc1_O0yurrXnw.jpg!m_fill,w_280,h_210,f_jpg?from=ke.com
20210126,白云,元下田,春庭花园 中高层电梯2房 免个税商品房,162万,高楼层                                    (共9层)                                                                  2室2厅 | 68.25平米                                  | 南,http://ke-image.ljcdn.com/110000-inspection/pc1_7ectxDopT.jpg!m_fill,w_280,h_210,f_jpg?from=ke.com
20210126,白云,元下田,春亭花园  高层三房  东南向  采光 视野好,238万,高楼层                                    (共9层)                                                                      | 1999年建 |                                3室2厅 | 92.5平米                                  | 东南,http://ke-image.ljcdn.com/110000-inspection/pc1_LahcSteIu.jpg!m_fill,w_280,h_210,f_jpg?from=ke.com
20210126,白云,元下田,春庭花园 1室1厅 东,92万,低楼层                                    (共9层)                                                                      | 1999年建 |                                1室1厅 | 44.55平米                                  | 东,http://ke-image.ljcdn.com/440100-inspection/pc1_h59qxoiqh_1.jpg!m_fill,w_280,h_210,f_jpg?from=ke.com
20210126,白云,元下田,春庭花园 电梯高层 随时看房 白云山安华汇陈田花园,93万,高楼层                                    (共9层)                                                                      | 1999年建 |                                1室1厅 | 34.83平米                                  | 东北,http://ke-image.ljcdn.com/440100-inspection/pc1_t0l9QzHmF_1.jpg!m_fill,w_280,h_210,f_jpg?from=ke.com
20210126,白云,元下田,春庭花园 低总价一房一厅 小区已启动加装电梯项目,100万,高楼层                                    (共9层)                                                                      | 1999年建 |                                1室1厅 | 44.55平米                                  | 东南 南,http://ke-image.ljcdn.com/440100-inspection/pc1_TExHLdq7w.jpg!m_fill,w_280,h_210,f_jpg?from=ke.com
20210126,白云,元下田,春晖苑  南向四房产权满2年税少 配套完善 精装保养好,420万,中楼层                                    (共5层)                                                                      | 2009年建 |                                4室2厅 | 123.34平米                                  | 西南,http://ke-image.ljcdn.com/440100-inspection/pc1_M23gCdrsm_1.jpg!m_fill,w_280,h_210,f_jpg?from=ke.com
20210126,白云,元下田,春庭花园 电梯中层 单边位大四房望花园满五唯一税费少,320万,中楼层                                    (共9层)                                                                      | 1999年建 |                                4室2厅 | 139.04平米                                  | 东北,http://ke-image.ljcdn.com/440100-inspection/pc1_rh46LkEUZ_2.jpg!m_fill,w_280,h_210,f_jpg?from=ke.com
20210126,白云,元下田,春鸿居，中等楼层，格局方正，实用小两房,123万,中楼层                                    (共9层)                                                                      | 1997年建 |                                2室1厅 | 45.39平米                                  | 东南,http://ke-image.ljcdn.com/440100-inspection/pc1_egmejxhmO.jpg!m_fill,w_280,h_210,f_jpg?from=ke.com
20210126,白云,元下田,春庭花园  生活便利  采光好,124万,高楼层                                    (共9层)                                                                      | 1999年建 |                                2室1厅 | 61.07平米                                  | 东北,http://ke-image.ljcdn.com/440100-inspection/pc1_b5VO2jMzo.jpg!m_fill,w_280,h_210,f_jpg?from=ke.com
20210126,白云,元下田,安华汇旁 春庭花园 中高楼层精装三房,270万,高楼层                                    (共9层)                                                                      | 1999年建 |                                3室2厅 | 124.05平米                                  | 东南,http://ke-image.ljcdn.com/440100-inspection/pc1_9GbUmIyM1_1.jpg!m_fill,w_280,h_210,f_jpg?from=ke.com
20210126,白云,元下田,元下田 安华汇旁 广州道路研究所 电梯房 对流户型,240万,高楼层                                    (共6层)                                                                  2室2厅 | 92.34平米                                  | 南,http://ke-image.ljcdn.com/440100-inspection/pc1_muOcmUegL_1.jpg!m_fill,w_280,h_210,f_jpg?from=ke.com
20210126,白云,元下田,云山居 2+1户型 中层 东南向 采光通风好,210万,中楼层                                    (共6层)                                                                      | 2000年建 |                                3室1厅 | 69.23平米                                  | 东南,http://ke-image.ljcdn.com/440100-inspection/pc1_Fj10p0Dvq.jpg!m_fill,w_280,h_210,f_jpg?from=ke.com
20210126,白云,元下田,云山居   白云山脚下两房  位置安静,195万,中楼层                                    (共6层)                                                                      | 2000年建 |                                2室2厅 | 69.23平米                                  | 东,http://ke-image.ljcdn.com/110000-inspection/pc1_ogSxBPLF1.jpg!m_fill,w_280,h_210,f_jpg?from=ke.com
20210126,白云,元下田,云山居 精装两房 阳台望花园可看白云山 实用率高,240万,中楼层                                    (共5层)                                                                      | 2000年建 |                                2室2厅 | 84.41平米                                  | 东北,http://ke-image.ljcdn.com/440100-inspection/pc1_TE2iAhu0s_1.jpg!m_fill,w_280,h_210,f_jpg?from=ke.com
20210126,白云,元下田,云山居 南向望花园 空气清新 满五年,290万,中楼层                                    (共5层)                                                                      | 2000年建 |                                3室1厅 | 89.8平米                                  | 南,http://ke-image.ljcdn.com/110000-inspection/pc1_MdGwpu1Qe.jpg!m_fill,w_280,h_210,f_jpg?from=ke.com
20210126,白云,元下田,满五唯一，空气阳光极好，朝向好,525万,中楼层                                    (共5层)                                                                      | 2000年建 |                                4室2厅 | 90.79平米                                  | 西南,http://ke-image.ljcdn.com/440100-inspection/prod-fb79da31-5c20-4211-aa54-980d3fd481ae.jpg!m_fill,w_280,h_210,f_jpg?from=ke.com
20210126,白云,元下田,云山居精装三房  带主套诚意出售 一手业主,345万,中楼层                                    (共5层)                                                                      | 2000年建 |                                3室2厅 | 111.23平米                                  | 东北,http://ke-image.ljcdn.com/440100-inspection/prod-69226add-9d95-40fa-b6c1-bbfe032a81b0.jpg!m_fill,w_280,h_210,f_jpg?from=ke.com
20210126,白云,元下田,近地铁，有电梯，精美两房，满五唯一，价格优惠,193万,中楼层                                    (共9层)                                                                      | 1999年建 |                                2室1厅 | 75平米                                  | 北,http://ke-image.ljcdn.com/440100-inspection/prod-72bb9930-5299-483b-b66f-e45d5514f54f.jpg!m_fill,w_280,h_210,f_jpg?from=ke.com
20210126,白云,元下田,春庭花园 大三房 实用性高 带私人平台,195万,低楼层                                    (共9层)                                                                      | 1999年建 |                                3室1厅 | 84.16平米                                  | 东北,http://ke-image.ljcdn.com/440100-inspection/prod-fedd2614-2cb2-4546-9e4b-3ae2cfa4080a.jpg!m_fill,w_280,h_210,f_jpg?from=ke.com
20210126,白云,元下田,云山居 白云山脚下 小三房 中楼层 采光通风好,235万,中楼层                                    (共6层)                                                                      | 2000年建 |                                3室2厅 | 81.66平米                                  | 东,http://ke-image.ljcdn.com/110000-inspection/pc1_5sUb22Phb.jpg!m_fill,w_280,h_210,f_jpg?from=ke.com
20210126,白云,元下田,云山居 中高层小三房 朝向好 位置安静 适合居住,205万,高楼层                                    (共6层)                                                                      | 2000年建 |                                3室2厅 | 70.96平米                                  | 东北,http://ke-image.ljcdn.com/110000-inspection/pc1_PrfAfbCX6.jpg!m_fill,w_280,h_210,f_jpg?from=ke.com
20210126,白云,元下田,春庭花园 1室0厅 西新上,48万,低楼层                                    (共2层)                                                                      | 1999年建 |                                1室0厅 | 29.45平米                                  | 西,http://ke-image.ljcdn.com/110000-inspection/pc1_JwHivA8ML.jpg!m_fill,w_280,h_210,f_jpg?from=ke.com
20210126,白云,元下田,双阳台，很实用，精装保养好，望小区花园，景色宜人,300万,中楼层                                    (共5层)                                                                      | 2009年建 |                                2室1厅 | 70平米                                  | 东北,http://ke-image.ljcdn.com/110000-inspection/pc1_qacbBHQ7Q_1.jpg!m_fill,w_280,h_210,f_jpg?from=ke.com
20210126,白云,元下田,春晖苑双阳台南向方正房南北对流通风好精致装修望花园,262万,低楼层                                    (共5层)                                                                      | 2009年建 |                                2室2厅 | 71.06平米                                  | 南,http://ke-image.ljcdn.com/110000-inspection/pc1_M37VJONtF_2.jpg!m_fill,w_280,h_210,f_jpg?from=ke.com
20210126,白云,元下田,元下田 云熙雅苑 带200方大花园 鸟语花香 望公园美景,1600万,低楼层                                    (共5层)                                                                      | 2011年建 |                                5室2厅 | 217.03平米                                  | 东南,http://ke-image.ljcdn.com/110000-inspection/pc1_X3P7lltQq.jpg!m_fill,w_280,h_210,f_jpg?from=ke.com
20210126,白云,元下田,春晖苑(白云) 3室2厅 南,400万,中楼层                                    (共5层)                                                                      | 2009年建 |                                3室2厅 | 92.66平米                                  | 南,http://ke-image.ljcdn.com/110000-inspection/pc1_HaerybPsd.jpg!m_fill,w_280,h_210,f_jpg?from=ke.com
20210126,白云,元下田,一楼带花园，精装修，格局方正，三房两卫,320万,低楼层                                    (共5层)                                                                      | 2009年建 |                                3室1厅 | 90.46平米                                  | 东北,http://ke-image.ljcdn.com/110000-inspection/pc1_cEm8e4dCL.jpg!m_fill,w_280,h_210,f_jpg?from=ke.com
20210126,白云,元下田,春庭花园精装一房，满五税费低，业主诚心出售,70万,低楼层                                    (共2层)                                                                      | 2000年建 |                                1室1厅 | 45.58平米                                  | 北,http://ke-image.ljcdn.com/110000-inspection/pc1_YONvFHTmt.jpg!m_fill,w_280,h_210,f_jpg?from=ke.com
20210126,白云,元下田,房子装修好，环境好，采光通风好,248万,中楼层                                    (共5层)                                                                      | 2009年建 |                                2室1厅 | 64.13平米                                  | 南,http://ke-image.ljcdn.com/110000-inspection/pc1_Z4tw2QyQu.jpg!m_fill,w_280,h_210,f_jpg?from=ke.com
20210126,白云,元下田,白云山下【保利山庄】复式四房 近百万装修现廉价出售,690万,高楼层                                    (共5层)                                                                      | 2001年建 |                                4室2厅 | 165.5平米                                  | 南,http://ke-image.ljcdn.com/110000-inspection/pc1_QUPrdxPm7.jpg!m_fill,w_280,h_210,f_jpg?from=ke.com
20210126,白云,元下田,春庭花园准电梯，中楼层，南向，有钥匙,130万,中楼层                                    (共9层)                                                                      | 1999年建 |                                2室1厅 | 55.28平米                                  | 西南,http://ke-image.ljcdn.com/110000-inspection/pc1_ZYo1HfDAD.jpg!m_fill,w_280,h_210,f_jpg?from=ke.com
20210126,白云,元下田,保利白云山庄 5室2厅 南,800万,高楼层                                    (共6层)                                                                      | 2001年建 |                                5室2厅 | 187.43平米                                  | 南,http://ke-image.ljcdn.com/110000-inspection/pc1_k9DBEm5v7.jpg!m_fill,w_280,h_210,f_jpg?from=ke.com
20210126,白云,元下田,视野宽阔，通透采光好，舒适宜居,216万,高楼层                                    (共6层)                                                                      | 2000年建 |                                3室1厅 | 77.81平米                                  | 东北,http://ke-image.ljcdn.com/110000-inspection/pc1_4pUKXJeuM.jpg!m_fill,w_280,h_210,f_jpg?from=ke.com
20210126,白云,元下田,中楼层3房，靠外语外贸大学，小区依山旁林。,460万,中楼层                                    (共5层)                                                                      | 2001年建 |                                3室2厅 | 108.6平米                                  | 西南,http://ke-image.ljcdn.com/110000-inspection/pc1_5Yj5ZZwRD.jpg!m_fill,w_280,h_210,f_jpg?from=ke.com
20210126,白云,元下田,精致两房满五房源楼层好配套齐全,202万,中楼层                                    (共6层)                                                                      | 2000年建 |                                3室1厅 | 70.96平米                                  | 东 东南,http://ke-image.ljcdn.com/110000-inspection/pc1_552RA2Huy.jpg!m_fill,w_280,h_210,f_jpg?from=ke.com
20210126,白云,元下田,环境优雅，户型方正，房主诚心卖,620万,高楼层                                    (共5层)                                                                      | 2001年建 |                                4室2厅 | 151.11平米                                  | 东南,http://ke-image.ljcdn.com/110000-inspection/pc1_1qdc0uFjt_1.jpg!m_fill,w_280,h_210,f_jpg?from=ke.com
20210126,白云,元下田,交通便利，配套完善，可办公注册公司，保养好,70万,低楼层                                    (共9层)                                                                      | 1999年建 |                                1室1厅 | 45.75平米                                  | 北,http://ke-image.ljcdn.com/110000-inspection/pc1_sn2WmB5Qr_2.jpg!m_fill,w_280,h_210,f_jpg?from=ke.com
20210126,白云,元下田,南向复式4房 居住舒适 环境绿化好 交通方便,630万,中楼层                                    (共5层)                                                                      | 2001年建 |                                4室2厅 | 166.58平米                                  | 南,http://ke-image.ljcdn.com/440100-inspection/pc1_7OsVCiihL_1.jpg!m_fill,w_280,h_210,f_jpg?from=ke.com
20210126,白云,元下田,松云雅苑  3室2厅  看房方便  广外旁 绿化高,460万,中楼层                                    (共5层)                                                                      | 2001年建 |                                3室2厅 | 120.65平米                                  | 东北,http://ke-image.ljcdn.com/440100-inspection/prod-daad21ca-000c-48e6-ae3c-caabc01ac07f.jpg!m_fill,w_280,h_210,f_jpg?from=ke.com
20210126,白云,元下田,春晖苑一楼 南向望花园，户型方正。,248万,低楼层                                    (共5层)                                                                      | 2009年建 |                                2室2厅 | 68.07平米                                  | 南,http://ke-image.ljcdn.com/hdic-frame/042e7b8b-ee55-402f-94cd-2596cf09cd46.jpg!m_fill,w_280,h_210,f_jpg?from=ke.com
20210126,白云,元下田,松云雅苑带花园 南向通风好 小区环境舒适安静,468万,低楼层                                    (共5层)                                                                      | 2001年建 |                                3室2厅 | 108.6平米                                  | 南,http://ke-image.ljcdn.com/110000-inspection/ee12ed0e-a7e3-4a74-a3b5-cd45ce5c4d72.jpeg!m_fill,w_280,h_210,f_jpg?from=ke.com
20210126,白云,元下田,春鸿居 实用一房 大阳台 户型使用,110万,中楼层                                    (共9层)                                                                      | 1997年建 |                                1室1厅 | 41平米                                  | 东北,http://ke-image.ljcdn.com/440100-frame/a81ed8d4-7ab1-49e8-9121-c70c00ddfd2d.png!m_fill,w_280,h_210,f_jpg?from=ke.com
20210126,白云,元下田,云山居 负离子丰富 安静舒适 看房方便 改善大两房,243万,中楼层                                    (共5层)                                                                      | 2000年建 |                                2室2厅 | 84.41平米                                  | 东北,http://ke-image.ljcdn.com/hdic-frame/6c9b4384-feba-4090-b38e-3ed22c3eafa1.png!m_fill,w_280,h_210,f_jpg?from=ke.com
20210126,白云,元下田,春庭花园  明亮三房 通风透亮,285万,高楼层                                    (共9层)                                                                      | 1999年建 |                                4室2厅 | 139.04平米                                  | 东北,http://ke-image.ljcdn.com/440100-inspection/d685467a-4c0b-4930-82d7-aac7732d54ae.jpg!m_fill,w_280,h_210,f_jpg?from=ke.com
20210126,白云,元下田,云山居 安静两居室 采光好 南向新上,188万,高楼层                                    (共5层)                                                                      | 2000年建 |                                2室2厅 | 75.08平米                                  | 南,http://s1.ljcdn.com/pegasus/redskull/images/common/default_house_list.png?_v=202101261829353
20210126,白云,元下田,春庭花园 1室1厅 南,101.8199万,低楼层                                    (共3层)                                                                  1室1厅 | 50.91平米                                  | 南,http://s1.ljcdn.com/pegasus/redskull/images/common/default_house_list.png?_v=202101261829353
20210126,白云,元下田,云山居中楼三房 满五唯一税费低  格局方正得房率高,286万,中楼层                                    (共5层)                                                                      | 2000年建 |                                3室2厅 | 103.43平米                                  | 西,http://s1.ljcdn.com/pegasus/redskull/images/common/default_house_list.png?_v=202101261829353
20210126,白云,元下田,满5唯一 ， 空气清新   近学府，  安静宜居,390万,高楼层                                    (共4层)                                                                      | 1995年建 |                                3室1厅 | 82.44平米                                  | 南,http://s1.ljcdn.com/pegasus/redskull/images/common/default_house_list.png?_v=202101261829353
20210126,白云,元下田,靓房 陈田花园 鸟语花香 改造性强 毛坯  天然氧吧,1200万,中楼层                                    (共5层)                                                                      | 2011年建 |                                4室2厅 | 222平米                                  | 南,http://ke-image.ljcdn.com/440100-frame/5eaa7007-f83f-4f0a-9eac-1405de7a8ebe.png!m_fill,w_280,h_210,f_jpg?from=ke.com
20210126,白云,元下田,春晖苑 电梯中层两房 户型方正 朝向位置好 通风采光足,300万,中楼层                                    (共5层)                                                                      | 2009年建 |                                2室1厅 | 66.99平米                                  | 南 西南,http://ke-image.ljcdn.com/110000-inspection/pc1_uoAQqPj8P.jpg!m_fill,w_280,h_210,f_jpg?from=ke.com
20210126,白云,元下田,云山居 白云山 商品房 带花园 格局方正,320万,低楼层                                    (共5层)                                                                      | 2000年建 |                                3室2厅 | 105.12平米                                  | 北,http://ke-image.ljcdn.com/110000-inspection/pc1_kWr2LIp5X.jpg!m_fill,w_280,h_210,f_jpg?from=ke.com
20210126,白云,元下田,电梯房来的，大单间，而且采光好,80万,中楼层                                    (共8层)                                                                      | 1999年建 |                                1室0厅 | 30.26平米                                  | 东北,http://ke-image.ljcdn.com/110000-inspection/pc1_9HaGdqxv3_1.jpg!m_fill,w_280,h_210,f_jpg?from=ke.com
20210126,白云,元下田,中楼层，电梯房，满五唯一，采光好,165万,中楼层                                    (共9层)                                                                      | 1999年建 |                                2室2厅 | 66.52平米                                  | 北,http://ke-image.ljcdn.com/110000-inspection/pc1_3GFJBaEx1.jpg!m_fill,w_280,h_210,f_jpg?from=ke.com
20210126,白云,元下田,云山居 中层三房 户型很好 通风采光足 位置安静,238万,中楼层                                    (共5层)                                                                      | 2000年建 |                                3室2厅 | 84.41平米                                  | 东北,http://ke-image.ljcdn.com/110000-inspection/pc1_pTMrm38Lm_2.jpg!m_fill,w_280,h_210,f_jpg?from=ke.com
20210126,白云,元下田,春庭花园 低层三房 满五唯一 通风采光足,210万,低楼层                                    (共9层)                                                                      | 1999年建 |                                3室2厅 | 94.96平米                                  | 东南,http://ke-image.ljcdn.com/440100-inspection/prod-5148f74b-d4b1-4446-84ec-3853acfa2a27.jpg!m_fill,w_280,h_210,f_jpg?from=ke.com
20210126,白云,元下田,春鸿居 实用两房 高楼层视野好 房间南向采光好,160万,高楼层                                    (共9层)                                                                      | 1997年建 |                                3室2厅 | 67.36平米                                  | 西 西南,http://ke-image.ljcdn.com/110000-inspection/pc1_kfSnr9lfK.jpg!m_fill,w_280,h_210,f_jpg?from=ke.com
20210126,白云,元下田,中高楼层，出入方便，南向朝向好,106万,中楼层                                    (共9层)                                                                      | 1999年建 |                                1室1厅 | 44.48平米                                  | 南,http://ke-image.ljcdn.com/110000-inspection/pc1_mwiyDTn6S.jpg!m_fill,w_280,h_210,f_jpg?from=ke.com
20210126,白云,元下田,云山居 单边位 中楼层采光好 靠山新鲜空气,212万,中楼层                                    (共5层)                                                                      | 2000年建 |                                2室1厅 | 70.99平米                                  | 东北,http://ke-image.ljcdn.com/110000-inspection/pc1_3vWVUWJUF.jpg!m_fill,w_280,h_210,f_jpg?from=ke.com
20210126,白云,元下田,电梯中层，南向两房，光线好，新装修,188万,中楼层                                    (共9层)                                                                      | 1999年建 |                                2室1厅 | 66.9平米                                  | 东南,http://ke-image.ljcdn.com/110000-inspection/pc1_ibxasVzkn.jpg!m_fill,w_280,h_210,f_jpg?from=ke.com
20210126,白云,元下田,业主自住，装修好，拎包入住即可,290万,高楼层                                    (共5层)                                                                      | 2000年建 |                                3室2厅 | 90.11平米                                  | 东北,http://ke-image.ljcdn.com/110000-inspection/pc1_NJpFGB5zm.jpg!m_fill,w_280,h_210,f_jpg?from=ke.com
20210126,白云,元下田,春庭花园 中层2+1房 户型方正 视野采光好,163万,中楼层                                    (共9层)                                                                      | 1999年建 |                                3室2厅 | 72.11平米                                  | 西北,http://ke-image.ljcdn.com/110000-inspection/pc1_XxcLWTWDQ.jpg!m_fill,w_280,h_210,f_jpg?from=ke.com
20210126,白云,元下田,云山居 东向大三房 白云山景房,300万,高楼层                                    (共6层)                                                                      | 2000年建 |                                3室2厅 | 103.22平米                                  | 东南,http://ke-image.ljcdn.com/110000-inspection/pc1_O4mcjxVrM.jpg!m_fill,w_280,h_210,f_jpg?from=ke.com
20210126,白云,元下田,春鸿居 南向低层2房 陈田公园 安华汇 3号地铁,155万,低楼层                                    (共9层)                                                                      | 1997年建 |                                2室2厅 | 63.33平米                                  | 南,http://ke-image.ljcdn.com/440100-inspection/pc1_73rhQejFJ_1.jpg!m_fill,w_280,h_210,f_jpg?from=ke.com
20210126,白云,元下田,春鸿居 中高楼层  采光通风优良 陈田公园旁,53万,高楼层                                    (共9层)                                                                      | 1997年建 |                                1室0厅 | 20.97平米                                  | 东北,http://ke-image.ljcdn.com/110000-inspection/eb7b195f-d49d-486b-8598-d81958680450_1000.jpg!m_fill,w_280,h_210,f_jpg?from=ke.com
20210126,白云,元下田,春鸿居 中高楼层  采光通风优良 陈田公园旁,162万,高楼层                                    (共9层)                                                                      | 1997年建 |                                2室2厅 | 63.36平米                                  | 南,http://ke-image.ljcdn.com/110000-inspection/6101dded-b8b3-4e26-9bcb-767549ba3ad8_1000.jpg!m_fill,w_280,h_210,f_jpg?from=ke.com
20210126,白云,元下田,春鸿居 低楼层  采光通风优良 陈田公园旁,240万,低楼层                                    (共9层)                                                                      | 1997年建 |                                3室2厅 | 92.14平米                                  | 西南,http://ke-image.ljcdn.com/110000-inspection/pc1_elRneeH1Z.jpg!m_fill,w_280,h_210,f_jpg?from=ke.com
20210126,白云,元下田,云熙雅苑 陈田花园旁环境优美 空气清晰 望山景,800万,中楼层                                    (共5层)                                                                  4室2厅 | 176.41平米                                  | 东南,http://ke-image.ljcdn.com/110000-inspection/pc1_JObIJFsJJ.jpg!m_fill,w_280,h_210,f_jpg?from=ke.com
20210126,白云,元下田,春庭花园 中层大两房 南向通风光线好 视野很好,190万,中楼层                                    (共9层)                                                                      | 1999年建 |                                2室1厅 | 71.51平米                                  | 东南,http://ke-image.ljcdn.com/110000-inspection/pc1_TorY942Iu.jpg!m_fill,w_280,h_210,f_jpg?from=ke.com
20210126,白云,元下田,春庭花园  高楼层  通风采光好,115万,高楼层                                    (共9层)                                                                      | 1999年建 |                                2室1厅 | 61.42平米                                  | 东北,http://ke-image.ljcdn.com/110000-inspection/pc1_Eek0DlZZg.jpg!m_fill,w_280,h_210,f_jpg?from=ke.com
20210126,白云,元下田,中高楼层，安静舒适，采光通风好，有个大平台,174万,低楼层                                    (共9层)                                                                      | 1997年建 |                                2室2厅 | 67.62平米                                  | 南 西南,http://ke-image.ljcdn.com/110000-inspection/pc1_t3MJGvNW4_1.jpg!m_fill,w_280,h_210,f_jpg?from=ke.com
20210126,白云,元下田,中高楼层，安静舒适，采光通风好，户型较少,239万,低楼层                                    (共9层)                                                                      | 1997年建 |                                3室2厅 | 92.18平米                                  | 东南 南 北,http://ke-image.ljcdn.com/110000-inspection/pc1_UXghqJVDb_1.jpg!m_fill,w_280,h_210,f_jpg?from=ke.com
20210126,白云,元下田,中高楼层，安静舒适，采光通风好，有个大平台,208万,低楼层                                    (共9层)                                                                      | 1997年建 |                                3室2厅 | 80.69平米                                  | 南,http://ke-image.ljcdn.com/110000-inspection/pc1_x1XYvhkLi_1.jpg!m_fill,w_280,h_210,f_jpg?from=ke.com
20210126,白云,元下田,云山居  南向凤凰层 宜居舒适,228万,中楼层                                    (共5层)                                                                      | 2000年建 |                                2室1厅 | 77.3平米                                  | 南,http://ke-image.ljcdn.com/110000-inspection/pc1_d5rligaxK.jpg!m_fill,w_280,h_210,f_jpg?from=ke.com
20210126,白云,元下田,春庭花园 刚需两房 高楼层 通风视野好 看房方便,135万,高楼层                                    (共9层)                                                                      | 1999年建 |                                2室2厅 | 61.07平米                                  | 西北,http://ke-image.ljcdn.com/110000-inspection/pc1_Ryat3psTU.jpg!m_fill,w_280,h_210,f_jpg?from=ke.com
20210126,白云,元下田,外语外贸学院温馨两居室，户型方正，环境优雅,235万,中楼层                                    (共4层)                                                                      | 1995年建 |                                2室1厅 | 48.84平米                                  | 南 北,http://ke-image.ljcdn.com/440100-inspection/pc1_TUw7bk0UN.jpg!m_fill,w_280,h_210,f_jpg?from=ke.com
20210126,白云,元下田,楼层好，视野开阔，光线比较充足,170万,高楼层                                    (共9层)                                                                      | 1997年建 |                                2室2厅 | 67.39平米                                  | 西,http://ke-image.ljcdn.com/440100-inspection/pc1_ByqMlebXA_1.jpg!m_fill,w_280,h_210,f_jpg?from=ke.com
20210126,白云,元下田,春庭花园 三号线白云大道北站 白云山脚 安华汇旁,350万,低楼层                                    (共9层)                                                                      | 1999年建 |                                5室2厅 | 137.12平米                                  | 南,http://ke-image.ljcdn.com/440100-inspection/pc1_erkxFeGA1.jpg!m_fill,w_280,h_210,f_jpg?from=ke.com
20210126,白云,元下田,安华汇旁 牌坊下 配套成熟 交通便利,198万,低楼层                                    (共8层)                                                                      | 1985年建 |                                3室1厅 | 92.45平米                                  | 南,http://ke-image.ljcdn.com/440100-inspection/prod-e0aa3c4a-b4f0-4b15-b522-9444ddc7d971.jpg!m_fill,w_280,h_210,f_jpg?from=ke.com
20210126,白云,元下田,云山居 方正实用三房 简单装修 小区安静  环境优雅,310万,中楼层                                    (共6层)                                                                      | 2000年建 |                                3室2厅 | 105.68平米                                  | 西北 北,http://ke-image.ljcdn.com/440100-inspection/prod-b875032b-d75c-4c60-8090-b3a1a360aed7.jpg!m_fill,w_280,h_210,f_jpg?from=ke.com
20210126,白云,元下田,白云山下 三房一卫 闹中取静 享城市繁华,273万,高楼层                                    (共5层)                                                                      | 2000年建 |                                3室2厅 | 90.11平米                                  | 东北,http://ke-image.ljcdn.com/440100-inspection/prod-3ab7a787-263a-4ade-87c7-4b2e69cc7e1e.jpg!m_fill,w_280,h_210,f_jpg?from=ke.com
20210126,白云,元下田,春庭花园 公寓 户型方正  低总价,103万,低楼层                                    (共2层)                                                                      | 1999年建 |                                2室1厅 | 51.73平米                                  | 北,http://ke-image.ljcdn.com/440100-inspection/prod-37f106c8-e865-4da4-8295-859b902668dd.jpg!m_fill,w_280,h_210,f_jpg?from=ke.com
20210126,白云,元下田,精装修   格局方正  陈田花园旁,1500万,中楼层                                    (共5层)                                                                      | 2011年建 |                                3室2厅 | 223.39平米                                  | 东南,http://ke-image.ljcdn.com/440100-inspection/prod-521d1547-22e4-448b-a736-a77cf020ace4.jpg!m_fill,w_280,h_210,f_jpg?from=ke.com
20210126,白云,元下田,低层大三房，白云山脚下，安静舒适环境好,318万,低楼层                                    (共5层)                                                                      | 2000年建 |                                3室2厅 | 105.12平米                                  | 东北,http://ke-image.ljcdn.com/440100-inspection/prod-c2840a9a-e213-45f4-8b4d-0f9d7b9322b7.jpg!m_fill,w_280,h_210,f_jpg?from=ke.com
20210126,白云,元下田,实用小三房，原始户型，通风采光好,160万,高楼层                                    (共9层)                                                                      | 1999年建 |                                3室1厅 | 72平米                                  | 西,http://ke-image.ljcdn.com/440100-inspection/prod-1cddcfe2-76b1-4ba4-9814-44235c591fe6.jpg!m_fill,w_280,h_210,f_jpg?from=ke.com
20210126,白云,元下田,云山居 白云山下 刚需两房 东南朝向 冬暖夏凉,220万,高楼层                                    (共6层)                                                                      | 2000年建 |                                2室2厅 | 79.88平米                                  | 东南,http://ke-image.ljcdn.com/440100-inspection/prod-2d5a551b-c410-41c2-9201-57b20c5bbacd.jpg!m_fill,w_280,h_210,f_jpg?from=ke.com
20210126,白云,元下田,春庭花园  实用两房 厅出阳台 看房方便,168万,高楼层                                    (共9层)                                                                  2室1厅 | 66.52平米                                  | 东 西,http://ke-image.ljcdn.com/440100-inspection/prod-4a341179-bb02-4df7-8c38-8e99d47d2554.jpg!m_fill,w_280,h_210,f_jpg?from=ke.com
20210126,白云,元下田,云山居 大两房两厅 位置好 阳台景观好,238万,中楼层                                    (共5层)                                                                      | 2000年建 |                                2室2厅 | 84.71平米                                  | 东南,http://ke-image.ljcdn.com/440100-inspection/prod-e24fdd2d-906c-491b-a446-af03a41d15a1.jpg!m_fill,w_280,h_210,f_jpg?from=ke.com
20210126,白云,元下田,春庭花园 2楼公寓 光线好 户型方正,90万,低楼层                                    (共2层)                                                                      | 1999年建 |                                2室1厅 | 61.34平米                                  | 东北,http://ke-image.ljcdn.com/440100-inspection/prod-4d072f1a-6fa9-4250-a0a6-84c489c980d9.jpg!m_fill,w_280,h_210,f_jpg?from=ke.com
20210126,白云,元下田,春鸿居 精装一房 目前两套一起打通,120万,高楼层                                    (共9层)                                                                      | 1997年建 |                                1室1厅 | 45平米                                  | 东南,http://ke-image.ljcdn.com/440100-inspection/prod-f13c0d89-d7a2-4760-9f5d-c55c187bbe6c.jpg!m_fill,w_280,h_210,f_jpg?from=ke.com
20210126,白云,元下田,春庭花园  实用一房  可办公注册公司,90.9万,低楼层                                    (共2层)                                                                      | 1999年建 |                                1室1厅 | 45.5平米                                  | 东南,http://ke-image.ljcdn.com/440100-inspection/prod-b2de2733-415e-4d40-b088-fc69a6a2bf1b.jpg!m_fill,w_280,h_210,f_jpg?from=ke.com
20210126,白云,元下田,舒适温馨两房，价位低，适合安居,128万,高楼层                                    (共9层)                                                                      | 1999年建 |                                2室1厅 | 61.85平米                                  | 东,http://ke-image.ljcdn.com/440100-inspection/prod-8f4ffee0-dc39-4f53-8006-8d778bf2e9f3.jpg!m_fill,w_280,h_210,f_jpg?from=ke.com
20210126,白云,元下田,09年房龄，小区墅级密度，白云山脚下，空气清新,250万,低楼层                                    (共5层)                                                                      | 2009年建 |                                2室2厅 | 69.9平米                                  | 东北,http://ke-image.ljcdn.com/110000-inspection/pc1_9mXRtD6zP.jpg!m_fill,w_280,h_210,f_jpg?from=ke.com
20210126,白云,元下田,春庭花园  少有的复式房源  光线充足,280万,低楼层                                    (共9层)                                                                      | 1999年建 |                                3室2厅 | 119.86平米                                  | 东北,http://ke-image.ljcdn.com/110000-inspection/pc1_uaGTyQXe8.jpg!m_fill,w_280,h_210,f_jpg?from=ke.com
20210126,白云,元下田,松云雅苑 户型方正 三居室 带主套,430万,中楼层                                    (共5层)                                                                      | 2001年建 |                                3室1厅 | 107.54平米                                  | 东北,http://ke-image.ljcdn.com/110000-inspection/pc1_iLijXYMNL.jpg!m_fill,w_280,h_210,f_jpg?from=ke.com
20210126,白云,元下田,云熙雅苑 4室2厅 东,1200万,低楼层                                    (共5层)                                                                      | 2011年建 |                                4室2厅 | 197.26平米                                  | 东,http://ke-image.ljcdn.com/440100-inspection/pc1_gW2DmeXFa.jpg!m_fill,w_280,h_210,f_jpg?from=ke.com
20210126,白云,元下田,云熙雅苑 白云山下 陈田旁 只算一层面积 实用率超高,2000万,高楼层                                    (共5层)                                                                      | 2011年建 |                                6室3厅 | 209.77平米                                  | 东南,http://ke-image.ljcdn.com/440100-inspection/pc1_Ex2qcbnvA_1.jpg!m_fill,w_280,h_210,f_jpg?from=ke.com
20210126,白云,元下田,元下田 春鸿居 楼梯两房 格局方正 小区管理 配套成熟,148万,高楼层                                    (共9层)                                                                      | 1997年建 |                                2室1厅 | 63.36平米                                  | 南,http://ke-image.ljcdn.com/440100-inspection/prod-251fa53e-b317-4bd7-8b60-5f83c3e8b74e.jpg!m_fill,w_280,h_210,f_jpg?from=ke.com
20210126,白云,元下田,保利白云山庄 南向复式 精装四房 望花园,646万,高楼层                                    (共5层)                                                                      | 2001年建 |                                4室2厅 | 165.31平米                                  | 南,http://ke-image.ljcdn.com/440100-inspection/pc1_j732c5T7m_1.jpg!m_fill,w_280,h_210,f_jpg?from=ke.com
20210126,白云,元下田,保利白云山庄 复式三房 望花园 房本满五年,670万,中楼层                                    (共5层)                                                                      | 2001年建 |                                3室2厅 | 175.03平米                                  | 南,http://ke-image.ljcdn.com/440100-inspection/pc1_J36rhRAPU_1.jpg!m_fill,w_280,h_210,f_jpg?from=ke.com
20210126,白云,元下田,春晖苑(白云) 1室0厅 南,30万,地下室                                                                  1室0厅 | 12.55平米                                  | 南,http://ke-image.ljcdn.com/110000-inspection/6aab018a-42b3-4d78-93e7-ec4608252036.jpg!m_fill,w_280,h_210,f_jpg?from=ke.com
20210126,白云,元下田,春庭花园  低楼层  大面积五房,295万,低楼层                                    (共9层)                                                                      | 1999年建 |                                5室2厅 | 139.04平米                                  | 东北,http://ke-image.ljcdn.com/440100-inspection/f48eae4f-0f6b-408c-8964-8e71431aa23c.jpg!m_fill,w_280,h_210,f_jpg?from=ke.com
20210126,白云,元下田,外语外贸学院  三房  户型方正 南北透,498万,中楼层                                    (共5层)                                                                      | 1995年建 |                                3室1厅 | 87.21平米                                  | 南,http://ke-image.ljcdn.com/440100-inspection/pc1_aMp4kQYdV_1.jpg!m_fill,w_280,h_210,f_jpg?from=ke.com
20210126,白云,元下田,：房子户型方正，产权清晰，业主诚售。,146万,高楼层                                    (共9层)                                                                      | 1997年建 |                                2室1厅 | 63.36平米                                  | 东,http://ke-image.ljcdn.com/440100-inspection/prod-56162a27-ede0-4b99-9c1c-bd2980e9c0b7.jpg!m_fill,w_280,h_210,f_jpg?from=ke.com
20210126,白云,元下田,隔层复式车位 白云山旁 总价低 车位 白云大道北,88万,低楼层                                    (共1层)                                                                      | 1998年建 |                                1室1厅 | 34.25平米                                  | 北,http://ke-image.ljcdn.com/440100-inspection/9eb50852-df00-47e6-a0ac-a9ad77b1ddae.JPG!m_fill,w_280,h_210,f_jpg?from=ke.com
20210126,白云,元下田,春庭花园 复式大四房 装修保养好,325万,高楼层                                    (共9层)                                                                      | 1999年建 |                                4室2厅 | 128.92平米                                  | 东南,http://ke-image.ljcdn.com/440100-inspection/213c6289-4668-47c3-ad6a-4db825a63624.JPG!m_fill,w_280,h_210,f_jpg?from=ke.com
20210126,白云,元下田,春晖苑 实用两房,260万,低楼层                                    (共5层)                                                                      | 2009年建 |                                2室2厅 | 71.06平米                                  | 东,http://ke-image.ljcdn.com/440100-inspection/21052231-aad7-4c79-9ca6-45376dd10d5e.jpg!m_fill,w_280,h_210,f_jpg?from=ke.com
20210126,白云,元下田,松云雅苑  不临街  间隔三房  通风好  靠广外,480万,中楼层                                    (共5层)                                                                      | 2001年建 |                                3室1厅 | 120.52平米                                  | 东北,http://ke-image.ljcdn.com/440100-inspection/fb886517-4723-44ae-a785-3e63f73320dd.jpg!m_fill,w_280,h_210,f_jpg?from=ke.com
20210126,白云,元下田,春晖苑高层两房，南向望花园，精装修,290万,中楼层                                    (共5层)                                                                      | 2009年建 |                                2室2厅 | 70.05平米                                  | 南,http://s1.ljcdn.com/pegasus/redskull/images/common/default_house_list.png?_v=202101261829353
