20210126,荔湾,西门口,此房是中楼层，通风采光好，交通便利，配套设施齐全。必看好房,188万,高楼层                                    (共8层)                                                                      | 1995年建 |                                2室1厅 | 52.69平米                                  | 西南,http://ke-image.ljcdn.com/110000-inspection/pc1_uZREby1yY_1.jpg!m_fill,w_280,h_210,f_jpg?from=ke.com
20210126,荔湾,西门口,西门口地铁站 海珠中路 低层三楼 两房厅出阳台 楼龄新必看好房,255万,低楼层                                    (共9层)                                                                      | 2004年建 |                                2室1厅 | 67.84平米                                  | 东 北,http://ke-image.ljcdn.com/110000-inspection/pc1_LNvfAKIGE_1.jpg!m_fill,w_280,h_210,f_jpg?from=ke.com
20210126,荔湾,西门口,纸行路 三房带主套 东南向 装修保养新净 视野无遮挡必看好房,348万,高楼层                                    (共9层)                                                                      | 1990年建 |                                3室1厅 | 116.26平米                                  | 东南,http://ke-image.ljcdn.com/440100-inspection/prod-9d0c63a7-614a-47ea-ba09-67f062d19577.jpg!m_fill,w_280,h_210,f_jpg?from=ke.com
20210126,荔湾,西门口,西门口 光孝路精装方正两房带天台花园,168万,高楼层                                    (共7层)                                                                      | 1988年建 |                                2室1厅 | 50.39平米                                  | 北,http://ke-image.ljcdn.com/110000-inspection/pc1_XyScmpGiX_1.jpg!m_fill,w_280,h_210,f_jpg?from=ke.com
20210126,荔湾,西门口,西门口独立一梯一户精装修三房一厅带60方大天台使用,330万,高楼层                                    (共5层)                                                                  3室1厅 | 83.84平米                                  | 东南 西北,http://ke-image.ljcdn.com/110000-inspection/pc1_a1ey7RJJn_1.jpg!m_fill,w_280,h_210,f_jpg?from=ke.com
20210126,荔湾,西门口,海珠中路低层两房，方正实用，框架结构满二年,150万,中楼层                                    (共6层)                                                                      | 1995年建 |                                2室1厅 | 47.2平米                                  | 东 西,http://ke-image.ljcdn.com/110000-inspection/pc1_iL8SP2Qpw_1.jpg!m_fill,w_280,h_210,f_jpg?from=ke.com
20210126,荔湾,西门口,公园前地铁 朝小 三房一厅大阳台 低楼层 户型方正,338万,低楼层                                    (共9层)                                                                      | 1980年建 |                                3室1厅 | 77.99平米                                  | 东 南,http://ke-image.ljcdn.com/110000-inspection/pc1_tknZlgaXa_1.jpg!m_fill,w_280,h_210,f_jpg?from=ke.com
20210126,荔湾,西门口,电梯三房 东北朝向 厅出阳台 楼层好视野开阔,390万,高楼层                                    (共9层)                                                                      | 1985年建 |                                3室1厅 | 100.03平米                                  | 东北,http://ke-image.ljcdn.com/110000-inspection/pc1_bJm59DqVL_1.jpg!m_fill,w_280,h_210,f_jpg?from=ke.com
20210126,荔湾,西门口,朝天两房 低楼层 总价低 精装两房 近地铁西门口,150万,中楼层                                    (共9层)                                                                      | 1990年建 |                                2室1厅 | 34.52平米                                  | 东,http://ke-image.ljcdn.com/110000-inspection/pc1_6wmFxSN5g_1.jpg!m_fill,w_280,h_210,f_jpg?from=ke.com
20210126,荔湾,西门口,海珠北路 2室1厅 南 东南,185万,高楼层                                    (共8层)                                                                  2室1厅 | 59.36平米                                  | 南 东南,http://ke-image.ljcdn.com/110000-inspection/pc1_HwZE8P0mY_1.jpg!m_fill,w_280,h_210,f_jpg?from=ke.com
20210126,荔湾,西门口,西门口地铁站旁，准电梯楼，文明示范小区，,151万,高楼层                                    (共9层)                                                                      | 1995年建 |                                1室1厅 | 38.87平米                                  | 南 北,http://ke-image.ljcdn.com/110000-inspection/pc1_cJgYsHFDf_1.jpg!m_fill,w_280,h_210,f_jpg?from=ke.com
20210126,荔湾,西门口,小复式两房，4米层高，带入户花园,200万,低楼层                                    (共8层)                                                                  2室1厅 | 47.69平米                                  | 南 西,http://ke-image.ljcdn.com/110000-inspection/pc1_6bRAynwrw_1.jpg!m_fill,w_280,h_210,f_jpg?from=ke.com
20210126,荔湾,西门口,朝天路 低楼层两房 白天采光充足 旺中带静,288万,低楼层                                    (共9层)                                                                      | 1990年建 |                                2室1厅 | 63.73平米                                  | 西南,http://ke-image.ljcdn.com/110000-inspection/pc1_qsodFFE4o_1.jpg!m_fill,w_280,h_210,f_jpg?from=ke.com
20210126,荔湾,西门口,百灵路 3室1厅 东南 北,355万,中楼层                                    (共6层)                                                                  3室1厅 | 70.59平米                                  | 东南 北,http://ke-image.ljcdn.com/110000-inspection/pc1_Pfe3xARj6_1.jpg!m_fill,w_280,h_210,f_jpg?from=ke.com
20210126,荔湾,西门口,海珠中路 户型方正 房出阳台 光线明亮 欢迎约看,185万,高楼层                                    (共9层)                                                                  2室1厅 | 59.63平米                                  | 西北,http://ke-image.ljcdn.com/110000-inspection/pc1_1nCfv2Atx_1.jpg!m_fill,w_280,h_210,f_jpg?from=ke.com
20210126,荔湾,西门口,房建大厦原装电梯房，有管理，居住舒适，实用面积高,420万,中楼层                                    (共25层)                                                                      | 1996年建 |                                3室2厅 | 105.22平米                                  | 南,http://ke-image.ljcdn.com/110000-inspection/pc1_OOHa5RX6m_1.jpg!m_fill,w_280,h_210,f_jpg?from=ke.com
20210126,荔湾,西门口,海珠中路 实用三房 通风采光好,308万,中楼层                                    (共8层)                                                                  3室2厅 | 76.68平米                                  | 西,http://ke-image.ljcdn.com/110000-inspection/pc1_7U0AJXBFw_1.jpg!m_fill,w_280,h_210,f_jpg?from=ke.com
20210126,荔湾,西门口,海珠北路 中层五楼 精装三房 南北通透 证过五年,380万,中楼层                                    (共8层)                                                                  3室2厅 | 110平米                                  | 南 北,http://ke-image.ljcdn.com/110000-inspection/pc1_EEgwMJocP_1.jpg!m_fill,w_280,h_210,f_jpg?from=ke.com
20210126,荔湾,西门口,光塔路    东南朝向    近地铁   通风采光好,335万,高楼层                                    (共8层)                                                                  3室1厅 | 93.96平米                                  | 东南,http://ke-image.ljcdn.com/440100-inspection/5596d432-8531-4952-acba-4fdadcc25b73_1000.jpg!m_fill,w_280,h_210,f_jpg?from=ke.com
20210126,荔湾,西门口,西门口 精装修 交通便利 低楼层,190万,中楼层                                    (共6层)                                                                      | 1988年建 |                                2室1厅 | 52.04平米                                  | 西南,http://ke-image.ljcdn.com/110000-inspection/pc1_359VTTrjL_1.jpg!m_fill,w_280,h_210,f_jpg?from=ke.com
20210126,荔湾,西门口,海珠北路近地铁小两房通风采光好,135万,高楼层                                    (共9层)                                                                      | 1980年建 |                                2室1厅 | 36.98平米                                  | 北 西,http://ke-image.ljcdn.com/110000-inspection/pc1_Dsaxcb4c1_1.jpg!m_fill,w_280,h_210,f_jpg?from=ke.com
20210126,荔湾,西门口,西门口刚需两房 精装修 南向采光,155万,高楼层                                    (共6层)                                                                  2室2厅 | 34.95平米                                  | 南,http://ke-image.ljcdn.com/110000-inspection/pc1_C7LrMCyoC_1.jpg!m_fill,w_280,h_210,f_jpg?from=ke.com
20210126,荔湾,西门口,低楼层，北向全明大两房，东向出大阳台。。,268万,中楼层                                    (共8层)                                                                  2室1厅 | 77.54平米                                  | 东北,http://ke-image.ljcdn.com/110000-inspection/pc1_ASdFINMAH_1.jpg!m_fill,w_280,h_210,f_jpg?from=ke.com
20210126,荔湾,西门口,光塔路 楼梯 超高实用三房 采光通风好 带天台,338万,高楼层                                    (共5层)                                                                      | 1985年建 |                                3室1厅 | 70.55平米                                  | 东南 北,http://ke-image.ljcdn.com/110000-inspection/pc1_gY8KzrKtC_1.jpg!m_fill,w_280,h_210,f_jpg?from=ke.com
20210126,荔湾,西门口,精装修  南向  采光通风好 满五唯一 精装修 拎包入住,230万,高楼层                                    (共9层)                                                                  2室1厅 | 51.5平米                                  | 南 北,http://ke-image.ljcdn.com/110000-inspection/pc1_zSkYRXeSj_1.jpg!m_fill,w_280,h_210,f_jpg?from=ke.com
20210126,荔湾,西门口,海珠北路正规两房，近地铁通风采光好，环境优美。,236万,高楼层                                    (共8层)                                                                  2室1厅 | 71.34平米                                  | 东 西,http://ke-image.ljcdn.com/110000-inspection/pc1_jVJnERPFi_1.jpg!m_fill,w_280,h_210,f_jpg?from=ke.com
20210126,荔湾,西门口,百灵路低层三房全明屋，可住可临商，全新装修新上,348万,低楼层                                    (共6层)                                                                  3室1厅 | 64.33平米                                  | 东南,http://ke-image.ljcdn.com/110000-inspection/pc1_9ABI5iLZi_1.jpg!m_fill,w_280,h_210,f_jpg?from=ke.com
20210126,荔湾,西门口,光塔路进步里社区 中楼层五楼 厅出阳台 东南朝向,235万,中楼层                                    (共10层)                                                                      | 1989年建 |                                3室2厅 | 64.32平米                                  | 东 南,http://ke-image.ljcdn.com/110000-inspection/pc1_AxqqiTnk7_1.jpg!m_fill,w_280,h_210,f_jpg?from=ke.com
20210126,荔湾,西门口,崔府街 方正两房 朝小 中层单位,395万,中楼层                                    (共5层)                                                                  2室1厅 | 80.12平米                                  | 南,http://ke-image.ljcdn.com/110000-inspection/pc1_9CvMSntBZ_1.jpg!m_fill,w_280,h_210,f_jpg?from=ke.com
20210126,荔湾,西门口,净慧路 户型方正 社区环境优美 光线好 通风佳,255万,高楼层                                    (共8层)                                                                      | 1992年建 |                                2室1厅 | 68.63平米                                  | 东 西,http://ke-image.ljcdn.com/110000-inspection/pc1_4eh6HQp3L_1.jpg!m_fill,w_280,h_210,f_jpg?from=ke.com
20210126,荔湾,西门口,纸行雅苑单间大院管理马赛克外墙必看好房,48万,高楼层                                    (共9层)                                                                  1室0厅 | 14.08平米                                  | 南,http://ke-image.ljcdn.com/110000-inspection/pc1_qA5m1VYEj_1.jpg!m_fill,w_280,h_210,f_jpg?from=ke.com
20210126,荔湾,西门口,西门口板块 朝小 楼龄新 条形砖外墙,125万,中楼层                                    (共9层)                                                                  1室1厅 | 25.6平米                                  | 南,http://ke-image.ljcdn.com/110000-inspection/pc1_cvP1uE895_1.jpg!m_fill,w_280,h_210,f_jpg?from=ke.com
20210126,荔湾,西门口,米市路 1室1厅 东,120万,中楼层                                    (共8层)                                                                  1室1厅 | 23.97平米                                  | 东,http://ke-image.ljcdn.com/110000-inspection/pc1_ncwE1hkzL_1.jpg!m_fill,w_280,h_210,f_jpg?from=ke.com
20210126,荔湾,西门口,光塔路 精装一房 带有朝小  配套完善,104万,低楼层                                    (共1层)                                                                  1室1厅 | 27平米                                  | 东南,http://ke-image.ljcdn.com/110000-inspection/pc1_lQMcIwiw5_1.jpg!m_fill,w_280,h_210,f_jpg?from=ke.com
20210126,荔湾,西门口,穗安楼 1室1厅 南,189万,低楼层                                    (共26层)                                                                      | 1995年建 |                                1室1厅 | 44.9平米                                  | 南,http://ke-image.ljcdn.com/110000-inspection/pc1_HNHUARSSA_1.jpg!m_fill,w_280,h_210,f_jpg?from=ke.com
20210126,荔湾,西门口,海珠北路 2室1厅 东,153万,低楼层                                    (共9层)                                                                  2室1厅 | 37.26平米                                  | 东,http://ke-image.ljcdn.com/110000-inspection/pc1_ThtO9by4d_1.jpg!m_fill,w_280,h_210,f_jpg?from=ke.com
20210126,荔湾,西门口,惠怡楼 低层三楼 社区环境好 楼龄新新上,138万,低楼层                                    (共10层)                                                                      | 1989年建 |                                1室1厅 | 28.35平米                                  | 西,http://ke-image.ljcdn.com/110000-inspection/pc1_YpRe1ADWj_1.jpg!m_fill,w_280,h_210,f_jpg?from=ke.com
20210126,荔湾,西门口,西门口海珠北路 低层精装两房 证够五年 通风采光好新上,181万,中楼层                                    (共7层)                                                                      | 1990年建 |                                2室1厅 | 44.61平米                                  | 东南,http://ke-image.ljcdn.com/110000-inspection/pc1_mRn7MC52k_1.jpg!m_fill,w_280,h_210,f_jpg?from=ke.com
20210126,荔湾,西门口,纸行路 地理位置优越 生活配套完善 带有住家精装修,185万,中楼层                                    (共8层)                                                                  2室1厅 | 41.5平米                                  | 西南,http://ke-image.ljcdn.com/110000-inspection/pc1_3noT1t5r2_1.jpg!m_fill,w_280,h_210,f_jpg?from=ke.com
20210126,荔湾,西门口,光塔路 中层两房 南北通透 大院管理 加装电梯公示了,255万,高楼层                                    (共8层)                                                                  2室1厅 | 64.67平米                                  | 南 北,http://ke-image.ljcdn.com/110000-inspection/pc1_DFrpheNMR_1.jpg!m_fill,w_280,h_210,f_jpg?from=ke.com
20210126,荔湾,西门口,海珠中路 1室1厅 东,145万,中楼层                                    (共10层)                                                                  1室1厅 | 41.79平米                                  | 东,http://ke-image.ljcdn.com/440100-inspection/pc1_kL3beu0AM_1.jpg!m_fill,w_280,h_210,f_jpg?from=ke.com
20210126,荔湾,西门口,光塔路低层 精装小三房 户型方正 框架结构,215万,低楼层                                    (共3层)                                                                  3室1厅 | 43.45平米                                  | 西 东,http://ke-image.ljcdn.com/110000-inspection/pc1_jvzzG9LDH_1.jpg!m_fill,w_280,h_210,f_jpg?from=ke.com
20210126,荔湾,西门口,海珠中路  低层两房  房子实用,224万,中楼层                                    (共8层)                                                                      | 1986年建 |                                2室2厅 | 71.21平米                                  | 东南,http://ke-image.ljcdn.com/440100-inspection/prod-f659e7c4-59fc-40f9-a628-88511952fb12.jpg!m_fill,w_280,h_210,f_jpg?from=ke.com
20210126,荔湾,西门口,中层东南西三面单位户型，南向厅出阳台,210万,中楼层                                    (共8层)                                                                  2室1厅 | 49.83平米                                  | 南,http://ke-image.ljcdn.com/110000-inspection/pc1_uDvE8rG5I_1.jpg!m_fill,w_280,h_210,f_jpg?from=ke.com
20210126,荔湾,西门口,电梯房，可复式，地铁100米。方便停车。,120万,低楼层                                    (共8层)                                                                  1室1厅 | 32.07平米                                  | 东,http://ke-image.ljcdn.com/110000-inspection/pc1_7C0xghfv0_1.jpg!m_fill,w_280,h_210,f_jpg?from=ke.com
20210126,荔湾,西门口,光塔路 2室1厅 东南,170万,高楼层                                    (共8层)                                                                  2室1厅 | 52平米                                  | 东南,http://ke-image.ljcdn.com/110000-inspection/pc1_9JFcvLoEZ_1.jpg!m_fill,w_280,h_210,f_jpg?from=ke.com
20210126,荔湾,西门口,越秀区成熟路段，生活环境[静，低楼层一楼,230万,低楼层                                    (共1层)                                                                  2室1厅 | 55.11平米                                  | 东南,http://ke-image.ljcdn.com/110000-inspection/pc1_nJx9WeBEy_1.jpg!m_fill,w_280,h_210,f_jpg?from=ke.com
20210126,荔湾,西门口,近地铁，原装电梯南向两房单位，罕见户型，全明屋,320万,中楼层                                    (共15层)                                                                      | 1994年建 |                                2室1厅 | 72平米                                  | 南,http://ke-image.ljcdn.com/110000-inspection/pc1_jkvdSkmUh_1.jpg!m_fill,w_280,h_210,f_jpg?from=ke.com
20210126,荔湾,西门口,仙邻巷可做门前小花园低楼层生活便利,130万,低楼层                                    (共6层)                                                                  1室1厅 | 37.17平米                                  | 南,http://ke-image.ljcdn.com/110000-inspection/pc1_jC7Pazx1w_1.jpg!m_fill,w_280,h_210,f_jpg?from=ke.com
20210126,荔湾,西门口,西门口中层三房带平台，通风采光好,259万,高楼层                                    (共8层)                                                                      | 1980年建 |                                3室1厅 | 70.17平米                                  | 东南,http://ke-image.ljcdn.com/110000-inspection/pc1_lybTjMIW2_1.jpg!m_fill,w_280,h_210,f_jpg?from=ke.com
20210126,荔湾,西门口,西门口地铁，中层大两房，房改房，满5唯一,210万,中楼层                                    (共9层)                                                                  2室1厅 | 52.99平米                                  | 东南,http://ke-image.ljcdn.com/110000-inspection/pc1_THM4nsm9A_1.jpg!m_fill,w_280,h_210,f_jpg?from=ke.com
20210126,荔湾,西门口,西门口原装电梯房  2 室1厅  大阳台  近地铁,280万,低楼层                                    (共15层)                                                                  2室1厅 | 55.28平米                                  | 东北,http://ke-image.ljcdn.com/110000-inspection/pc1_WD0PjMpzs_1.jpg!m_fill,w_280,h_210,f_jpg?from=ke.com
20210126,荔湾,西门口,房建大厦原装电梯大两房，通风采光视野好，近地铁,400万,高楼层                                    (共25层)                                                                      | 1996年建 |                                2室2厅 | 105平米                                  | 北,http://ke-image.ljcdn.com/110000-inspection/pc1_A7ao55oF7_1.jpg!m_fill,w_280,h_210,f_jpg?from=ke.com
20210126,荔湾,西门口,朝天路 3室2厅 东 南 北,390万,高楼层                                    (共7层)                                                                      | 1990年建 |                                3室2厅 | 89.31平米                                  | 东 南 北,http://ke-image.ljcdn.com/110000-inspection/pc1_5qwsd6Lt7_1.jpg!m_fill,w_280,h_210,f_jpg?from=ke.com
20210126,荔湾,西门口,精装修 舒适大两房  视野无遮挡 南北通透,177万,高楼层                                    (共8层)                                                                  2室1厅 | 49.53平米                                  | 南 北,http://ke-image.ljcdn.com/110000-inspection/pc1_WiPz3BU7m_1.jpg!m_fill,w_280,h_210,f_jpg?from=ke.com
20210126,荔湾,西门口,纸行路 西门口地旁 中层全明屋 看房方便,195万,中楼层                                    (共8层)                                                                  2室1厅 | 49.49平米                                  | 北,http://ke-image.ljcdn.com/110000-inspection/pc1_PM0PuVKoK_1.jpg!m_fill,w_280,h_210,f_jpg?from=ke.com
20210126,荔湾,西门口,满五唯一 免个税  低楼层 近地铁 西门口地铁500米,185万,低楼层                                    (共8层)                                                                  1室1厅 | 58.29平米                                  | 东,http://ke-image.ljcdn.com/440100-inspection/pc1_1fkKZjycC_1.jpg!m_fill,w_280,h_210,f_jpg?from=ke.com
20210126,荔湾,西门口,此房框架结构，满五年，格局方正，视野开阔无遮挡,320万,中楼层                                    (共7层)                                                                  3室2厅 | 99平米                                  | 西 北,http://ke-image.ljcdn.com/110000-inspection/pc1_sVq20E3nB_1.jpg!m_fill,w_280,h_210,f_jpg?from=ke.com
20210126,荔湾,西门口,海珠中路 ，简单装修，房间出阳台，近地铁看房方便。,320万,中楼层                                    (共7层)                                                                  3室2厅 | 99平米                                  | 西 北,http://ke-image.ljcdn.com/110000-inspection/pc1_L5iCgGanR_1.jpg!m_fill,w_280,h_210,f_jpg?from=ke.com
20210126,荔湾,西门口,光塔路 中层两房 厅出阳台 光线通风好,156万,高楼层                                    (共9层)                                                                      | 1985年建 |                                2室1厅 | 45.95平米                                  | 西北,http://ke-image.ljcdn.com/110000-inspection/pc1_xneBXwBy8_1.jpg!m_fill,w_280,h_210,f_jpg?from=ke.com
20210126,荔湾,西门口,西门口 方正两房 厅出阳台 东南朝向,190万,高楼层                                    (共9层)                                                                      | 1996年建 |                                2室1厅 | 58.31平米                                  | 东 南 西,http://ke-image.ljcdn.com/110000-inspection/pc1_4ilG3u1uF_1.jpg!m_fill,w_280,h_210,f_jpg?from=ke.com
20210126,荔湾,西门口,西门口 进步里 户型方正，三面单边，南北西没遮挡,238万,高楼层                                    (共8层)                                                                  2室1厅 | 70平米                                  | 东,http://ke-image.ljcdn.com/110000-inspection/pc1_g9SWuAE2M_1.jpg!m_fill,w_280,h_210,f_jpg?from=ke.com
20210126,荔湾,西门口,近地铁  采光好  无遮挡 厅出阳台,300万,高楼层                                    (共9层)                                                                  3室1厅 | 89.51平米                                  | 东南,http://ke-image.ljcdn.com/110000-inspection/pc1_xSzvdao1I_1.jpg!m_fill,w_280,h_210,f_jpg?from=ke.com
20210126,荔湾,西门口,纸行路 实用三房 全明 中层单位 住家精装修,258万,中楼层                                    (共7层)                                                                  3室1厅 | 61.76平米                                  | 南 西 北,http://ke-image.ljcdn.com/110000-inspection/pc1_p8zFIg1Mh_1.jpg!m_fill,w_280,h_210,f_jpg?from=ke.com
20210126,荔湾,西门口,省级东风西 通风采光好 方正两房,200万,中楼层                                    (共9层)                                                                  2室1厅 | 47.86平米                                  | 北,http://ke-image.ljcdn.com/110000-inspection/pc1_ucYY9PkTL_1.jpg!m_fill,w_280,h_210,f_jpg?from=ke.com
20210126,荔湾,西门口,百灵路 全明实用一房一 朝东 优质小区,135万,高楼层                                    (共9层)                                                                  1室1厅 | 36.01平米                                  | 东,http://ke-image.ljcdn.com/110000-inspection/pc1_k9YyGWK9A_1.jpg!m_fill,w_280,h_210,f_jpg?from=ke.com
20210126,荔湾,西门口,光塔路 两房一厅 户型方正 通风采光好,158万,高楼层                                    (共8层)                                                                  2室1厅 | 48.16平米                                  | 东南,http://ke-image.ljcdn.com/110000-inspection/pc1_s8S0GGCF0_1.jpg!m_fill,w_280,h_210,f_jpg?from=ke.com
20210126,荔湾,西门口,房建大厦 电梯南向两房 厅出阳台,223万,低楼层                                    (共25层)                                                                      | 1996年建 |                                2室1厅 | 53平米                                  | 南,http://ke-image.ljcdn.com/440100-inspection/pc1_75Epnsa1E_1.jpg!m_fill,w_280,h_210,f_jpg?from=ke.com
20210126,荔湾,西门口,西门口地铁 低层两房 格局方正 厅出阳台,188万,中楼层                                    (共7层)                                                                  2室1厅 | 54.53平米                                  | 西南,http://ke-image.ljcdn.com/110000-inspection/pc1_LLAgHZAfg_1.jpg!m_fill,w_280,h_210,f_jpg?from=ke.com
20210126,荔湾,西门口,诚心出售 户型方正格局好 交通方便 配套齐全,134万,高楼层                                    (共8层)                                                                  2室1厅 | 41.44平米                                  | 西南,http://ke-image.ljcdn.com/110000-inspection/pc1_9YNsiwiQy_1.jpg!m_fill,w_280,h_210,f_jpg?from=ke.com
20210126,荔湾,西门口,西门口 间隔方正 有天台花园 三面采光,200万,高楼层                                    (共6层)                                                                      | 1995年建 |                                2室1厅 | 52.7平米                                  | 东南,http://ke-image.ljcdn.com/440100-inspection/pc1_U8Eeyf3l7_1.jpg!m_fill,w_280,h_210,f_jpg?from=ke.com
20210126,荔湾,西门口,米市路 精致装修 低层两房一厅 框架结构 采光通透,160万,中楼层                                    (共4层)                                                                  2室1厅 | 40.67平米                                  | 南 北,http://ke-image.ljcdn.com/110000-inspection/pc1_wi68dm3it_1.jpg!m_fill,w_280,h_210,f_jpg?from=ke.com
20210126,荔湾,西门口,六榕路 朝天中楼层 生活交通方便,210万,中楼层                                    (共5层)                                                                  2室1厅 | 47平米                                  | 东南,http://ke-image.ljcdn.com/110000-inspection/pc1_OjZgnUHhv_1.jpg!m_fill,w_280,h_210,f_jpg?from=ke.com
20210126,荔湾,西门口,交通便利，户型方正，通风采光好，,82万,中楼层                                    (共8层)                                                                  1室0厅 | 13.93平米                                  | 南,http://ke-image.ljcdn.com/110000-inspection/pc1_tpqJ0AaGv_1.jpg!m_fill,w_280,h_210,f_jpg?from=ke.com
20210126,荔湾,西门口,西门板块 东北向原装电梯三房 住家装修,258万,中楼层                                    (共8层)                                                                  3室1厅 | 65.54平米                                  | 东北,http://ke-image.ljcdn.com/110000-inspection/pc1_5okTrOF3a_1.jpg!m_fill,w_280,h_210,f_jpg?from=ke.com
20210126,荔湾,西门口,六榕路 海珠北路 仓前街 楼梯低层  4房两厅,350万,低楼层                                    (共8层)                                                                  4室2厅 | 89.58平米                                  | 东,http://ke-image.ljcdn.com/110000-inspection/pc1_kznpi5qWz_1.jpg!m_fill,w_280,h_210,f_jpg?from=ke.com
20210126,荔湾,西门口,西门口低层大两房，装修新，拧包入住,193万,低楼层                                    (共8层)                                                                  2室2厅 | 51.44平米                                  | 北,http://ke-image.ljcdn.com/110000-inspection/pc1_oYS5V64ON_1.jpg!m_fill,w_280,h_210,f_jpg?from=ke.com
20210126,荔湾,西门口,户型方正，采光明亮，附带天台，省级朝小,328万,高楼层                                    (共9层)                                                                      | 2000年建 |                                2室2厅 | 73.02平米                                  | 南 北,http://ke-image.ljcdn.com/110000-inspection/pc1_VZiExuUJq_1.jpg!m_fill,w_280,h_210,f_jpg?from=ke.com
20210126,荔湾,西门口,朝天路 实用一房一厅 三面朝向 朝小校园,125万,高楼层                                    (共7层)                                                                      | 1990年建 |                                1室1厅 | 19.61平米                                  | 东 西 南,http://ke-image.ljcdn.com/110000-inspection/pc1_ZdN8r3BzH_1.jpg!m_fill,w_280,h_210,f_jpg?from=ke.com
20210126,荔湾,西门口,纸行路中楼层五楼，南北对流好房必看好房,280万,中楼层                                    (共7层)                                                                  3室1厅 | 91.49平米                                  | 东南 南,http://ke-image.ljcdn.com/110000-inspection/pc1_27cl69vGs_1.jpg!m_fill,w_280,h_210,f_jpg?from=ke.com
20210126,荔湾,西门口,朝天路，老城区配套完善，交通便利,255万,中楼层                                    (共9层)                                                                      | 1990年建 |                                2室1厅 | 48.77平米                                  | 东南,http://ke-image.ljcdn.com/110000-inspection/pc1_hDfkeiRU1_1.jpg!m_fill,w_280,h_210,f_jpg?from=ke.com
20210126,荔湾,西门口,东南北朝向带入户花园 三面单边马仔外墙 地铁五百米,215万,中楼层                                    (共7层)                                                                      | 1980年建 |                                3室1厅 | 51.87平米                                  | 东南,http://ke-image.ljcdn.com/110000-inspection/pc1_hoRUuQs1O_1.jpg!m_fill,w_280,h_210,f_jpg?from=ke.com
20210126,荔湾,西门口,正规低层两房 满族 大两房 厅出阳台,170万,中楼层                                    (共6层)                                                                  2室1厅 | 40.7平米                                  | 东南,http://ke-image.ljcdn.com/110000-inspection/pc1_stV86qNqG_1.jpg!m_fill,w_280,h_210,f_jpg?from=ke.com
20210126,荔湾,西门口,进步里 一房一厅采光通风好 满五年优质产权 东南向,154万,中楼层                                    (共10层)                                                                      | 1996年建 |                                1室1厅 | 44.04平米                                  | 东南,http://ke-image.ljcdn.com/110000-inspection/pc1_3MITdCduM_1.jpg!m_fill,w_280,h_210,f_jpg?from=ke.com
20210126,荔湾,西门口,海珠中路，中层，框架结构，视野开阔必看好房,188万,高楼层                                    (共7层)                                                                  3室1厅 | 51平米                                  | 东北,http://ke-image.ljcdn.com/110000-inspection/pc1_TfYQLxOCA_1.jpg!m_fill,w_280,h_210,f_jpg?from=ke.com
20210126,荔湾,西门口,百灵路，优质社区，小两房采光舒适,152万,中楼层                                    (共7层)                                                                  2室1厅 | 50平米                                  | 东南,http://ke-image.ljcdn.com/110000-inspection/pc1_WPh5D4d4O_1.jpg!m_fill,w_280,h_210,f_jpg?from=ke.com
20210126,荔湾,西门口,纸行路 新净全明两房 采光通风,188万,中楼层                                    (共9层)                                                                  2室1厅 | 49.85平米                                  | 北,http://ke-image.ljcdn.com/110000-inspection/pc1_yD5VyAyWa_1.jpg!m_fill,w_280,h_210,f_jpg?from=ke.com
20210126,荔湾,西门口,电梯大两房 厅出阳台 南向 精装修,380万,高楼层                                    (共9层)                                                                  2室1厅 | 78.3平米                                  | 南,http://ke-image.ljcdn.com/110000-inspection/pc1_u60i3yU7q_1.jpg!m_fill,w_280,h_210,f_jpg?from=ke.com
20210126,荔湾,西门口,六榕路福泉街 低层朝小全明屋 采光靓爆,86万,低楼层                                    (共6层)                                                                  1室1厅 | 24.93平米                                  | 东南,http://ke-image.ljcdn.com/110000-inspection/pc1_zHoQ4qFfU_1.jpg!m_fill,w_280,h_210,f_jpg?from=ke.com
20210126,荔湾,西门口,交通便利，地理位置佳，生活配套完善，光线视野好,223万,中楼层                                    (共8层)                                                                      | 1988年建 |                                2室1厅 | 55.76平米                                  | 东,http://ke-image.ljcdn.com/110000-inspection/pc1_p5qsnlIHC_1.jpg!m_fill,w_280,h_210,f_jpg?from=ke.com
20210126,荔湾,西门口,西门口旁，附有30方平台花园，低楼层,290万,低楼层                                    (共6层)                                                                      | 1985年建 |                                3室1厅 | 71.02平米                                  | 南 北,http://ke-image.ljcdn.com/110000-inspection/pc1_orNrpJwig_1.jpg!m_fill,w_280,h_210,f_jpg?from=ke.com
20210126,荔湾,西门口,海珠北路 4室2厅 北,550万,中楼层                                    (共9层)                                                                  4室2厅 | 117.42平米                                  | 北,http://ke-image.ljcdn.com/110000-inspection/pc1_O09wOg2qZ_1.jpg!m_fill,w_280,h_210,f_jpg?from=ke.com
20210126,荔湾,西门口,朝天路 小户型 易自用 交通方便,120万,高楼层                                    (共7层)                                                                  1室1厅 | 29.23平米                                  | 东,http://ke-image.ljcdn.com/110000-inspection/pc1_cZPLuEhhq_1.jpg!m_fill,w_280,h_210,f_jpg?from=ke.com
20210126,荔湾,西门口,美东大厦 2室2厅 西北,398万,中楼层                                    (共28层)                                                                      | 2000年建 |                                2室2厅 | 86.5平米                                  | 西北,http://ke-image.ljcdn.com/110000-inspection/pc1_SDTAducgR_1.jpg!m_fill,w_280,h_210,f_jpg?from=ke.com
20210126,荔湾,西门口,西门口  中层两房  交通便利,205万,中楼层                                    (共8层)                                                                  2室1厅 | 58平米                                  | 东,http://ke-image.ljcdn.com/110000-inspection/pc1_s9woPXRi1_1.jpg!m_fill,w_280,h_210,f_jpg?from=ke.com
20210126,荔湾,西门口,西门口地铁次新小区，精装一房一厅，高层视野好,314万,中楼层                                    (共31层)                                                                      | 2010年建 |                                1室1厅 | 43.03平米                                  | 南,http://ke-image.ljcdn.com/110000-inspection/pc1_IYIsAO362_1.jpg!m_fill,w_280,h_210,f_jpg?from=ke.com
20210126,荔湾,西门口,纸行路莲花巷西门口地铁站 南向带天台 有位置加装电梯,235万,高楼层                                    (共8层)                                                                  2室1厅 | 65.25平米                                  | 南,http://ke-image.ljcdn.com/110000-inspection/pc1_dghIMEeZH_1.jpg!m_fill,w_280,h_210,f_jpg?from=ke.com
20210126,荔湾,西门口,海珠北路 低层全明三房带主套 厅出阳台,220万,中楼层                                    (共8层)                                                                  3室1厅 | 57.61平米                                  | 西南,http://ke-image.ljcdn.com/110000-inspection/pc1_GRYt0eV6c_1.jpg!m_fill,w_280,h_210,f_jpg?from=ke.com
20210126,荔湾,西门口,电梯四房，东南北朝向，户型方正，通风采光好,420万,中楼层                                    (共7层)                                                                      | 1988年建 |                                4室1厅 | 87.32平米                                  | 东南 北,http://ke-image.ljcdn.com/110000-inspection/pc1_d74M0wMHp_1.jpg!m_fill,w_280,h_210,f_jpg?from=ke.com
20210126,荔湾,西门口,原装电梯，近西门口地铁，出行方便。,257万,中楼层                                    (共15层)                                                                      | 1994年建 |                                2室1厅 | 57.63平米                                  | 东南,http://ke-image.ljcdn.com/110000-inspection/pc1_WF76Fcw2c_1.jpg!m_fill,w_280,h_210,f_jpg?from=ke.com
20210126,荔湾,西门口,户型方正，采光好，交通便利，社区环境优美  。,210万,高楼层                                    (共9层)                                                                  3室1厅 | 60.88平米                                  | 北,http://ke-image.ljcdn.com/110000-inspection/pc1_8Lq1pFDi5_1.jpg!m_fill,w_280,h_210,f_jpg?from=ke.com
20210126,荔湾,西门口,此房满五唯一物业，高层光通风，视野开阔,160万,高楼层                                    (共8层)                                                                  2室1厅 | 57.29平米                                  | 西南,http://ke-image.ljcdn.com/110000-inspection/pc1_3QuTmVvP0_1.jpg!m_fill,w_280,h_210,f_jpg?from=ke.com
20210126,荔湾,西门口,西门口 海珠中路 中层实用两房 单边,225万,中楼层                                    (共7层)                                                                  2室2厅 | 59.68平米                                  | 西,http://ke-image.ljcdn.com/110000-inspection/pc1_SEvOAVwd1_1.jpg!m_fill,w_280,h_210,f_jpg?from=ke.com
20210126,荔湾,西门口,仓 前大 厦电梯标准一房近地铁，,220万,高楼层                                    (共18层)                                                                      | 1996年建 |                                1室0厅 | 40.73平米                                  | 西北,http://ke-image.ljcdn.com/110000-inspection/pc1_nAwBz2mZh_1.jpg!m_fill,w_280,h_210,f_jpg?from=ke.com
20210126,荔湾,西门口,1号线西门口地铁站旁  低层精装两房,140万,高楼层                                    (共4层)                                                                  2室1厅 | 30.31平米                                  | 西南,http://ke-image.ljcdn.com/110000-inspection/pc1_QORT5iEll_1.jpg!m_fill,w_280,h_210,f_jpg?from=ke.com
20210126,荔湾,西门口,{爱大厦 西门口地铁站旁装修保养好,528万,低楼层                                    (共22层)                                                                      | 1995年建 |                                3室2厅 | 150平米                                  | 南,http://ke-image.ljcdn.com/110000-inspection/pc1_TONo1XU1Q_1.jpg!m_fill,w_280,h_210,f_jpg?from=ke.com
20210126,荔湾,西门口,净慧路中层加装电梯中，方正两房，光线好,235万,高楼层                                    (共8层)                                                                  2室1厅 | 66.96平米                                  | 东南,http://ke-image.ljcdn.com/110000-inspection/pc1_Y1GmIy5G4_1.jpg!m_fill,w_280,h_210,f_jpg?from=ke.com
20210126,荔湾,西门口,纸行路  新中式  低层全明三房 东南向 厅出阳台,298万,低楼层                                    (共3层)                                                                  3室1厅 | 78.5平米                                  | 东,http://ke-image.ljcdn.com/110000-inspection/pc1_aGqFlO7bX_1.jpg!m_fill,w_280,h_210,f_jpg?from=ke.com
20210126,荔湾,西门口,海珠北路  高层四房   南北采光,270万,高楼层                                    (共8层)                                                                      | 1985年建 |                                4室2厅 | 77.95平米                                  | 北,http://ke-image.ljcdn.com/440100-inspection/pc1_Cs5Gx5Hgv_1.jpg!m_fill,w_280,h_210,f_jpg?from=ke.com
20210126,荔湾,西门口,双地铁靓盘 全明两房一厅 户型方正 采光好,235万,高楼层                                    (共8层)                                                                  2室1厅 | 63.48平米                                  | 东,http://ke-image.ljcdn.com/110000-inspection/pc1_znTnV2Gpy_1.jpg!m_fill,w_280,h_210,f_jpg?from=ke.com
20210126,荔湾,西门口,海珠中路 两房一厅 南北朝向 交通便利,163万,高楼层                                    (共8层)                                                                  2室1厅 | 56.16平米                                  | 南 北,http://ke-image.ljcdn.com/110000-inspection/pc1_h9DyLtbBh_1.jpg!m_fill,w_280,h_210,f_jpg?from=ke.com
20210126,荔湾,西门口,西门口地铁+原装电梯+随时可交易+住家精装修,220万,低楼层                                    (共18层)                                                                      | 1996年建 |                                1室1厅 | 50.89平米                                  | 东,http://ke-image.ljcdn.com/110000-inspection/pc1_iRIKfxj8k_1.jpg!m_fill,w_280,h_210,f_jpg?from=ke.com
20210126,荔湾,西门口,纸行路 低层三楼 实用三房 装修精致 位置好 配套好,201万,中楼层                                    (共4层)                                                                  3室1厅 | 54.18平米                                  | 南,http://ke-image.ljcdn.com/110000-inspection/pc1_c9gPVnDM7_1.jpg!m_fill,w_280,h_210,f_jpg?from=ke.com
20210126,荔湾,西门口,满五唯一  采光好   户型方正,100万,高楼层                                    (共7层)                                                                  1室1厅 | 27.1平米                                  | 东南,http://ke-image.ljcdn.com/110000-inspection/pc1_EyK1MWshx_1.jpg!m_fill,w_280,h_210,f_jpg?from=ke.com
20210126,荔湾,西门口,海珠中路近地 铁 正规精装两房,228万,高楼层                                    (共6层)                                                                  2室1厅 | 50.5平米                                  | 东,http://ke-image.ljcdn.com/110000-inspection/pc1_ATIMEuxmE_1.jpg!m_fill,w_280,h_210,f_jpg?from=ke.com
20210126,荔湾,西门口,米市路 实用精装中层两房 生活便利  新婚宜居,120万,中楼层                                    (共9层)                                                                  2室1厅 | 33.92平米                                  | 南,http://ke-image.ljcdn.com/110000-inspection/pc1_YbT2VRhmy_1.jpg!m_fill,w_280,h_210,f_jpg?from=ke.com
20210126,荔湾,西门口,西门口 海珠中路 中层实用两房 单边采光,210万,高楼层                                    (共9层)                                                                      | 1986年建 |                                2室1厅 | 65.81平米                                  | 南,http://ke-image.ljcdn.com/440100-inspection/pc1_hwofFSxfu_1.jpg!m_fill,w_280,h_210,f_jpg?from=ke.com
20210126,荔湾,西门口,海珠北路大单间采光好，通风好，户型方正,69.5万,高楼层                                    (共8层)                                                                  1室0厅 | 22.67平米                                  | 北,http://ke-image.ljcdn.com/110000-inspection/pc1_SiMFAUzkl_1.jpg!m_fill,w_280,h_210,f_jpg?from=ke.com
20210126,荔湾,西门口,户型方正，旺中带静，居住舒适。,210万,中楼层                                    (共9层)                                                                  3室1厅 | 49.68平米                                  | 东南,http://ke-image.ljcdn.com/110000-inspection/pc1_uhYSlJR64_1.jpg!m_fill,w_280,h_210,f_jpg?from=ke.com
20210126,荔湾,西门口,低总价两房，南北向，住家精装修,130万,高楼层                                    (共8层)                                                                  2室1厅 | 36.34平米                                  | 南 北,http://ke-image.ljcdn.com/110000-inspection/pc1_nXunyeLtV_1.jpg!m_fill,w_280,h_210,f_jpg?from=ke.com
20210126,荔湾,西门口,西门口低层精装全明三房双阳台。,240万,低楼层                                    (共6层)                                                                  3室1厅 | 67.83平米                                  | 西南,http://ke-image.ljcdn.com/110000-inspection/pc1_im5qvJlQK_1.jpg!m_fill,w_280,h_210,f_jpg?from=ke.com
20210126,荔湾,西门口,海珠中路杏花巷，中层，旧，但便宜，模范社区，配套好,49万,高楼层                                    (共6层)                                                                  1室0厅 | 14.19平米                                  | 东,http://ke-image.ljcdn.com/110000-inspection/pc1_8Sv2lPHom_1.jpg!m_fill,w_280,h_210,f_jpg?from=ke.com
20210126,荔湾,西门口,朝天路 楼梯精致四房 东南朝向,535万,中楼层                                    (共9层)                                                                  4室2厅 | 114.73平米                                  | 东南,http://ke-image.ljcdn.com/110000-inspection/pc1_KrAWdBaaE_1.jpg!m_fill,w_280,h_210,f_jpg?from=ke.com
20210126,荔湾,西门口,双地铁 六榕路 通风光猛 厅出阳台 大院管理随时看房,295万,高楼层                                    (共9层)                                                                  3室1厅 | 86.7平米                                  | 东南,http://ke-image.ljcdn.com/110000-inspection/pc1_21B0bZ51Y_1.jpg!m_fill,w_280,h_210,f_jpg?from=ke.com
20210126,荔湾,西门口,西门口精致一房，住家装修，出租自住都合适,105万,高楼层                                    (共9层)                                                                  1室1厅 | 34.04平米                                  | 南 西,http://ke-image.ljcdn.com/110000-inspection/pc1_ntNN1UFds_1.jpg!m_fill,w_280,h_210,f_jpg?from=ke.com
20210126,荔湾,西门口,纸行路 中楼层 电梯已出公示 光线好,348万,中楼层                                    (共9层)                                                                  2室1厅 | 91.55平米                                  | 东南,http://ke-image.ljcdn.com/440100-inspection/pc1_Y8Xgd6ewE_1.jpg!m_fill,w_280,h_210,f_jpg?from=ke.com
20210126,荔湾,西门口,省级朝天路房子户型方正，采光楼层好，楼下环境安静，,110万,低楼层                                    (共8层)                                                                      | 1990年建 |                                1室1厅 | 24.18平米                                  | 西,http://ke-image.ljcdn.com/110000-inspection/pc1_EjMjkmKUA_1.jpg!m_fill,w_280,h_210,f_jpg?from=ke.com
20210126,荔湾,西门口,东风西 南向大三房  原装电梯电梯楼,430万,中楼层                                    (共15层)                                                                      | 1995年建 |                                3室1厅 | 97平米                                  | 东,http://ke-image.ljcdn.com/110000-inspection/pc1_LdRmwQ6pv_1.jpg!m_fill,w_280,h_210,f_jpg?from=ke.com
20210126,荔湾,西门口,海珠中路 交通便利 旺中带静 通风采光好,196万,高楼层                                    (共8层)                                                                  2室1厅 | 64平米                                  | 南 北,http://ke-image.ljcdn.com/110000-inspection/pc1_q0dRwRVeP_1.jpg!m_fill,w_280,h_210,f_jpg?from=ke.com
20210126,荔湾,西门口,此房商品过两年，光线视野好 近地铁 地理位置佳,118万,高楼层                                    (共9层)                                                                  2室1厅 | 33.14平米                                  | 东,http://ke-image.ljcdn.com/110000-inspection/pc1_tpAI4L4Qv_1.jpg!m_fill,w_280,h_210,f_jpg?from=ke.com
20210126,荔湾,西门口,纪念堂地铁 六榕路小区 精装中层三房间隔方正,335万,中楼层                                    (共9层)                                                                      | 1990年建 |                                3室1厅 | 95.44平米                                  | 东北,http://ke-image.ljcdn.com/440100-inspection/prod-c6f56345-5adc-42fb-8889-693fdc102e58.jpg!m_fill,w_280,h_210,f_jpg?from=ke.com
20210126,荔湾,西门口,精装修 小院管理 楼梯中层 舒适两房,119万,中楼层                                    (共8层)                                                                      | 1998年建 |                                2室1厅 | 35.28平米                                  | 东,http://ke-image.ljcdn.com/110000-inspection/pc1_hreYRxlh3_1.jpg!m_fill,w_280,h_210,f_jpg?from=ke.com
20210126,荔湾,西门口,省朝天路标准两房一厅有位置加装电梯,250万,高楼层                                    (共9层)                                                                      | 2005年建 |                                2室1厅 | 59.87平米                                  | 北,http://ke-image.ljcdn.com/110000-inspection/pc1_MGcdrAx18_1.jpg!m_fill,w_280,h_210,f_jpg?from=ke.com
20210126,荔湾,西门口,六榕路 1室1厅 东,127万,高楼层                                    (共9层)                                                                  1室1厅 | 39.82平米                                  | 东,http://ke-image.ljcdn.com/110000-inspection/pc1_OzYPhPLt8_1.jpg!m_fill,w_280,h_210,f_jpg?from=ke.com
20210126,荔湾,西门口,房屋简单装修，一楼层，交通、生活设施一应俱全。,128万,低楼层                                    (共9层)                                                                  1室1厅 | 27.19平米                                  | 东,http://ke-image.ljcdn.com/110000-inspection/pc1_shZv9Adia_1.jpg!m_fill,w_280,h_210,f_jpg?from=ke.com
20210126,荔湾,西门口,近西门口地铁，正规四房双阳台。,330万,高楼层                                    (共9层)                                                                  4室1厅 | 96平米                                  | 南 北 西,http://ke-image.ljcdn.com/110000-inspection/pc1_PF9nH2TIO_1.jpg!m_fill,w_280,h_210,f_jpg?from=ke.com
20210126,荔湾,西门口,朝天路 中层三房 交通便利 户型方正 采光很好,480万,中楼层                                    (共9层)                                                                  3室2厅 | 102.49平米                                  | 南,http://ke-image.ljcdn.com/110000-inspection/pc1_pqBHa4YqB_1.jpg!m_fill,w_280,h_210,f_jpg?from=ke.com
20210126,荔湾,西门口,惠福西路 大院管理 低楼层 三房带主套 全明屋,435万,中楼层                                    (共9层)                                                                      | 1988年建 |                                3室2厅 | 112.18平米                                  | 东 西,http://ke-image.ljcdn.com/110000-inspection/pc1_EQprYBd50_1.jpg!m_fill,w_280,h_210,f_jpg?from=ke.com
20210126,荔湾,西门口,光塔路，精装修，房子南北通透，视野广阔。,159万,高楼层                                    (共7层)                                                                  2室1厅 | 44.62平米                                  | 南 北,http://ke-image.ljcdn.com/110000-inspection/pc1_YqbDzIvNC_1.jpg!m_fill,w_280,h_210,f_jpg?from=ke.com
20210126,荔湾,西门口,海珠北路 中层四楼 精装三房 东南北向 证过两年,245万,中楼层                                    (共6层)                                                                  3室1厅 | 84.59平米                                  | 东南 北,http://ke-image.ljcdn.com/110000-inspection/pc1_7ZVuf8MYZ_1.jpg!m_fill,w_280,h_210,f_jpg?from=ke.com
20210126,荔湾,西门口,户型方正 采光好 交通便利 社区环境优美,175万,中楼层                                    (共6层)                                                                      | 1985年建 |                                2室1厅 | 44.62平米                                  | 西南,http://ke-image.ljcdn.com/110000-inspection/pc1_Ij89ONPTV_1.jpg!m_fill,w_280,h_210,f_jpg?from=ke.com
20210126,荔湾,西门口,光塔路 六楼三房 南北东朝向 带有独立天台实用,268万,高楼层                                    (共6层)                                                                  3室1厅 | 54.79平米                                  | 东 南 北,http://ke-image.ljcdn.com/110000-inspection/pc1_z5iCZJx4y_1.jpg!m_fill,w_280,h_210,f_jpg?from=ke.com
20210126,荔湾,西门口,海珠中路 低层三房 精新装修 方正实用必看好房,173万,中楼层                                    (共6层)                                                                      | 1995年建 |                                3室2厅 | 55.4平米                                  | 南,http://ke-image.ljcdn.com/110000-inspection/pc1_jkV38eTJy_1.jpg!m_fill,w_280,h_210,f_jpg?from=ke.com
20210126,荔湾,西门口,交通便利，地理位置佳，生活配套完善，光线视野好,244万,中楼层                                    (共8层)                                                                  3室2厅 | 55.73平米                                  | 南,http://ke-image.ljcdn.com/110000-inspection/pc1_9SB17DXSa_1.jpg!m_fill,w_280,h_210,f_jpg?from=ke.com
20210126,荔湾,西门口,精装修，南北向，间隔好，光线好 实用高,265万,高楼层                                    (共8层)                                                                      | 1989年建 |                                3室1厅 | 67.18平米                                  | 南 北,http://ke-image.ljcdn.com/110000-inspection/pc1_OuFNm8bml_1.jpg!m_fill,w_280,h_210,f_jpg?from=ke.com
20210126,荔湾,西门口,光塔路 中层两房 采光好 交通便利,180万,中楼层                                    (共6层)                                                                      | 1985年建 |                                2室1厅 | 59.86平米                                  | 东 西,http://ke-image.ljcdn.com/110000-inspection/pc1_kPNKGJG5p_1.jpg!m_fill,w_280,h_210,f_jpg?from=ke.com
20210126,荔湾,西门口,低楼层，精装修三房带主套，光线明亮。,188万,中楼层                                    (共8层)                                                                  3室2厅 | 55.72平米                                  | 西北,http://ke-image.ljcdn.com/110000-inspection/pc1_sF1YszMDS_1.jpg!m_fill,w_280,h_210,f_jpg?from=ke.com
20210126,荔湾,西门口,西门口 实用小两房 精致装修 拎包入住,127万,高楼层                                    (共7层)                                                                  2室1厅 | 26.04平米                                  | 东,http://ke-image.ljcdn.com/110000-inspection/pc1_JZikQRnts_1.jpg!m_fill,w_280,h_210,f_jpg?from=ke.com
20210126,荔湾,西门口,独门独户 宜商宜居 通风对流 采光一级,215万,低楼层                                    (共8层)                                                                  2室1厅 | 46.41平米                                  | 东,http://ke-image.ljcdn.com/110000-inspection/pc1_m8f91w7V1_1.jpg!m_fill,w_280,h_210,f_jpg?from=ke.com
20210126,荔湾,西门口,越秀上品轩 地铁《西门口》上盖带主套,765万,低楼层                                    (共31层)                                                                      | 2010年建 |                                3室2厅 | 106.6平米                                  | 南 北,http://ke-image.ljcdn.com/110000-inspection/pc1_aNltDkjce_1.jpg!m_fill,w_280,h_210,f_jpg?from=ke.com
20210126,荔湾,西门口,光塔路三房 户型方正多面通风采光  住家装修保养好,390万,中楼层                                    (共8层)                                                                      | 1989年建 |                                3室2厅 | 106.17平米                                  | 南 西 北 东南 东,http://ke-image.ljcdn.com/110000-inspection/pc1_IlhhHHejy_1.jpg!m_fill,w_280,h_210,f_jpg?from=ke.com
20210126,荔湾,西门口,电梯中层三房，厅出阳台，西门口地铁站,416万,中楼层                                    (共15层)                                                                      | 2000年建 |                                3室1厅 | 89.05平米                                  | 西北,http://ke-image.ljcdn.com/110000-inspection/pc1_5raS6Wwh4_1.jpg!m_fill,w_280,h_210,f_jpg?from=ke.com
20210126,荔湾,西门口,统战部大院 大院管理 加装电梯  百年朝小,535万,高楼层                                    (共8层)                                                                      | 1980年建 |                                3室1厅 | 86平米                                  | 东,http://ke-image.ljcdn.com/110000-inspection/pc1_5dEk4lvag_1.jpg!m_fill,w_280,h_210,f_jpg?from=ke.com
20210126,荔湾,西门口,光塔路 一房一厅 光猛 视野好 中楼层,115万,中楼层                                    (共7层)                                                                  1室1厅 | 29.99平米                                  | 北,http://ke-image.ljcdn.com/110000-inspection/pc1_oq2N8u9Mz_1.jpg!m_fill,w_280,h_210,f_jpg?from=ke.com
20210126,荔湾,西门口,公园前 六榕路小区  南向单位   随时看房,398万,低楼层                                    (共2层)                                                                  3室1厅 | 80.8平米                                  | 东,http://ke-image.ljcdn.com/110000-inspection/pc1_ZJ0mKO5H6_1.jpg!m_fill,w_280,h_210,f_jpg?from=ke.com
20210126,荔湾,西门口,楼下地铁A口   拎包入住 靓南向采光好 商圈配套成熟,350万,中楼层                                    (共31层)                                                                      | 2010年建 |                                1室1厅 | 43.03平米                                  | 南,http://ke-image.ljcdn.com/110000-inspection/pc1_nIKfVzzyr_1.jpg!m_fill,w_280,h_210,f_jpg?from=ke.com
20210126,荔湾,西门口,米市路中层南向三房 朝小 住家普通装修,348万,中楼层                                    (共9层)                                                                      | 1980年建 |                                3室1厅 | 86.22平米                                  | 南,http://ke-image.ljcdn.com/110000-inspection/6c47d846-c86f-4fae-ad6f-68b1979b55f3_1000.jpg!m_fill,w_280,h_210,f_jpg?from=ke.com
20210126,荔湾,西门口,六榕路低楼层一房一厅，公园前繁华商圈，环境安静。,119万,低楼层                                    (共8层)                                                                  1室1厅 | 29.66平米                                  | 东,http://ke-image.ljcdn.com/110000-inspection/pc1_TZQDl6Gvh_1.jpg!m_fill,w_280,h_210,f_jpg?from=ke.com
20210126,荔湾,西门口,中层家装两房 业主自用保养好 采光通风好 生活便利,230万,中楼层                                    (共9层)                                                                  2室1厅 | 68平米                                  | 东南,http://ke-image.ljcdn.com/110000-inspection/pc1_JxCkRGcJj_1.jpg!m_fill,w_280,h_210,f_jpg?from=ke.com
20210126,荔湾,西门口,中层两房 生活便利 房改房产权清晰,160万,中楼层                                    (共5层)                                                                  2室1厅 | 49.75平米                                  | 西南,http://ke-image.ljcdn.com/110000-inspection/pc1_kervYqX7z_1.jpg!m_fill,w_280,h_210,f_jpg?from=ke.com
20210126,荔湾,西门口,仓前大厦7字单边位。厅房双阳台，采光好,580万,中楼层                                    (共18层)                                                                      | 1996年建 |                                3室2厅 | 130.93平米                                  | 东,http://ke-image.ljcdn.com/110000-inspection/pc1_S2Gp8WuUN_1.jpg!m_fill,w_280,h_210,f_jpg?from=ke.com
20210126,荔湾,西门口,朝天路 楼层好 采光充足 旺中带静,255万,中楼层                                    (共9层)                                                                      | 1998年建 |                                2室1厅 | 53.7平米                                  | 东南,http://ke-image.ljcdn.com/110000-inspection/pc1_CZKk9sA43_1.jpg!m_fill,w_280,h_210,f_jpg?from=ke.com
20210126,荔湾,西门口,朝天路 楼层好 采光充足 旺中带静,174万,中楼层                                    (共5层)                                                                  2室1厅 | 49.14平米                                  | 东,http://ke-image.ljcdn.com/110000-inspection/pc1_UXGBbSj3V_1.jpg!m_fill,w_280,h_210,f_jpg?from=ke.com
20210126,荔湾,西门口,光塔路 三房一厅单位 低楼层 出行便利,360万,中楼层                                    (共4层)                                                                  3室1厅 | 92.15平米                                  | 东 南 西,http://ke-image.ljcdn.com/110000-inspection/pc1_TKN86TNfQ_1.jpg!m_fill,w_280,h_210,f_jpg?from=ke.com
20210126,荔湾,西门口,海珠北路一楼，方正小两房，装修新净保养好,170万,低楼层                                    (共8层)                                                                  3室1厅 | 38.82平米                                  | 南,http://ke-image.ljcdn.com/110000-inspection/pc1_r3ovrvauC_1.jpg!m_fill,w_280,h_210,f_jpg?from=ke.com
20210126,荔湾,西门口,海珠中路 电梯两房 户型方正实用,188万,高楼层                                    (共9层)                                                                  2室1厅 | 37.83平米                                  | 南 北,http://ke-image.ljcdn.com/110000-inspection/pc1_etUhmb15a_1.jpg!m_fill,w_280,h_210,f_jpg?from=ke.com
20210126,荔湾,西门口,此房屋内附带精致的住家装修，简约大方,338万,中楼层                                    (共4层)                                                                  3室1厅 | 69.04平米                                  | 东,http://ke-image.ljcdn.com/110000-inspection/pc1_ddeu1tAuS_1.jpg!m_fill,w_280,h_210,f_jpg?from=ke.com
20210126,荔湾,西门口,西门口准电梯楼，精装复式小户型，房出阳台采光通风佳,62万,高楼层                                    (共9层)                                                                      | 1980年建 |                                1室0厅 | 18.28平米                                  | 东,http://ke-image.ljcdn.com/110000-inspection/pc1_Beldy8Bxp_1.jpg!m_fill,w_280,h_210,f_jpg?from=ke.com
20210126,荔湾,西门口,近西门口地铁低层精装三房带花园,182万,低楼层                                    (共7层)                                                                  3室2厅 | 43.51平米                                  | 南 北,http://ke-image.ljcdn.com/440100-inspection/pc1_uiZ54fW2N_1.jpg!m_fill,w_280,h_210,f_jpg?from=ke.com
20210126,荔湾,西门口,西门口地铁C出口 南向厅出阳台 西南向单边采光,185万,高楼层                                    (共7层)                                                                  2室1厅 | 54.4平米                                  | 西南,http://ke-image.ljcdn.com/110000-inspection/pc1_tKwrwXaQf_1.jpg!m_fill,w_280,h_210,f_jpg?from=ke.com
20210126,荔湾,西门口,双地铁 纪念堂 公园前 中层单位 大两房，通风采光,225万,中楼层                                    (共7层)                                                                  2室1厅 | 61.39平米                                  | 东,http://ke-image.ljcdn.com/110000-inspection/pc1_jlP3qW5gD_1.jpg!m_fill,w_280,h_210,f_jpg?from=ke.com
20210126,荔湾,西门口,光塔路一房近地铁交通方便  东南朝向,114.8万,高楼层                                    (共9层)                                                                      | 1985年建 |                                1室1厅 | 34.32平米                                  | 东南,http://ke-image.ljcdn.com/110000-inspection/pc1_YVviDhNZp_1.jpg!m_fill,w_280,h_210,f_jpg?from=ke.com
20210126,荔湾,西门口,朝天路 楼层好 采光充足 旺中带静,313万,中楼层                                    (共9层)                                                                  3室1厅 | 62.22平米                                  | 东,http://ke-image.ljcdn.com/110000-inspection/pc1_6Go2J5HYb_1.jpg!m_fill,w_280,h_210,f_jpg?from=ke.com
20210126,荔湾,西门口,光塔路 低层两房 户型方正实用,300万,低楼层                                    (共6层)                                                                      | 1985年建 |                                2室2厅 | 94.18平米                                  | 东 南,http://ke-image.ljcdn.com/440100-inspection/pc1_UXaphBSUc_1.jpg!m_fill,w_280,h_210,f_jpg?from=ke.com
20210126,荔湾,西门口,海珠中路这套房子商品房过二 大两房一厅，户型方正，,229.99万,高楼层                                    (共8层)                                                                      | 1990年建 |                                2室1厅 | 67.67平米                                  | 北,http://ke-image.ljcdn.com/440100-inspection/prod-4fc10328-56d9-40f4-b918-99693243c246.jpg!m_fill,w_280,h_210,f_jpg?from=ke.com
20210126,荔湾,西门口,纸行路 低层单位 户型方正实用 南北通透,258万,低楼层                                    (共3层)                                                                  3室1厅 | 73.93平米                                  | 南 北,http://ke-image.ljcdn.com/110000-inspection/pc1_dyfkR7bQl_1.jpg!m_fill,w_280,h_210,f_jpg?from=ke.com
20210126,荔湾,西门口,海珠北路 低楼层 自带小庭院 社区环境安静,288万,低楼层                                    (共9层)                                                                      | 1988年建 |                                3室1厅 | 60.28平米                                  | 东,http://ke-image.ljcdn.com/440100-inspection/prod-21bd4b1a-d95f-4bfb-8cf5-df3789e589eb.jpg!m_fill,w_280,h_210,f_jpg?from=ke.com
20210126,荔湾,西门口,电梯三房，户型方正，近地铁，诚意放售！,388万,中楼层                                    (共15层)                                                                  2室2厅 | 63.1平米                                  | 东,http://ke-image.ljcdn.com/110000-inspection/pc1_TaUL5Lqk1_1.jpg!m_fill,w_280,h_210,f_jpg?from=ke.com
20210126,荔湾,西门口,厅出阳台，户型方正，通风采光好！,218万,高楼层                                    (共5层)                                                                      | 1988年建 |                                3室1厅 | 69.31平米                                  | 南,http://ke-image.ljcdn.com/110000-inspection/pc1_7ABIh8oqZ_3.jpg!m_fill,w_280,h_210,f_jpg?from=ke.com
20210126,荔湾,西门口,实用户型 格局方正 房大厅大 采光通风良好，格局方正,168万,中楼层                                    (共8层)                                                                  2室1厅 | 47.18平米                                  | 东 南 北,http://ke-image.ljcdn.com/110000-inspection/pc1_qCyLK8ddu_1.jpg!m_fill,w_280,h_210,f_jpg?from=ke.com
20210126,荔湾,西门口,纸行路白沙巷社区 精选两房 证过五年 业主自住舒适,178万,高楼层                                    (共8层)                                                                  2室1厅 | 54.94平米                                  | 南 北,http://ke-image.ljcdn.com/110000-inspection/pc1_5ph8Oyq4p_1.jpg!m_fill,w_280,h_210,f_jpg?from=ke.com
20210126,荔湾,西门口,海珠中路中层一房   配套齐全,118万,中楼层                                    (共8层)                                                                  1室1厅 | 30.18平米                                  | 东 北,http://ke-image.ljcdn.com/110000-inspection/pc1_W7WmsLG37_1.jpg!m_fill,w_280,h_210,f_jpg?from=ke.com
20210126,荔湾,西门口,光塔路 精装三房 厅出阳台 三面单边 通风采光好,243万,高楼层                                    (共6层)                                                                  3室1厅 | 68.46平米                                  | 东南 西南,http://ke-image.ljcdn.com/440100-inspection/pc1_DiUfoyt3K_1.jpg!m_fill,w_280,h_210,f_jpg?from=ke.com
20210126,荔湾,西门口,光塔路 实用三方 东南向 大阳台 全明屋,350万,中楼层                                    (共6层)                                                                  3室2厅 | 96.01平米                                  | 东南,http://ke-image.ljcdn.com/110000-inspection/pc1_jfrGYjrJF_1.jpg!m_fill,w_280,h_210,f_jpg?from=ke.com
20210126,荔湾,西门口,西门口少有低层大开间出售，老人小孩皆宜,105万,低楼层                                    (共9层)                                                                  1室0厅 | 22.41平米                                  | 南,http://ke-image.ljcdn.com/110000-inspection/pc1_6fYUuYGK6_1.jpg!m_fill,w_280,h_210,f_jpg?from=ke.com
20210126,荔湾,西门口,西门口地铁 中层实用两房 格局方正,238万,中楼层                                    (共8层)                                                                      | 1990年建 |                                2室1厅 | 65平米                                  | 东,http://ke-image.ljcdn.com/110000-inspection/pc1_eJClyJUa1_1.jpg!m_fill,w_280,h_210,f_jpg?from=ke.com
20210126,荔湾,西门口,西门口大户人家选择，海珠北路东南向四房单位，带精装,338万,高楼层                                    (共9层)                                                                      | 1985年建 |                                4室1厅 | 95.25平米                                  | 东南,http://ke-image.ljcdn.com/440100-inspection/pc1_ZPXWQM29H_1.jpg!m_fill,w_280,h_210,f_jpg?from=ke.com
20210126,荔湾,西门口,该房过三年唯一，马赛克外墙，楼龄新，看房方便。,167万,中楼层                                    (共9层)                                                                  2室1厅 | 47.81平米                                  | 东,http://ke-image.ljcdn.com/110000-inspection/pc1_NA5HwjHmC_1.jpg!m_fill,w_280,h_210,f_jpg?from=ke.com
20210126,荔湾,西门口,银行宿舍，住家精装三房，老广居住氛围,230万,中楼层                                    (共8层)                                                                  3室1厅 | 63.64平米                                  | 南 北,http://ke-image.ljcdn.com/440100-inspection/pc1_JsKd7QVce_1.jpg!m_fill,w_280,h_210,f_jpg?from=ke.com
20210126,荔湾,西门口,海珠中路福地大巷、正两房一厅。,220万,高楼层                                    (共8层)                                                                  2室1厅 | 65.48平米                                  | 东,http://ke-image.ljcdn.com/440100-inspection/pc1_7LqFD673i_1.jpg!m_fill,w_280,h_210,f_jpg?from=ke.com
20210126,荔湾,西门口,海珠北路四楼实用两房，两年前新装,152万,中楼层                                    (共6层)                                                                      | 1988年建 |                                2室1厅 | 43.86平米                                  | 东,http://ke-image.ljcdn.com/440100-inspection/pc1_pZoNNVLZX_1.jpg!m_fill,w_280,h_210,f_jpg?from=ke.com
20210126,荔湾,西门口,福地轩 电梯单位 西门口地铁站 通风采光好,280万,高楼层                                    (共15层)                                                                  2室1厅 | 63.92平米                                  | 北,http://ke-image.ljcdn.com/440100-inspection/pc1_cLwuZ9MGD_1.jpg!m_fill,w_280,h_210,f_jpg?from=ke.com
20210126,荔湾,西门口,西门口  中层两房  南向   总价低,130万,中楼层                                    (共9层)                                                                  2室1厅 | 37.12平米                                  | 南,http://ke-image.ljcdn.com/440100-inspection/pc1_WUXHiUPA0_1.jpg!m_fill,w_280,h_210,f_jpg?from=ke.com
20210126,荔湾,西门口,六榕路     低层四楼   西南  通风采光佳,270万,中楼层                                    (共6层)                                                                      | 1988年建 |                                3室1厅 | 90.65平米                                  | 东,http://ke-image.ljcdn.com/440100-inspection/prod-06668f61-ee8d-44b7-afa8-bb69fb9c7a99.jpg!m_fill,w_280,h_210,f_jpg?from=ke.com
20210126,荔湾,西门口,朝小 中山六路 目前复式 实用面积大 南北朝向,280万,低楼层                                    (共5层)                                                                  2室1厅 | 59.37平米                                  | 东,http://ke-image.ljcdn.com/440100-inspection/pc1_fmCLyF1bx_1.jpg!m_fill,w_280,h_210,f_jpg?from=ke.com
20210126,荔湾,西门口,户型方正，房出阳台，通风好，配套完善,181万,高楼层                                    (共9层)                                                                  3室1厅 | 63.46平米                                  | 东 南 西,http://ke-image.ljcdn.com/440100-inspection/pc1_RymUm6FSM_1.jpg!m_fill,w_280,h_210,f_jpg?from=ke.com
20210126,荔湾,西门口,西门口  中层两房  装修新  总价低,145万,中楼层                                    (共9层)                                                                  2室1厅 | 36.18平米                                  | 南,http://ke-image.ljcdn.com/110000-inspection/pc1_ek8PExWkr_1.jpg!m_fill,w_280,h_210,f_jpg?from=ke.com
20210126,荔湾,西门口,大院管理中楼层，南北通透，通风采光好,440万,高楼层                                    (共9层)                                                                      | 1993年建 |                                3室2厅 | 115.57平米                                  | 东南 北,http://ke-image.ljcdn.com/440100-inspection/pc1_Iwjyar1za_1.jpg!m_fill,w_280,h_210,f_jpg?from=ke.com
20210126,荔湾,西门口,户型方正 采光好 交通便利 社区环境优美,195万,高楼层                                    (共7层)                                                                  2室1厅 | 55.26平米                                  | 南,http://ke-image.ljcdn.com/110000-inspection/pc1_8yVaH56Yh_1.jpg!m_fill,w_280,h_210,f_jpg?from=ke.com
20210126,荔湾,西门口,光塔路 带院子 一梯一户 近地铁,380万,中楼层                                    (共8层)                                                                  4室2厅 | 117.37平米                                  | 南 北 东,http://ke-image.ljcdn.com/440100-inspection/pc1_vDOplapi2_1.jpg!m_fill,w_280,h_210,f_jpg?from=ke.com
20210126,荔湾,西门口,三面单边 健身楼层  通风采光好，户型方正，,435万,高楼层                                    (共8层)                                                                      | 2001年建 |                                3室2厅 | 114.39平米                                  | 东,http://ke-image.ljcdn.com/440100-inspection/pc1_j99qcqpvO_1.jpg!m_fill,w_280,h_210,f_jpg?from=ke.com
20210126,荔湾,西门口,越秀商品学 交通方便 楼龄新 格局方正 地段优势,525万,低楼层                                    (共31层)                                                                      | 2010年建 |                                2室1厅 | 83平米                                  | 北,http://ke-image.ljcdn.com/110000-inspection/pc1_KqSMzPtPE_1.jpg!m_fill,w_280,h_210,f_jpg?from=ke.com
20210126,荔湾,西门口,米市路 中层一房 光线充足 户型实用,145万,高楼层                                    (共9层)                                                                  1室1厅 | 29.79平米                                  | 南,http://ke-image.ljcdn.com/440100-inspection/prod-fc09c403-159c-4cd0-801d-0ddb5202e21c.jpg!m_fill,w_280,h_210,f_jpg?from=ke.com
20210126,荔湾,西门口,朝天路崔府街 三房单位 社区环境好 室内保养新 光线好,385万,高楼层                                    (共9层)                                                                  3室2厅 | 93.34平米                                  | 东 南,http://ke-image.ljcdn.com/440100-inspection/pc1_AaRsEHGu9_1.jpg!m_fill,w_280,h_210,f_jpg?from=ke.com
20210126,荔湾,西门口,华悦居，原装电梯，中高层单位，有停车,468万,高楼层                                    (共18层)                                                                      | 2008年建 |                                3室1厅 | 90.28平米                                  | 北,http://ke-image.ljcdn.com/440100-inspection/prod-5eef7400-2690-4eb5-8113-9a1d5d4b4a54.jpg!m_fill,w_280,h_210,f_jpg?from=ke.com
20210126,荔湾,西门口,省一级朝小 住家精装 户型采光好 近地铁 看房方便,290万,高楼层                                    (共9层)                                                                  3室1厅 | 83.18平米                                  | 南,http://ke-image.ljcdn.com/440100-inspection/pc1_2j69rCnFs_1.jpg!m_fill,w_280,h_210,f_jpg?from=ke.com
20210126,荔湾,西门口,房屋低单价，生活便利，出行无阻。,82万,高楼层                                    (共9层)                                                                  1室0厅 | 28.73平米                                  | 东南,http://ke-image.ljcdn.com/110000-inspection/pc1_UmoeTA12S_1.jpg!m_fill,w_280,h_210,f_jpg?from=ke.com
20210126,荔湾,西门口,房建大厦 电梯两房  户型方正 通风采光,347万,中楼层                                    (共25层)                                                                  2室1厅 | 86.68平米                                  | 北,http://ke-image.ljcdn.com/440100-inspection/pc1_CGpTZMoFw_1.jpg!m_fill,w_280,h_210,f_jpg?from=ke.com
20210126,荔湾,西门口,房建大厦  电梯 户型方正 通风采光,488万,中楼层                                    (共25层)                                                                      | 1996年建 |                                4室1厅 | 121.81平米                                  | 东,http://ke-image.ljcdn.com/440100-inspection/pc1_Tj68jZhsK_1.jpg!m_fill,w_280,h_210,f_jpg?from=ke.com
20210126,荔湾,西门口,光塔路实用两房 老城区配套成熟 通风采光好,220万,高楼层                                    (共9层)                                                                      | 2005年建 |                                2室1厅 | 43.94平米                                  | 南 北,http://ke-image.ljcdn.com/440100-inspection/pc1_Ivi6lNgLn_1.jpg!m_fill,w_280,h_210,f_jpg?from=ke.com
20210126,荔湾,西门口,光塔路 中层三房 东南朝向 视野宽阔 采光好,350万,中楼层                                    (共8层)                                                                  3室2厅 | 96.87平米                                  | 东南,http://ke-image.ljcdn.com/110000-inspection/pc1_Wl1NKjWco_1.jpg!m_fill,w_280,h_210,f_jpg?from=ke.com
20210126,荔湾,西门口,米市路 中层三房 交通便利 户型方正实用,370万,中楼层                                    (共9层)                                                                      | 1980年建 |                                3室1厅 | 86平米                                  | 南,http://ke-image.ljcdn.com/440100-inspection/prod-e37a06d6-5ee1-420f-94c8-19af91b80b76.jpg!m_fill,w_280,h_210,f_jpg?from=ke.com
20210126,荔湾,西门口,实用舒适三房    采光通风好,465万,高楼层                                    (共18层)                                                                      | 2008年建 |                                3室2厅 | 99.74平米                                  | 南 北,http://ke-image.ljcdn.com/440100-inspection/prod-dbc9775e-a6b7-482b-846b-911e6af3f9b2.jpg!m_fill,w_280,h_210,f_jpg?from=ke.com
20210126,荔湾,西门口,海珠中路，精装修两房，通风采光好。,168万,高楼层                                    (共9层)                                                                      | 1990年建 |                                2室1厅 | 53.82平米                                  | 东,http://ke-image.ljcdn.com/440100-inspection/prod-ca97c11e-bb41-4c4c-8710-a84c05e1aca4.jpg!m_fill,w_280,h_210,f_jpg?from=ke.com
20210126,荔湾,西门口,公园前商圈 中楼层两房 省级朝小,187万,中楼层                                    (共5层)                                                                      | 1985年建 |                                2室1厅 | 41.74平米                                  | 南,http://ke-image.ljcdn.com/440100-inspection/prod-ed640560-1ca9-4f0c-a634-c6f53dd204c6.jpg!m_fill,w_280,h_210,f_jpg?from=ke.com
20210126,荔湾,西门口,一号线西门口板块低层实用3房户型可即看,175万,中楼层                                    (共5层)                                                                  3室1厅 | 53.26平米                                  | 东,http://ke-image.ljcdn.com/440100-inspection/prod-569f9c1b-ab11-4f19-a0b3-4b4ffc287ef4.jpg!m_fill,w_280,h_210,f_jpg?from=ke.com
20210126,荔湾,西门口,00后楼龄 省级朝天路 乐韵居高层东南向三房,360万,高楼层                                    (共9层)                                                                      | 2000年建 |                                3室1厅 | 81.6平米                                  | 东南,http://ke-image.ljcdn.com/440100-inspection/prod-a14bd727-75e9-4cef-bf12-b5836e723701.jpg!m_fill,w_280,h_210,f_jpg?from=ke.com
20210126,荔湾,西门口,崔府街 中层三房 住家新装修 光线通风好,600万,中楼层                                    (共9层)                                                                      | 1990年建 |                                3室1厅 | 88平米                                  | 东北,http://ke-image.ljcdn.com/440100-inspection/prod-acc93e12-83f6-4858-9b94-b3bb600e5d7f.jpg!m_fill,w_280,h_210,f_jpg?from=ke.com
20210126,荔湾,西门口,海珠北路 地铁口东南向大三房  厅出阳台,320万,高楼层                                    (共9层)                                                                  3室2厅 | 112.09平米                                  | 东 南 北,http://ke-image.ljcdn.com/440100-inspection/prod-1062efdb-50d8-4ca8-961d-441f5f62422d.jpg!m_fill,w_280,h_210,f_jpg?from=ke.com
20210126,荔湾,西门口,海珠北路，东西对流，带精装修，买来即入住。,245万,高楼层                                    (共8层)                                                                      | 1988年建 |                                3室2厅 | 71.34平米                                  | 东,http://ke-image.ljcdn.com/440100-inspection/pc1_IeuZj2uhn_1.jpg!m_fill,w_280,h_210,f_jpg?from=ke.com
20210126,荔湾,西门口,杏花巷 精致住家装修，三房一厅，南北对流，大阳台,285万,高楼层                                    (共9层)                                                                      | 1989年建 |                                3室1厅 | 86.43平米                                  | 南 北,http://ke-image.ljcdn.com/440100-inspection/prod-dd646f48-ead3-4316-a440-51a2de7982a4.jpg!m_fill,w_280,h_210,f_jpg?from=ke.com
20210126,荔湾,西门口,海珠北路 低层大三房 厅带阳台向南 东南西北有窗,440万,中楼层                                    (共9层)                                                                  3室2厅 | 101.97平米                                  | 南,http://ke-image.ljcdn.com/440100-inspection/prod-e91b2b62-d569-4688-a6a1-759f17b5004a.jpg!m_fill,w_280,h_210,f_jpg?from=ke.com
20210126,荔湾,西门口,纸行路 电梯全明三房 采光通风 户型方正,419万,低楼层                                    (共8层)                                                                  3室1厅 | 92.41平米                                  | 东南,http://ke-image.ljcdn.com/110000-inspection/pc1_OzSx8XkqI_1.jpg!m_fill,w_280,h_210,f_jpg?from=ke.com
20210126,荔湾,西门口,西门口 米市路 三房户型 方正 通风采光,480万,低楼层                                    (共9层)                                                                  3室2厅 | 106.28平米                                  | 东,http://ke-image.ljcdn.com/110000-inspection/pc1_o10brIWzf_1.jpg!m_fill,w_280,h_210,f_jpg?from=ke.com
20210126,荔湾,西门口,精装修 三房带主套 厅出南向大阳台 通风采光好必看好房,267万,中楼层                                    (共8层)                                                                  3室1厅 | 69.29平米                                  | 南,http://ke-image.ljcdn.com/110000-inspection/pc1_F9O5KkNqA_1.jpg!m_fill,w_280,h_210,f_jpg?from=ke.com
20210126,荔湾,西门口,纸行路 地理位置优越 生活配套完善 带有精装修,114.8万,低楼层                                    (共5层)                                                                  2室1厅 | 28.35平米                                  | 西,http://ke-image.ljcdn.com/110000-inspection/pc1_BUektGBWU_1.jpg!m_fill,w_280,h_210,f_jpg?from=ke.com
20210126,荔湾,西门口,纸行路正规大四房三阳台全明低楼层，通风采光好,388万,低楼层                                    (共9层)                                                                      | 1990年建 |                                4室1厅 | 116平米                                  | 东南,http://ke-image.ljcdn.com/110000-inspection/pc1_QCLaz3gTX_1.jpg!m_fill,w_280,h_210,f_jpg?from=ke.com
20210126,荔湾,西门口,西门口地铁 采光通风好 户型方正实用 可塑造性高,214万,高楼层                                    (共8层)                                                                  3室1厅 | 73.7平米                                  | 东北,http://ke-image.ljcdn.com/110000-inspection/pc1_w3zTK8kHG_1.jpg!m_fill,w_280,h_210,f_jpg?from=ke.com
20210126,荔湾,西门口,楼层好，采光充足，配套设施齐全，交通便利新上,68万,中楼层                                    (共9层)                                                                      | 1980年建 |                                1室0厅 | 18.22平米                                  | 南,http://ke-image.ljcdn.com/110000-inspection/pc1_OMm5jdxbo_1.jpg!m_fill,w_280,h_210,f_jpg?from=ke.com
20210126,荔湾,西门口,惠爱大厦原装电梯十三楼房东南向大面积带 车 位东南向新上,600万,中楼层                                    (共22层)                                                                      | 1995年建 |                                3室2厅 | 152.24平米                                  | 南 东,http://ke-image.ljcdn.com/110000-inspection/pc1_cuziBqc5b_1.jpg!m_fill,w_280,h_210,f_jpg?from=ke.com
20210126,荔湾,西门口,净慧路 2室1厅 南 北新上,300万,中楼层                                    (共8层)                                                                  2室1厅 | 65.54平米                                  | 南 北,http://ke-image.ljcdn.com/110000-inspection/pc1_HU0slVCUw_1.jpg!m_fill,w_280,h_210,f_jpg?from=ke.com
20210126,荔湾,西门口,西门口中层  东南北向 四房两卫 光线好,550万,中楼层                                    (共9层)                                                                  4室2厅 | 159.2平米                                  | 东 东南 北,http://ke-image.ljcdn.com/110000-inspection/pc1_GOtkr23n2_1.jpg!m_fill,w_280,h_210,f_jpg?from=ke.com
20210126,荔湾,西门口,光塔路 东南向全明三房 高层无遮挡,390万,高楼层                                    (共9层)                                                                  3室2厅 | 111.89平米                                  | 东南,http://ke-image.ljcdn.com/110000-inspection/pc1_egqwQTX2n_1.jpg!m_fill,w_280,h_210,f_jpg?from=ke.com
20210126,荔湾,西门口,二号线纪念堂 百灵路  户型方正 通风好 采光佳,470万,高楼层                                    (共9层)                                                                  3室1厅 | 109.72平米                                  | 南 北,http://ke-image.ljcdn.com/110000-inspection/pc1_nQUsttxZf_1.jpg!m_fill,w_280,h_210,f_jpg?from=ke.com
20210126,荔湾,西门口,美东大厦 高 端 全南向大户型正规三房,599万,高楼层                                    (共28层)                                                                      | 2000年建 |                                3室2厅 | 133.56平米                                  | 南,http://ke-image.ljcdn.com/110000-inspection/pc1_0urxcPnXP_1.jpg!m_fill,w_280,h_210,f_jpg?from=ke.com
20210126,荔湾,西门口,西门口地铁口 光线靓 低总价 上车盘,100万,高楼层                                    (共9层)                                                                      | 1988年建 |                                1室1厅 | 23.88平米                                  | 南,http://ke-image.ljcdn.com/110000-inspection/pc1_XmlxG5Aio_1.jpg!m_fill,w_280,h_210,f_jpg?from=ke.com
20210126,荔湾,西门口,六榕路社区 省级朝天路  旺中带静 超正靓房,135万,低楼层                                    (共9层)                                                                  1室1厅 | 27.8平米                                  | 东,http://ke-image.ljcdn.com/110000-inspection/pc1_BfYkd7r4c_1.jpg!m_fill,w_280,h_210,f_jpg?from=ke.com
20210126,荔湾,西门口,朝小中山六路  复式四房二厅，带天台花园使用,420万,高楼层                                    (共4层)                                                                  4室2厅 | 72.75平米                                  | 南 北,http://ke-image.ljcdn.com/110000-inspection/pc1_1OTDsSI3v_1.jpg!m_fill,w_280,h_210,f_jpg?from=ke.com
20210126,荔湾,西门口,西门口地铁邻近，精装2房，采光好，户型正,138万,高楼层                                    (共4层)                                                                  2室1厅 | 38平米                                  | 东南,http://ke-image.ljcdn.com/110000-inspection/pc1_u2NV7KeP1_1.jpg!m_fill,w_280,h_210,f_jpg?from=ke.com
20210126,荔湾,西门口,原装电梯三房 西门口地铁站 交通方便,435万,中楼层                                    (共28层)                                                                      | 2000年建 |                                3室1厅 | 90.76平米                                  | 南,http://ke-image.ljcdn.com/110000-inspection/pc1_l37VfkVE0_1.jpg!m_fill,w_280,h_210,f_jpg?from=ke.com
20210126,荔湾,西门口,一号线西门口地铁板块，低层复式，实用两房，一梯四户,93万,低楼层                                    (共3层)                                                                  2室1厅 | 19.86平米                                  | 东南,http://ke-image.ljcdn.com/110000-inspection/pc1_b1bqTXizn_1.jpg!m_fill,w_280,h_210,f_jpg?from=ke.com
20210126,荔湾,西门口,小户型实用三房，楼梯低层，楼下环境好,235万,中楼层                                    (共6层)                                                                  3室2厅 | 63.97平米                                  | 东,http://ke-image.ljcdn.com/110000-inspection/pc1_FwyWEPCzr_1.jpg!m_fill,w_280,h_210,f_jpg?from=ke.com
20210126,荔湾,西门口,美东大厦 电梯两房两厅 带大露台,388万,中楼层                                    (共28层)                                                                      | 2000年建 |                                2室2厅 | 74.23平米                                  | 西北,http://ke-image.ljcdn.com/110000-inspection/pc1_5lAuJloMr_1.jpg!m_fill,w_280,h_210,f_jpg?from=ke.com
20210126,荔湾,西门口,百灵路 低层一房一厅 入读东风西路,105万,低楼层                                    (共9层)                                                                  1室1厅 | 25.22平米                                  | 东,http://ke-image.ljcdn.com/110000-inspection/pc1_LgAHPcdM9_1.jpg!m_fill,w_280,h_210,f_jpg?from=ke.com
20210126,荔湾,西门口,光塔路 二房一厅  近地铁  交通方便,177.2万,低楼层                                    (共8层)                                                                      | 1990年建 |                                2室1厅 | 45.36平米                                  | 西北,http://ke-image.ljcdn.com/110000-inspection/pc1_PhVsPZ6SF_1.jpg!m_fill,w_280,h_210,f_jpg?from=ke.com
20210126,荔湾,西门口,：通风采光好 独栋 交通便利 格局好,265万,低楼层                                    (共3层)                                                                      | 1988年建 |                                3室1厅 | 63平米                                  | 东,http://ke-image.ljcdn.com/440100-inspection/prod-d4ba8c2d-83de-40d7-8a67-5647edacabf8.jpg!m_fill,w_280,h_210,f_jpg?from=ke.com
20210126,荔湾,西门口,交通方便 配套完善 户型方正 旺中带静,103万,高楼层                                    (共6层)                                                                  2室1厅 | 31.43平米                                  | 西南,http://ke-image.ljcdn.com/440100-inspection/pc1_KfFdxflzR_1.jpg!m_fill,w_280,h_210,f_jpg?from=ke.com
20210126,荔湾,西门口,中层单位 干净三房一厅 采光好 看房方便,279.99万,高楼层                                    (共7层)                                                                  3室1厅 | 82.92平米                                  | 南 北,http://ke-image.ljcdn.com/440100-inspection/pc1_JPHGsVhTL_1.jpg!m_fill,w_280,h_210,f_jpg?from=ke.com
20210126,荔湾,西门口,市中 心成熟配套， 独栋私房，两房全明,265万,低楼层                                    (共1层)                                                                  2室2厅 | 60.31平米                                  | 东,http://ke-image.ljcdn.com/440100-inspection/pc1_Ia7wOHWHx_1.jpg!m_fill,w_280,h_210,f_jpg?from=ke.com
20210126,荔湾,西门口,光塔路  方正四房 光线充足 视野开阔,285万,高楼层                                    (共9层)                                                                      | 1985年建 |                                4室1厅 | 88.39平米                                  | 南,http://ke-image.ljcdn.com/440100-inspection/prod-16f820b0-18db-43f6-8951-e7770576a826.jpg!m_fill,w_280,h_210,f_jpg?from=ke.com
20210126,荔湾,西门口,海珠北路，交通便利，户型方正，配套完善。,235万,高楼层                                    (共8层)                                                                  3室1厅 | 63.37平米                                  | 南 西 北,http://ke-image.ljcdn.com/440100-inspection/pc1_nnDfXrTRE_1.jpg!m_fill,w_280,h_210,f_jpg?from=ke.com
20210126,荔湾,西门口,西门口地铁 实用两房 大阳台 精装修 全明屋,145万,中楼层                                    (共9层)                                                                  2室1厅 | 36.62平米                                  | 西北,http://ke-image.ljcdn.com/440100-inspection/pc1_mtOx20ev5_1.jpg!m_fill,w_280,h_210,f_jpg?from=ke.com
20210126,荔湾,西门口,实用一房一厅 高楼层 总价低 地段好交通便利,130万,高楼层                                    (共9层)                                                                  1室1厅 | 38.81平米                                  | 东南,http://ke-image.ljcdn.com/440100-inspection/prod-79383a42-a558-439d-a3cb-a7ca9eac36ed.jpg!m_fill,w_280,h_210,f_jpg?from=ke.com
20210126,荔湾,西门口,西门口地铁 原装电梯大三房 中高楼层 东南向,668万,高楼层                                    (共28层)                                                                      | 2000年建 |                                3室2厅 | 133平米                                  | 东南,http://ke-image.ljcdn.com/440100-inspection/prod-bb3c1175-0abf-4a07-8e47-e7a0e082abb2.jpg!m_fill,w_280,h_210,f_jpg?from=ke.com
20210126,荔湾,西门口,西门口 地铁口 光塔路 精装修,350万,低楼层                                    (共9层)                                                                      | 1985年建 |                                3室1厅 | 64平米                                  | 东南,http://ke-image.ljcdn.com/440100-inspection/prod-9962cd11-ce14-407f-a207-162952e23de6.jpg!m_fill,w_280,h_210,f_jpg?from=ke.com
20210126,荔湾,西门口,海珠北路 1室1厅 南,95万,高楼层                                    (共8层)                                                                  1室1厅 | 27.65平米                                  | 南,http://ke-image.ljcdn.com/110000-inspection/pc1_KKSeYmyx4_1.jpg!m_fill,w_280,h_210,f_jpg?from=ke.com
20210126,荔湾,西门口,此房是二房一厅，客厅开间大，房间布局合,240万,中楼层                                    (共8层)                                                                      | 1990年建 |                                2室1厅 | 62.8平米                                  | 东南,http://ke-image.ljcdn.com/440100-inspection/36c1b85d-97ad-40a2-b5e7-7279ae4a6845.jpg!m_fill,w_280,h_210,f_jpg?from=ke.com
20210126,荔湾,西门口,海珠中路 六楼带天台 框架结构,165万,高楼层                                    (共6层)                                                                      | 1985年建 |                                1室1厅 | 55.45平米                                  | 东南,http://ke-image.ljcdn.com/440100-inspection/72e3d55e-3b4a-4e66-a964-133fa598d069.jpg!m_fill,w_280,h_210,f_jpg?from=ke.com
20210126,荔湾,西门口,过五唯一物业，低层一房一带阁楼，实用率高。,92万,低楼层                                    (共1层)                                                                  1室0厅 | 23平米                                  | 西,http://ke-image.ljcdn.com/440100-frame/8b16dc0e-98c6-484f-ac31-fd2e059c4eb4.png!m_fill,w_280,h_210,f_jpg?from=ke.com
20210126,荔湾,西门口,光塔路 电梯东南精装三房 厅出阳台 通风采光好必看好房,380万,中楼层                                    (共9层)                                                                      | 1994年建 |                                3室1厅 | 95.76平米                                  | 东 南,http://ke-image.ljcdn.com/110000-inspection/e9ae3dc8-b33f-43c1-b525-5c1b2de6f720.jpeg!m_fill,w_280,h_210,f_jpg?from=ke.com
20210126,荔湾,西门口,光孝路 低层二楼 三房带阳台 环境好 大院管理,380万,低楼层                                    (共9层)                                                                      | 1990年建 |                                3室1厅 | 101.58平米                                  | 南 西,http://ke-image.ljcdn.com/440100-inspection/5bd0a213-6269-422d-8862-cd1196f58f9e.jpg!m_fill,w_280,h_210,f_jpg?from=ke.com
20210126,荔湾,西门口,海珠中路 2室1厅 西 北,310万,高楼层                                    (共7层)                                                                  2室1厅 | 67.23平米                                  | 西 北,http://ke-image.ljcdn.com/110000-inspection/d5c39c4759ac1b130076626ae397a6ed-099.jpg!m_fill,w_280,h_210,f_jpg?from=ke.com
20210126,荔湾,西门口,朝天路，五占用，商品房，过两年唯一,108万,低楼层                                    (共7层)                                                                      | 1990年建 |                                1室1厅 | 17.27平米                                  | 东,http://ke-image.ljcdn.com/110000-inspection/a3b6a53e2b4e4c4612cbb85069094469-022.jpg!m_fill,w_280,h_210,f_jpg?from=ke.com
20210126,荔湾,西门口,光塔路 整栋私房 地理位置佳 交通出行便利,760万,低楼层                                    (共2层)                                                                      | 1985年建 |                                3室2厅 | 199.04平米                                  | 南,http://ke-image.ljcdn.com/110000-inspection/bc6d05a7cb1d85d2cc489ab78cbc3593-100.jpg!m_fill,w_280,h_210,f_jpg?from=ke.com
20210126,荔湾,西门口,海珠中路 低层两房 户型方正实用,208万,中楼层                                    (共4层)                                                                  3室2厅 | 61.94平米                                  | 南 西 北,http://ke-image.ljcdn.com/440100-frame/4c48ad28-297d-48bf-88b6-1434892d4f01.jpg!m_fill,w_280,h_210,f_jpg?from=ke.com
20210126,荔湾,西门口,两房一厅，7字单边，南向大阳台，光线好 超实用,135万,中楼层                                    (共9层)                                                                  2室1厅 | 37平米                                  | 东 北,http://ke-image.ljcdn.com/440100-frame/718234d0-3736-46f1-ac74-ffb1fce3c3c0.png!m_fill,w_280,h_210,f_jpg?from=ke.com
20210126,荔湾,西门口,光塔路 私房一栋 带有门前花园,113万,低楼层                                    (共1层)                                                                  2室1厅 | 19.27平米                                  | 西南,http://ke-image.ljcdn.com/110000-inspection/ebb0659c0839027c19c10025553bb28b-072.jpg!m_fill,w_280,h_210,f_jpg?from=ke.com
20210126,荔湾,西门口,光塔路，精装修，房子南北通透，环境好必看好房,220万,中楼层                                    (共8层)                                                                      | 1990年建 |                                5室1厅 | 60.87平米                                  | 南 北,http://ke-image.ljcdn.com/110000-inspection/a37e29834f2e954ab2409f58aa58cac9-093.jpg!m_fill,w_280,h_210,f_jpg?from=ke.com
20210126,荔湾,西门口,中山六路 低层 框架  实用两房一厅,155万,低楼层                                    (共9层)                                                                      | 1988年建 |                                2室1厅 | 49.4平米                                  | 南,http://ke-image.ljcdn.com/440100-inspection/cbb54fe9-568e-457a-a17a-fd7a2bb4ef06.jpg!m_fill,w_280,h_210,f_jpg?from=ke.com
20210126,荔湾,西门口,海珠北路四房二厅二厨二卫  东南西北向四南单边,290万,中楼层                                    (共9层)                                                                  4室2厅 | 80.3平米                                  | 东南 西,http://ke-image.ljcdn.com/110000-inspection/8b3fadaaa5592912cb14534ce9da1cc6-052.jpg!m_fill,w_280,h_210,f_jpg?from=ke.com
20210126,荔湾,西门口,光塔路 通风采光好 新装修 交通便利,80万,中楼层                                    (共7层)                                                                  1室0厅 | 25.7平米                                  | 东,http://ke-image.ljcdn.com/440100-inspection/f24651ef-3df5-4b30-9963-69ce91914fa8.jpg!m_fill,w_280,h_210,f_jpg?from=ke.com
20210126,荔湾,西门口,中山六路 中层楼梯 楼下环境好 近地铁,222万,中楼层                                    (共9层)                                                                  2室2厅 | 74.33平米                                  | 南 北,http://ke-image.ljcdn.com/110000-inspection/pc1_obuaRPfSn_1.jpg!m_fill,w_280,h_210,f_jpg?from=ke.com
20210126,荔湾,西门口,西门口商圈一线马路整栋靓房！！,1030万,低楼层                                    (共4层)                                                                      | 1980年建 |                                6室3厅 | 264.43平米                                  | 东,http://ke-image.ljcdn.com/440100-inspection/3ad53106-25a6-4888-a175-4dc785726473.jpg!m_fill,w_280,h_210,f_jpg?from=ke.com
20210126,荔湾,西门口,一号线西门口地铁口旁住宅饮食铺！！！,259.99万,低楼层                                    (共7层)                                                                  1室0厅 | 37.93平米                                  | 东南,http://ke-image.ljcdn.com/110000-inspection/66d8de857a1d54f480edb64dabf6c45e-095.jpg!m_fill,w_280,h_210,f_jpg?from=ke.com
20210126,荔湾,西门口,生活便利 电梯二房 交通方便 视野开阔,430万,高楼层                                    (共28层)                                                                      | 2000年建 |                                2室1厅 | 86.45平米                                  | 北,http://ke-image.ljcdn.com/hdic-frame/360179c1-cd11-4df2-8bc7-0f388865f4ab.jpg!m_fill,w_280,h_210,f_jpg?from=ke.com
20210126,荔湾,西门口,低层三房 南北对流 厅出阳台 少有出售,280万,中楼层                                    (共8层)                                                                      | 1990年建 |                                3室1厅 | 75.24平米                                  | 东 南 北,http://ke-image.ljcdn.com/440100-inspection/064dc318-c7f7-4279-ac3e-501227f40b79.jpg!m_fill,w_280,h_210,f_jpg?from=ke.com
20210126,荔湾,西门口,西门口商圈 电梯两房 方正实用,520万,中楼层                                    (共31层)                                                                      | 2010年建 |                                2室2厅 | 78.27平米                                  | 东北,http://ke-image.ljcdn.com/440100-inspection/4aac073d-32f4-4e77-8a21-43b425646e78.jpg!m_fill,w_280,h_210,f_jpg?from=ke.com
20210126,荔湾,西门口,西门口 惠福西路 方正两房 光线东风,150万,高楼层                                    (共7层)                                                                      | 1988年建 |                                2室1厅 | 50.51平米                                  | 西 北,http://ke-image.ljcdn.com/440100-inspection/14b8e6e0-26d2-4132-941a-58245244238e.jpg!m_fill,w_280,h_210,f_jpg?from=ke.com
20210126,荔湾,西门口,百灵路 一房一厅出售,128万,地下室                                    (共9层)                                                                      | 1988年建 |                                1室1厅 | 27.19平米                                  | 北,http://ke-image.ljcdn.com/440100-inspection/edff46f7-3ed6-46de-b637-1649aabe774b.jpg!m_fill,w_280,h_210,f_jpg?from=ke.com
20210126,荔湾,西门口,海珠中路 3室1厅 东,196.5万,高楼层                                    (共5层)                                                                  3室1厅 | 51.51平米                                  | 东,http://s1.ljcdn.com/pegasus/redskull/images/common/default_house_list.png?_v=202101261829353
20210126,荔湾,西门口,米市路 2室1厅 东南,268万,低楼层                                    (共3层)                                                                  2室1厅 | 67.19平米                                  | 东南,http://s1.ljcdn.com/pegasus/redskull/images/common/default_house_list.png?_v=202101261829353
20210126,荔湾,西门口,户型方正，采光明亮，电梯两房，生活便利,370万,高楼层                                    (共9层)                                                                      | 2000年建 |                                2室1厅 | 53.96平米                                  | 东,http://s1.ljcdn.com/pegasus/redskull/images/common/default_house_list.png?_v=202101261829353
20210126,荔湾,西门口,环境交通方便。体校，市一人民医院，配套成熟,170万,高楼层                                    (共9层)                                                                  2室1厅 | 47.5平米                                  | 东 西,http://s1.ljcdn.com/pegasus/redskull/images/common/default_house_list.png?_v=202101261829353
20210126,荔湾,西门口,产权清晰无抵押，配套成熟，交通便利,200万,低楼层                                    (共5层)                                                                  1室1厅 | 43.65平米                                  | 南,http://s1.ljcdn.com/pegasus/redskull/images/common/default_house_list.png?_v=202101261829353
20210126,荔湾,西门口,海珠北路中层两房，户型方正实用。,218万,中楼层                                    (共8层)                                                                  3室1厅 | 69.09平米                                  | 东,http://s1.ljcdn.com/pegasus/redskull/images/common/default_house_list.png?_v=202101261829353
20210126,荔湾,西门口,小区环境幽静 绿化覆盖率高 邻里友善,250万,高楼层                                    (共5层)                                                                  2室1厅 | 60.87平米                                  | 东南,http://s1.ljcdn.com/pegasus/redskull/images/common/default_house_list.png?_v=202101261829353
20210126,荔湾,西门口,少有靓房 地段好 位置佳 通风光猛 带平台花园,256.76万,高楼层                                    (共9层)                                                                      | 1985年建 |                                2室2厅 | 91.7平米                                  | 北,http://s1.ljcdn.com/pegasus/redskull/images/common/default_house_list.png?_v=202101261829353
20210126,荔湾,西门口,公司物业各付各税 交通便利 生活方便,720万,低楼层                                    (共25层)                                                                      | 1996年建 |                                1室1厅 | 253.72平米                                  | 东 南 西 北,http://s1.ljcdn.com/pegasus/redskull/images/common/default_house_list.png?_v=202101261829353
20210126,荔湾,西门口,此房楼层底，适合老人，采光通风好，近地铁小户型一房,75万,低楼层                                    (共4层)                                                                  1室1厅 | 16.7平米                                  | 东,http://s1.ljcdn.com/pegasus/redskull/images/common/default_house_list.png?_v=202101261829353
20210126,荔湾,西门口,近西门口地铁站，生活设施齐全，环境绿化好,42万,低楼层                                    (共8层)                                                                      | 1988年建 |                                1室0厅 | 11.08平米                                  | 东,http://s1.ljcdn.com/pegasus/redskull/images/common/default_house_list.png?_v=202101261829353
20210126,荔湾,西门口,纸行路 独栋私房 地理位置好 通风采光佳,750万,低楼层                                    (共4层)                                                                  6室4厅 | 270.57平米                                  | 东,http://s1.ljcdn.com/pegasus/redskull/images/common/default_house_list.png?_v=202101261829353
20210126,荔湾,西门口,海珠中路 3室2厅 南,320万,高楼层                                    (共9层)                                                                  3室2厅 | 96.33平米                                  | 南,http://s1.ljcdn.com/pegasus/redskull/images/common/default_house_list.png?_v=202101261829353
20210126,荔湾,西门口,独立一栋的，两层高，首层租着营业中，二层住人。,950万,低楼层                                    (共1层)                                                                  5室2厅 | 176平米                                  | 南,http://s1.ljcdn.com/pegasus/redskull/images/common/default_house_list.png?_v=202101261829353
20210126,荔湾,西门口,光塔路省级房，一栋物业，红砖屋,680万,低楼层                                    (共2层)                                                                  3室2厅 | 142.37平米                                  | 北,http://s1.ljcdn.com/pegasus/redskull/images/common/default_house_list.png?_v=202101261829353
20210126,荔湾,西门口,海珠中路祥龙里 独栋私房  通风采光好,750万,低楼层                                    (共1层)                                                                      | 1992年建 |                                5室2厅 | 141.69平米                                  | 南,http://s1.ljcdn.com/pegasus/redskull/images/common/default_house_list.png?_v=202101261829353
20210126,荔湾,西门口,美东大厦 2室2厅 西,300万,中楼层                                    (共28层)                                                                      | 2000年建 |                                2室2厅 | 62.63平米                                  | 西,http://s1.ljcdn.com/pegasus/redskull/images/common/default_house_list.png?_v=202101261829353
20210126,荔湾,西门口,海珠中路 2室1厅 南 北新上,165万,高楼层                                    (共9层)                                                                  2室1厅 | 52.23平米                                  | 南 北,http://s1.ljcdn.com/pegasus/redskull/images/common/default_house_list.png?_v=202101261829353
20210126,荔湾,西门口,独栋别墅，使用面积大，带私人露台，天台花园,360万,低楼层                                    (共1层)                                                                      | 1985年建 |                                3室1厅 | 123平米                                  | 南,http://ke-image.ljcdn.com/110000-inspection/2137cf1362afff5c04dfffe282ff2580-048.jpg!m_fill,w_280,h_210,f_jpg?from=ke.com
20210126,荔湾,西门口,中层四楼东西向大阳台   户型方正实用绿化社区管理,300万,中楼层                                    (共8层)                                                                      | 1995年建 |                                3室2厅 | 99.14平米                                  | 东 西,http://ke-image.ljcdn.com/440100-inspection/1b2194ff-7ab4-4e8c-a919-2eca1ab6bfed.jpg!m_fill,w_280,h_210,f_jpg?from=ke.com
20210126,荔湾,西门口,朝小 混合结构 小户型 税费低 一房一厅,193万,高楼层                                    (共4层)                                                                  1室1厅 | 38平米                                  | 东,http://ke-image.ljcdn.com/110000-inspection/pc1_1rMFfKrWU_1.jpg!m_fill,w_280,h_210,f_jpg?from=ke.com
20210126,荔湾,西门口,光塔路 地旁 方正三房 厅出南向阳台,224.9万,中楼层                                    (共8层)                                                                      | 1993年建 |                                3室1厅 | 71.15平米                                  | 南,http://ke-image.ljcdn.com/110000-inspection/pc1_I4wSY3tHX_1.jpg!m_fill,w_280,h_210,f_jpg?from=ke.com
20210126,荔湾,西门口,百灵路 低层两房 方正实用 东风西,210万,中楼层                                    (共9层)                                                                      | 1988年建 |                                2室1厅 | 48.24平米                                  | 西,http://ke-image.ljcdn.com/110000-inspection/pc1_8Hlox5lO8_1.jpg!m_fill,w_280,h_210,f_jpg?from=ke.com
20210126,荔湾,西门口,南北通透，视野宽阔，居住舒适，交通便利,240万,中楼层                                    (共8层)                                                                      | 1989年建 |                                2室1厅 | 61.02平米                                  | 南 北,http://ke-image.ljcdn.com/440100-inspection/prod-1f51bab2-a523-4081-84bf-cfa3959d7672.jpg!m_fill,w_280,h_210,f_jpg?from=ke.com
20210126,荔湾,西门口,光塔路仙邻巷 中层方正一房一厅 朝天路校园,146万,中楼层                                    (共9层)                                                                      | 1988年建 |                                1室1厅 | 29.06平米                                  | 北,http://ke-image.ljcdn.com/440100-inspection/prod-55d7b6da-6383-41eb-8c59-60b4e97c7db9.jpg!m_fill,w_280,h_210,f_jpg?from=ke.com
20210126,荔湾,西门口,楼层好，采光充足，配套设施齐全，旺中带静。,268万,高楼层                                    (共6层)                                                                  3室2厅 | 67.03平米                                  | 东南 南,http://ke-image.ljcdn.com/hdic-frame/standard_1484ed6e-cba0-4f91-97d4-7962348f2087.png!m_fill,w_280,h_210,f_jpg?from=ke.com
