20210128,白云,嘉禾望岗,岭南新世界 双城故事 3+1户型  东南向必看好房,530万,高楼层                                    (共18层)                                                                      | 2008年建 |                                4室2厅 | 112.2平米                                  | 东南,http://ke-image.ljcdn.com/110000-inspection/pc1_CX58plMXU.jpg!m_fill,w_280,h_210,f_jpg?from=ke.com
20210128,白云,嘉禾望岗,K区南向四房，望花园，带平台80方，阳光好必看好房,780万,低楼层                                    (共10层)                                                                      | 2008年建 |                                4室2厅 | 127.5平米                                  | 东南,http://ke-image.ljcdn.com/110000-inspection/bbf314d3-5e31-4d8d-b787-b948843c9a05_1000.jpg!m_fill,w_280,h_210,f_jpg?from=ke.com
20210128,白云,嘉禾望岗,岭南新世界 西南向2房 格局方正必看好房,350万,高楼层                                    (共18层)                                                                      | 2008年建 |                                2室2厅 | 76.37平米                                  | 西南,http://ke-image.ljcdn.com/110000-inspection/pc1_D5kL07YfM_1.jpg!m_fill,w_280,h_210,f_jpg?from=ke.com
20210128,白云,嘉禾望岗,锦云峰 精装三房  保养好  通风好,418万,低楼层                                    (共32层)                                                                      | 2013年建 |                                3室2厅 | 93.58平米                                  | 北,http://ke-image.ljcdn.com/110000-inspection/pc1_Cx8Pbdm7A_1.jpg!m_fill,w_280,h_210,f_jpg?from=ke.com
20210128,白云,嘉禾望岗,岭南新世界       西南向   装修保养新 业主诚心出售必看好房,500万,高楼层                                    (共18层)                                                                      | 2008年建 |                                3室1厅 | 107.82平米                                  | 西南,http://ke-image.ljcdn.com/110000-inspection/ec59be5a-53de-4884-88d4-5efa80b1bb60_1000.jpg!m_fill,w_280,h_210,f_jpg?from=ke.com
20210128,白云,嘉禾望岗,岭南新世界 四房三卫 安静望花园必看好房,560万,低楼层                                    (共14层)                                                                      | 2008年建 |                                4室2厅 | 127.8平米                                  | 东北,http://ke-image.ljcdn.com/110000-inspection/pc1_AOj1bYv2Q_1.jpg!m_fill,w_280,h_210,f_jpg?from=ke.com
20210128,白云,嘉禾望岗,岭南新世界锦云峰 2室2厅 北,360万,高楼层                                    (共32层)                                                                      | 2013年建 |                                2室2厅 | 80.93平米                                  | 北,http://ke-image.ljcdn.com/110000-inspection/pc1_0QqUbY7p4.jpg!m_fill,w_280,h_210,f_jpg?from=ke.com
20210128,白云,嘉禾望岗,满五年唯一，通透格局，楼层好，视野开阔，采光充足,690万,高楼层                                    (共13层)                                                                      | 2008年建 |                                4室2厅 | 125.22平米                                  | 南,http://ke-image.ljcdn.com/110000-inspection/pc1_ESXxdkdJL.jpg!m_fill,w_280,h_210,f_jpg?from=ke.com
20210128,白云,嘉禾望岗,：户型方正格局好，朝向好，采光通风好，位置安静，,354万,高楼层                                    (共32层)                                                                      | 2013年建 |                                2室2厅 | 81.53平米                                  | 北,http://ke-image.ljcdn.com/110000-inspection/5134de07-57cd-4e61-a1f7-d81b46a65e0f_1000.jpg!m_fill,w_280,h_210,f_jpg?from=ke.com
20210128,白云,嘉禾望岗,岭南新世界带车位4房，保养好，高楼层看花园,538万,高楼层                                    (共12层)                                                                      | 2008年建 |                                4室1厅 | 97.26平米                                  | 东北,http://ke-image.ljcdn.com/110000-inspection/pc1_A8LOR4jZy.jpg!m_fill,w_280,h_210,f_jpg?from=ke.com
20210128,白云,嘉禾望岗,锦云峰高楼层 东北向3房 户型方正,440万,中楼层                                    (共32层)                                                                      | 2013年建 |                                3室1厅 | 93.56平米                                  | 东北,http://ke-image.ljcdn.com/110000-inspection/pc1_6HpEQ5cmC_1.jpg!m_fill,w_280,h_210,f_jpg?from=ke.com
20210128,白云,嘉禾望岗,岭南新世界锦云峰 高层大两房 视野开阔,383万,高楼层                                    (共32层)                                                                      | 2013年建 |                                2室2厅 | 87.66平米                                  | 北,http://ke-image.ljcdn.com/110000-inspection/pc1_XY60SI819_1.jpg!m_fill,w_280,h_210,f_jpg?from=ke.com
20210128,白云,嘉禾望岗,岭南新世界锦云峰 采光通风好 高楼层视野开阔空气好,400万,低楼层                                    (共32层)                                                                      | 2013年建 |                                2室1厅 | 87.01平米                                  | 北,http://ke-image.ljcdn.com/110000-inspection/pc1_cNTPQFuDP_1.jpg!m_fill,w_280,h_210,f_jpg?from=ke.com
20210128,白云,嘉禾望岗,锦云峰  精装三房  中高楼层   通风采光好必看好房,415万,中楼层                                    (共32层)                                                                      | 2013年建 |                                3室2厅 | 93.58平米                                  | 北,http://ke-image.ljcdn.com/110000-inspection/pc1_UTUbjqyRu_1.jpg!m_fill,w_280,h_210,f_jpg?from=ke.com
20210128,白云,嘉禾望岗,一手业住，房子是在岭南的C区，小区安静，中间位置,393万,高楼层                                    (共18层)                                                                      | 2003年建 |                                2室2厅 | 82.91平米                                  | 北,http://ke-image.ljcdn.com/110000-inspection/pc1_c1g7tM8iF.jpg!m_fill,w_280,h_210,f_jpg?from=ke.com
20210128,白云,嘉禾望岗,岭南新世界 4室2厅 东北,630万,中楼层                                    (共14层)                                                                      | 2008年建 |                                4室2厅 | 128.34平米                                  | 东北,http://ke-image.ljcdn.com/440100-inspection/pc1_mm2xddf0P_1.jpg!m_fill,w_280,h_210,f_jpg?from=ke.com
20210128,白云,嘉禾望岗,岭南南向，四房，满五唯一，望花园,660万,高楼层                                    (共11层)                                                                      | 2008年建 |                                4室2厅 | 123.86平米                                  | 南,http://ke-image.ljcdn.com/110000-inspection/pc1_ridsHTxR7.jpg!m_fill,w_280,h_210,f_jpg?from=ke.com
20210128,白云,嘉禾望岗,精装修大三房，满五唯一，东南向，带空中花园。必看好房,568万,低楼层                                    (共18层)                                                                      | 2008年建 |                                3室2厅 | 117.53平米                                  | 东南,http://ke-image.ljcdn.com/110000-inspection/pc1_A7Jri3iOh_1.jpg!m_fill,w_280,h_210,f_jpg?from=ke.com
20210128,白云,嘉禾望岗,岭南新世界  方正三房  安静望园林,468万,低楼层                                    (共18层)                                                                      | 2003年建 |                                3室2厅 | 93.5平米                                  | 北,http://ke-image.ljcdn.com/110000-inspection/pc1_ZubNDhl38.jpg!m_fill,w_280,h_210,f_jpg?from=ke.com
20210128,白云,嘉禾望岗,新世界云逸首套 高层景观视野好 全新未住 诚心出售,806万,中楼层                                    (共28层)                                                                  4室2厅 | 123.77平米                                  | 南 北,http://ke-image.ljcdn.com/110000-inspection/f7fac99e-0d0a-41b3-ac58-887c2047e307_1000.jpg!m_fill,w_280,h_210,f_jpg?from=ke.com
20210128,白云,嘉禾望岗,此房方正通透格局，楼层好视野宽阔，配套全交通便利,350万,中楼层                                    (共32层)                                                                      | 2013年建 |                                2室1厅 | 81.56平米                                  | 北,http://ke-image.ljcdn.com/110000-inspection/cc3b217a-8a6a-46ec-9284-e6f57e2648f8_1000.jpg!m_fill,w_280,h_210,f_jpg?from=ke.com
20210128,白云,嘉禾望岗,嘉怡园 商品房 全新装修 业主自住,90万,中楼层                                    (共8层)                                                                      | 2000年建 |                                1室1厅 | 45.71平米                                  | 西,http://ke-image.ljcdn.com/110000-inspection/pc1_BlxvoSffS.jpg!m_fill,w_280,h_210,f_jpg?from=ke.com
20210128,白云,嘉禾望岗,岭南新世界中层，西南向，采光通风好， 视野开阔,315万,中楼层                                    (共18层)                                                                      | 2008年建 |                                2室1厅 | 76.66平米                                  | 西南,http://ke-image.ljcdn.com/110000-inspection/pc1_ahrivCYJ3.jpg!m_fill,w_280,h_210,f_jpg?from=ke.com
20210128,白云,嘉禾望岗,岭南新世界南向望小区，户型方正，视野开阔没遮挡。必看好房,485万,高楼层                                    (共11层)                                                                      | 2010年建 |                                3室1厅 | 93.91平米                                  | 南,http://ke-image.ljcdn.com/110000-inspection/c40c6873-d156-4f47-bd8e-36d8e8fa6cda_1000.jpg!m_fill,w_280,h_210,f_jpg?from=ke.com
20210128,白云,嘉禾望岗,岭南正宗三房 东南向 高楼层 通风采光好 业主诚售,450万,中楼层                                    (共18层)                                                                      | 2008年建 |                                3室1厅 | 86.98平米                                  | 东南,http://ke-image.ljcdn.com/110000-inspection/pc1_dxfGhrwXV.jpg!m_fill,w_280,h_210,f_jpg?from=ke.com
20210128,白云,嘉禾望岗,岭南新世界 南向四房 望花园 位置安静,610万,低楼层                                    (共11层)                                                                      | 2008年建 |                                4室2厅 | 123.89平米                                  | 南,http://ke-image.ljcdn.com/110000-inspection/pc1_xPahPVkLK.jpg!m_fill,w_280,h_210,f_jpg?from=ke.com
20210128,白云,嘉禾望岗,岭南新世界映翠园通透2房，户型方正，诚心出售,360万,低楼层                                    (共16层)                                                                      | 2008年建 |                                2室2厅 | 92平米                                  | 南,http://ke-image.ljcdn.com/110000-inspection/pc1_mcpEqsYJm.jpg!m_fill,w_280,h_210,f_jpg?from=ke.com
20210128,白云,嘉禾望岗,低层三房 新装修 格局好 实用,180万,中楼层                                    (共9层)                                                                  3室1厅 | 74.72平米                                  | 南,http://ke-image.ljcdn.com/110000-inspection/pc1_ResYeDDW6.jpg!m_fill,w_280,h_210,f_jpg?from=ke.com
20210128,白云,嘉禾望岗,自住标准装修二年保养好，高层远景南北对流单边位,1049万,高楼层                                    (共30层)                                                                  4室2厅 | 183.56平米                                  | 东南,http://ke-image.ljcdn.com/110000-inspection/pc1_zKdsfOI88.jpg!m_fill,w_280,h_210,f_jpg?from=ke.com
20210128,白云,嘉禾望岗,岭南新世界三房 望花园 户型方正 朝向好,410万,低楼层                                    (共12层)                                                                      | 2008年建 |                                3室2厅 | 102.14平米                                  | 东南,http://ke-image.ljcdn.com/110000-inspection/pc1_GzWaj1Iq1.jpg!m_fill,w_280,h_210,f_jpg?from=ke.com
20210128,白云,嘉禾望岗,岭南新世界 新装修三房 带私家天台,460万,高楼层                                    (共15层)                                                                      | 2001年建 |                                3室2厅 | 96.14平米                                  | 北,http://ke-image.ljcdn.com/110000-inspection/pc1_MTfp8IT3o_1.jpg!m_fill,w_280,h_210,f_jpg?from=ke.com
20210128,白云,嘉禾望岗,房子品质好，楼龄新交房不到2年，物业管理好生活便捷,1298万,低楼层                                    (共43层)                                                                      | 2017年建 |                                4室2厅 | 209.54平米                                  | 东南,http://ke-image.ljcdn.com/110000-inspection/pc1_fiS4U1H3z.jpg!m_fill,w_280,h_210,f_jpg?from=ke.com
20210128,白云,嘉禾望岗,华发四季精装3房，楼层装修保养好，诚意出售,538万,低楼层                                    (共31层)                                                                  3室1厅 | 95.72平米                                  | 西南,http://ke-image.ljcdn.com/440100-inspection/prod-5fd4d273-3698-4007-b5bb-143dfaae05fe.jpg!m_fill,w_280,h_210,f_jpg?from=ke.com
20210128,白云,嘉禾望岗,华发四季名苑，西南花园三房，配套设施齐全，交通便利,538万,低楼层                                    (共31层)                                                                  3室2厅 | 95.43平米                                  | 西南,http://ke-image.ljcdn.com/110000-inspection/f66cec1d-025a-46f5-be60-ad6855d17d26_1000.jpg!m_fill,w_280,h_210,f_jpg?from=ke.com
20210128,白云,嘉禾望岗,岭南新世界2+1户型，两房改为三房，诚意出售必看好房,360万,中楼层                                    (共15层)                                                                      | 2011年建 |                                2室2厅 | 76.86平米                                  | 西南,http://ke-image.ljcdn.com/110000-inspection/dcff4cbd-fedb-49f2-be24-04a056c3488e_1000.jpg!m_fill,w_280,h_210,f_jpg?from=ke.com
20210128,白云,嘉禾望岗,华发四季 高楼层 装修保养好 户型方正,560万,中楼层                                    (共31层)                                                                  3室2厅 | 95.91平米                                  | 西南,http://ke-image.ljcdn.com/110000-inspection/pc1_Ka9qWIuRj_1.jpg!m_fill,w_280,h_210,f_jpg?from=ke.com
20210128,白云,嘉禾望岗,凯云新世界  全明格局  安静望花园,1070万,低楼层                                    (共26层)                                                                  4室2厅 | 168.85平米                                  | 北 南,http://ke-image.ljcdn.com/110000-inspection/pc1_hry52VBQN_1.jpg!m_fill,w_280,h_210,f_jpg?from=ke.com
20210128,白云,嘉禾望岗,华发四季名苑 低密度 南北对流,966万,中楼层                                    (共7层)                                                                  4室2厅 | 161.97平米                                  | 南,http://ke-image.ljcdn.com/110000-inspection/pc1_XnkIeMBJ6_1.jpg!m_fill,w_280,h_210,f_jpg?from=ke.com
20210128,白云,嘉禾望岗,岭南新世界  安静大三房  看花园   近地铁,445万,低楼层                                    (共11层)                                                                      | 2001年建 |                                3室2厅 | 108.8平米                                  | 北,http://ke-image.ljcdn.com/110000-inspection/f11587e8-9a39-479d-b182-27dac87dc65a_1000.jpg!m_fill,w_280,h_210,f_jpg?from=ke.com
20210128,白云,嘉禾望岗,南向3房2卫带入户花园，保养好,450万,低楼层                                    (共13层)                                                                      | 2010年建 |                                3室2厅 | 98.48平米                                  | 西南,http://ke-image.ljcdn.com/110000-inspection/pc1_u2ky0iftv.jpg!m_fill,w_280,h_210,f_jpg?from=ke.com
20210128,白云,嘉禾望岗,锦云峰北向的三房，户型很方正。,400万,低楼层                                    (共32层)                                                                      | 2013年建 |                                3室2厅 | 93.58平米                                  | 北,http://ke-image.ljcdn.com/110000-inspection/be40129f-3273-4664-b81e-a28da1405f3a_1000.jpg!m_fill,w_280,h_210,f_jpg?from=ke.com
20210128,白云,嘉禾望岗,岭南新世界 采光通风格局好  楼栋位置较安静,300万,低楼层                                    (共13层)                                                                      | 2008年建 |                                2室2厅 | 75.14平米                                  | 东北,http://ke-image.ljcdn.com/110000-inspection/26376577-80eb-4578-a8f1-46bc8fd0a908_1000.jpg!m_fill,w_280,h_210,f_jpg?from=ke.com
20210128,白云,嘉禾望岗,岭南大四房，方正格局，楼层好，视野好,698万,中楼层                                    (共18层)                                                                      | 2008年建 |                                4室2厅 | 136.16平米                                  | 东南,http://ke-image.ljcdn.com/110000-inspection/ea58e57b-76c2-489a-b42f-6e5ff87b56f0_1000.jpg!m_fill,w_280,h_210,f_jpg?from=ke.com
20210128,白云,嘉禾望岗,岭南新世界 西南向2房 格局方正 一手业主 保养好必看好房,308万,低楼层                                    (共18层)                                                                      | 2008年建 |                                2室2厅 | 76.66平米                                  | 西南,http://ke-image.ljcdn.com/110000-inspection/87252ec8-ffd4-47b0-b205-0681b0a7963c_1000.jpg!m_fill,w_280,h_210,f_jpg?from=ke.com
20210128,白云,嘉禾望岗,3+1户型，实用性高，通透性好,450万,低楼层                                    (共13层)                                                                      | 2010年建 |                                4室2厅 | 97.31平米                                  | 东北,http://ke-image.ljcdn.com/110000-inspection/pc1_mu5mnRPKj_1.jpg!m_fill,w_280,h_210,f_jpg?from=ke.com
20210128,白云,嘉禾望岗,岭南精装大四房 南北对流 格局方正 保养好拎包入住,660万,高楼层                                    (共15层)                                                                      | 2008年建 |                                4室2厅 | 130.25平米                                  | 西南 东北,http://ke-image.ljcdn.com/440100-inspection/pc1_7V43Nb1BJ_1.jpg!m_fill,w_280,h_210,f_jpg?from=ke.com
20210128,白云,嘉禾望岗,带平台的东向3房，保养好，采光足,440万,低楼层                                    (共17层)                                                                      | 2008年建 |                                3室2厅 | 100.55平米                                  | 东北,http://ke-image.ljcdn.com/440100-inspection/prod-34874515-0d15-4a6f-b17f-aad7df3815c0.jpg!m_fill,w_280,h_210,f_jpg?from=ke.com
20210128,白云,嘉禾望岗,锦云峰 方正大两房 望白云山 无遮挡  采光好,390万,中楼层                                    (共30层)                                                                      | 2013年建 |                                2室2厅 | 87.4平米                                  | 北,http://ke-image.ljcdn.com/110000-inspection/pc1_VRXkbrDVM.jpg!m_fill,w_280,h_210,f_jpg?from=ke.com
20210128,白云,嘉禾望岗,岭南新世界 格局方正 采光通风好,510万,低楼层                                    (共17层)                                                                      | 2008年建 |                                3室1厅 | 114.43平米                                  | 东北,http://ke-image.ljcdn.com/440100-inspection/pc1_sa1RYRK9L_1.jpg!m_fill,w_280,h_210,f_jpg?from=ke.com
20210128,白云,嘉禾望岗,岭南新世界  安静的三房  满五唯一,375万,低楼层                                    (共11层)                                                                      | 2003年建 |                                3室1厅 | 96.46平米                                  | 北,http://ke-image.ljcdn.com/110000-inspection/pc1_Pq2xVIDyZ.jpg!m_fill,w_280,h_210,f_jpg?from=ke.com
20210128,白云,嘉禾望岗,岭南新世界舒适大两房，带大阳台,380万,高楼层                                    (共8层)                                                                      | 2001年建 |                                2室2厅 | 92.23平米                                  | 北,http://ke-image.ljcdn.com/110000-inspection/pc1_7bSGxbXFt_1.jpg!m_fill,w_280,h_210,f_jpg?from=ke.com
20210128,白云,嘉禾望岗,阳台东向，视野开阔，舒适实用3房,545万,中楼层                                    (共31层)                                                                      | 2004年建 |                                3室1厅 | 93平米                                  | 东,http://ke-image.ljcdn.com/440100-inspection/pc1_lHGSJUQu7_1.jpg!m_fill,w_280,h_210,f_jpg?from=ke.com
20210128,白云,嘉禾望岗,岭南新世界 中间位置  安静2房,352万,高楼层                                    (共18层)                                                                      | 2003年建 |                                2室2厅 | 83.45平米                                  | 北,http://ke-image.ljcdn.com/440100-inspection/pc1_ZkQBjmm1K.jpg!m_fill,w_280,h_210,f_jpg?from=ke.com
20210128,白云,嘉禾望岗,岭南新世界 高层南向三房 全新装修 保养好必看好房,453万,中楼层                                    (共18层)                                                                      | 2008年建 |                                3室2厅 | 108.07平米                                  | 西南,http://ke-image.ljcdn.com/440100-inspection/pc1_RH7fGc1dv_1.jpg!m_fill,w_280,h_210,f_jpg?from=ke.com
20210128,白云,嘉禾望岗,半装修新房，安静舒适，高楼层。业主诚意出售。,1120万,高楼层                                    (共30层)                                                                  4室2厅 | 186平米                                  | 南,http://ke-image.ljcdn.com/440100-inspection/pc1_YH7KHZmIi_1.jpg!m_fill,w_280,h_210,f_jpg?from=ke.com
20210128,白云,嘉禾望岗,岭南新世界 高层南向三房 带入户花园必看好房,530万,中楼层                                    (共11层)                                                                      | 2004年建 |                                3室2厅 | 96.58平米                                  | 南,http://ke-image.ljcdn.com/440100-inspection/pc1_IvzeQHhKo_1.jpg!m_fill,w_280,h_210,f_jpg?from=ke.com
20210128,白云,嘉禾望岗,岭南新世界  居住舒适三房 采光通风好,500万,低楼层                                    (共11层)                                                                      | 2003年建 |                                3室2厅 | 106平米                                  | 南,http://ke-image.ljcdn.com/440100-inspection/prod-00eec1be-3049-46ab-895e-0e9cba9f6f93.jpg!m_fill,w_280,h_210,f_jpg?from=ke.com
20210128,白云,嘉禾望岗,岭南新世界 南向3房 格局方正 户型实用,380万,低楼层                                    (共11层)                                                                      | 2000年建 |                                3室2厅 | 91.12平米                                  | 南,http://ke-image.ljcdn.com/440100-inspection/prod-81f70132-430c-4e29-ab85-3f2dc5a28192.jpg!m_fill,w_280,h_210,f_jpg?from=ke.com
20210128,白云,嘉禾望岗,华发四季名苑 中楼层 南北对流大四房双主套 单价低,989万,低楼层                                    (共30层)                                                                      | 2015年建 |                                4室2厅 | 183.56平米                                  | 东南,http://ke-image.ljcdn.com/440100-inspection/prod-94abe6e9-650b-4622-809c-7b32a7e4361b.jpg!m_fill,w_280,h_210,f_jpg?from=ke.com
20210128,白云,嘉禾望岗,岭南新世界锦云峰 精装大两房 格局方正,380万,高楼层                                    (共32层)                                                                      | 2013年建 |                                2室1厅 | 87.01平米                                  | 北,http://ke-image.ljcdn.com/110000-inspection/pc1_4VE6kl4la_1.jpg!m_fill,w_280,h_210,f_jpg?from=ke.com
20210128,白云,嘉禾望岗,岭南新世界精装两房一卫带入户花园必看好房,370万,低楼层                                    (共18层)                                                                      | 2008年建 |                                2室2厅 | 86平米                                  | 东,http://ke-image.ljcdn.com/440100-inspection/prod-c8925334-2093-4944-90fd-249101012e9f.jpg!m_fill,w_280,h_210,f_jpg?from=ke.com
20210128,白云,嘉禾望岗,岭 南 新 世 界 嘉 云 府 实 用 三 房,535万,低楼层                                    (共11层)                                                                      | 2008年建 |                                3室2厅 | 106.67平米                                  | 南,http://ke-image.ljcdn.com/440100-inspection/prod-905cc3b5-7d35-476d-896c-e276f7cc04b6.jpg!m_fill,w_280,h_210,f_jpg?from=ke.com
20210128,白云,嘉禾望岗,岭南新世界大三房 装修保养好 满五唯一 高层望花园,638万,中楼层                                    (共18层)                                                                      | 2008年建 |                                3室2厅 | 128.3平米                                  | 东北,http://ke-image.ljcdn.com/110000-inspection/e93e8e20-f61d-444c-973c-da38b8041a56_1000.jpg!m_fill,w_280,h_210,f_jpg?from=ke.com
20210128,白云,嘉禾望岗,锦云峰 全南向精装3房 房大厅大 过五唯一免重税必看好房,495万,低楼层                                    (共30层)                                                                      | 2013年建 |                                3室1厅 | 99.77平米                                  | 南,http://ke-image.ljcdn.com/440100-inspection/prod-d932c282-3ca5-41ab-80b6-df80dd0bc755.jpg!m_fill,w_280,h_210,f_jpg?from=ke.com
20210128,白云,嘉禾望岗,岭南新世界 3室2厅 东 西必看好房,466万,中楼层                                    (共15层)                                                                      | 2001年建 |                                3室2厅 | 93.35平米                                  | 东 西,http://ke-image.ljcdn.com/110000-inspection/402c5dc1-d1e4-43ff-8191-39aadc90a0e5_1000.jpg!m_fill,w_280,h_210,f_jpg?from=ke.com
20210128,白云,嘉禾望岗,岭南带大花园三房，安静不吵，养花种草必看好房,430万,低楼层                                    (共11层)                                                                      | 2003年建 |                                3室2厅 | 90.16平米                                  | 北,http://ke-image.ljcdn.com/110000-inspection/pc1_DQxsf3IQm.jpg!m_fill,w_280,h_210,f_jpg?from=ke.com
20210128,白云,嘉禾望岗,小区安静位置 装修保养好 业主诚心卖房 满5唯一,650万,低楼层                                    (共18层)                                                                      | 2008年建 |                                4室1厅 | 134.86平米                                  | 东北,http://ke-image.ljcdn.com/110000-inspection/pc1_viByfsEnR.jpg!m_fill,w_280,h_210,f_jpg?from=ke.com
20210128,白云,嘉禾望岗,岭南嘉云府复式三房，非豪 宅，过五年唯一物业,730万,低楼层                                    (共9层)                                                                      | 2008年建 |                                3室2厅 | 134.59平米                                  | 南 北,http://ke-image.ljcdn.com/110000-inspection/pc1_C2AjEf4Ci_1.jpg!m_fill,w_280,h_210,f_jpg?from=ke.com
20210128,白云,嘉禾望岗,岭南新世界 3室2厅 北,660万,高楼层                                    (共11层)                                                                      | 2003年建 |                                3室2厅 | 111.88平米                                  | 北,http://ke-image.ljcdn.com/110000-inspection/pc1_0kaKTLBiX.jpg!m_fill,w_280,h_210,f_jpg?from=ke.com
20210128,白云,嘉禾望岗,新世界嘉云府  南向复式四房  采光好,880万,中楼层                                    (共9层)                                                                      | 2008年建 |                                4室2厅 | 163.03平米                                  | 南,http://ke-image.ljcdn.com/440100-inspection/pc1_vKYJPuVnT_1.jpg!m_fill,w_280,h_210,f_jpg?from=ke.com
20210128,白云,嘉禾望岗,新世界嘉云府 4室2厅 南,1348万,高楼层                                    (共4层)                                                                      | 2008年建 |                                4室2厅 | 240.85平米                                  | 南,http://ke-image.ljcdn.com/440100-inspection/prod-560a1f44-7c8e-4623-bc3f-00c8c999c3e1.jpg!m_fill,w_280,h_210,f_jpg?from=ke.com
20210128,白云,嘉禾望岗,岭南新世界   高层两房  近地铁,308万,中楼层                                    (共11层)                                                                      | 2000年建 |                                2室1厅 | 72.52平米                                  | 北,http://ke-image.ljcdn.com/440100-inspection/prod-cff37ea7-8bc2-4f85-823e-e3789b23045a.jpg!m_fill,w_280,h_210,f_jpg?from=ke.com
20210128,白云,嘉禾望岗,岭南新世界 户型方正实用  通风采光好,305万,低楼层                                    (共11层)                                                                      | 2000年建 |                                2室1厅 | 74.51平米                                  | 北,http://ke-image.ljcdn.com/110000-inspection/pc1_J8AqJiFk5.jpg!m_fill,w_280,h_210,f_jpg?from=ke.com
20210128,白云,嘉禾望岗,岭南新世界  精装两房  望花园  装修保养好必看好房,338万,低楼层                                    (共15层)                                                                      | 2001年建 |                                2室1厅 | 75.21平米                                  | 北,http://ke-image.ljcdn.com/110000-inspection/2d486112-1a67-426a-b0dc-899a78a351e9_1000.jpg!m_fill,w_280,h_210,f_jpg?from=ke.com
20210128,白云,嘉禾望岗,此房源满五年，免重税 ，大三房，离地铁站近,545万,高楼层                                    (共17层)                                                                      | 2008年建 |                                3室2厅 | 123.76平米                                  | 东北,http://ke-image.ljcdn.com/110000-inspection/pc1_O0u37BLMX.jpg!m_fill,w_280,h_210,f_jpg?from=ke.com
20210128,白云,嘉禾望岗,带入户大3房,南北对流,通风采光好,高楼层视野好,安静,530万,高楼层                                    (共18层)                                                                      | 2008年建 |                                3室2厅 | 114.37平米                                  | 东北,http://ke-image.ljcdn.com/440100-inspection/pc1_GnKGDLYs8_1.jpg!m_fill,w_280,h_210,f_jpg?from=ke.com
20210128,白云,嘉禾望岗,岭南新世界 精装两房 可拎包入住 保养好,351万,低楼层                                    (共16层)                                                                      | 2001年建 |                                2室2厅 | 85.24平米                                  | 东,http://ke-image.ljcdn.com/110000-inspection/7920e582-1732-4d27-8023-0913cb64ad9a_1000.jpg!m_fill,w_280,h_210,f_jpg?from=ke.com
20210128,白云,嘉禾望岗,低层精装两房 方正实用 总价低,110万,中楼层                                    (共8层)                                                                      | 2000年建 |                                2室1厅 | 51.55平米                                  | 南,http://ke-image.ljcdn.com/110000-inspection/pc1_GeXOEpAvQ_1.jpg!m_fill,w_280,h_210,f_jpg?from=ke.com
20210128,白云,嘉禾望岗,嘉云府复式   四层空间，带天台花园，使用率高,1250万,高楼层                                    (共9层)                                                                      | 2008年建 |                                5室2厅 | 176平米                                  | 东南,http://ke-image.ljcdn.com/110000-inspection/b4b9d090-80c8-4ad1-935c-5933f9d38b70_1000.jpg!m_fill,w_280,h_210,f_jpg?from=ke.com
20210128,白云,嘉禾望岗,楼龄新，毛坯，装修可个性化，高层，低密度,1180万,中楼层                                    (共43层)                                                                      | 2017年建 |                                4室2厅 | 209.54平米                                  | 南,http://ke-image.ljcdn.com/440100-inspection/prod-91d64366-a8e1-4fd6-930b-621199c3dd0e.jpg!m_fill,w_280,h_210,f_jpg?from=ke.com
20210128,白云,嘉禾望岗,南向大两房，通风采光好，安静望小区花园景观,422万,高楼层                                    (共9层)                                                                      | 2001年建 |                                2室1厅 | 88平米                                  | 南,http://ke-image.ljcdn.com/110000-inspection/pc1_VW8SNhpf8.jpg!m_fill,w_280,h_210,f_jpg?from=ke.com
20210128,白云,嘉禾望岗,嘉云府顶楼复式带私家天台花园，视野宽阔，采光充足,1070万,高楼层                                    (共7层)                                                                      | 2008年建 |                                4室2厅 | 175.81平米                                  | 南,http://ke-image.ljcdn.com/110000-inspection/pc1_g6Kacv8xo.jpg!m_fill,w_280,h_210,f_jpg?from=ke.com
20210128,白云,嘉禾望岗,岭南新世界 高层 南向 复式四房,536万,高楼层                                    (共17层)                                                                      | 2008年建 |                                4室2厅 | 78平米                                  | 西南,http://ke-image.ljcdn.com/110000-inspection/5e609f8b-e192-4f22-a3fc-4d33696565ed_1000.jpg!m_fill,w_280,h_210,f_jpg?from=ke.com
20210128,白云,嘉禾望岗,岭南新世界 顶楼复式三层 实用面积大,1050万,高楼层                                    (共18层)                                                                      | 2008年建 |                                7室3厅 | 142平米                                  | 南,http://ke-image.ljcdn.com/110000-inspection/pc1_touysvBfB.jpg!m_fill,w_280,h_210,f_jpg?from=ke.com
20210128,白云,嘉禾望岗,嘉禾地铁，华附上，精装复式四居室，安静宜居小区,835万,中楼层                                    (共9层)                                                                      | 2008年建 |                                4室2厅 | 162.98平米                                  | 东南,http://ke-image.ljcdn.com/110000-inspection/25ddfcb2-431e-4800-bc50-34bfef2b8764_1000.jpg!m_fill,w_280,h_210,f_jpg?from=ke.com
20210128,白云,嘉禾望岗,岭南新世界  自住保养干净整洁  超大双阳台  婚房必看好房,455万,高楼层                                    (共14层)                                                                      | 2008年建 |                                3室2厅 | 98平米                                  | 东北,http://ke-image.ljcdn.com/110000-inspection/pc1_Bn9h3ffsv.jpg!m_fill,w_280,h_210,f_jpg?from=ke.com
20210128,白云,嘉禾望岗,锦云峰高楼层南向三房  视野开阔无遮挡必看好房,480万,高楼层                                    (共32层)                                                                      | 2013年建 |                                3室2厅 | 94.9平米                                  | 南,http://ke-image.ljcdn.com/110000-inspection/0eb03a81-400d-419b-ab10-481624f8a6f8_1000.jpg!m_fill,w_280,h_210,f_jpg?from=ke.com
20210128,白云,嘉禾望岗,凤凰楼层，阳台可看小区湖景，安静舒适,383万,高楼层                                    (共15层)                                                                      | 2001年建 |                                2室1厅 | 86平米                                  | 北,http://ke-image.ljcdn.com/110000-inspection/pc1_reIXRh94p_1.jpg!m_fill,w_280,h_210,f_jpg?from=ke.com
20210128,白云,嘉禾望岗,岭南新世界  正南向   方正四房,780万,高楼层                                    (共6层)                                                                      | 2010年建 |                                4室2厅 | 152平米                                  | 南,http://ke-image.ljcdn.com/110000-inspection/37fc5103-1ad9-4797-ac57-e6b87d3b357d_1000.jpg!m_fill,w_280,h_210,f_jpg?from=ke.com
20210128,白云,嘉禾望岗,嘉云府 实用复式 室内保养好 厅高挑空,730万,中楼层                                    (共7层)                                                                      | 2008年建 |                                3室2厅 | 134.41平米                                  | 南,http://ke-image.ljcdn.com/110000-inspection/08c28538-829f-4766-95d9-cd0c2ede89cf_1000.jpg!m_fill,w_280,h_210,f_jpg?from=ke.com
20210128,白云,嘉禾望岗,嘉云府顶层复式 带私家天台花园,1200万,高楼层                                    (共6层)                                                                      | 2008年建 |                                6室3厅 | 177.67平米                                  | 南,http://ke-image.ljcdn.com/110000-inspection/23b8a1c8-9a8f-486b-bc95-1e56c8d821b6_1000.jpg!m_fill,w_280,h_210,f_jpg?from=ke.com
20210128,白云,嘉禾望岗,岭南新世界嘉云府复式大三房，南北对流，安静舒适必看好房,635万,低楼层                                    (共9层)                                                                      | 2008年建 |                                3室2厅 | 134.09平米                                  | 东南,http://ke-image.ljcdn.com/110000-inspection/pc1_22wymxnEf.jpg!m_fill,w_280,h_210,f_jpg?from=ke.com
20210128,白云,嘉禾望岗,岭南复式，南向大四房，装修保养好,1400万,低楼层                                    (共7层)                                                                      | 2008年建 |                                4室2厅 | 201.89平米                                  | 南,http://ke-image.ljcdn.com/110000-inspection/pc1_6HwI1mCG9_1.jpg!m_fill,w_280,h_210,f_jpg?from=ke.com
20210128,白云,嘉禾望岗,新世界嘉云府 5室2厅 南,880万,高楼层                                    (共9层)                                                                      | 2008年建 |                                5室2厅 | 162.89平米                                  | 南,http://ke-image.ljcdn.com/440100-inspection/pc1_gpEq0eJaQ.jpg!m_fill,w_280,h_210,f_jpg?from=ke.com
20210128,白云,嘉禾望岗,房子是精装修，中楼层的东南向，光线好,880万,中楼层                                    (共7层)                                                                      | 2008年建 |                                4室2厅 | 162.98平米                                  | 东南,http://ke-image.ljcdn.com/110000-inspection/pc1_eEUttcgwB.jpg!m_fill,w_280,h_210,f_jpg?from=ke.com
20210128,白云,嘉禾望岗,岭南新世界  精装两房  望花园  通风采光好,358万,高楼层                                    (共15层)                                                                      | 2001年建 |                                2室2厅 | 84.48平米                                  | 北,http://ke-image.ljcdn.com/440100-inspection/pc1_9HLAnVrgW_1.jpg!m_fill,w_280,h_210,f_jpg?from=ke.com
20210128,白云,嘉禾望岗,岭南新世界复式两房 采光通风好 可 改三房新上,380万,高楼层                                    (共11层)                                                                      | 2000年建 |                                2室2厅 | 67.35平米                                  | 北,http://ke-image.ljcdn.com/110000-inspection/pc1_W7kneHJh4.jpg!m_fill,w_280,h_210,f_jpg?from=ke.com
20210128,白云,嘉禾望岗,G区映翠园的车位，离停车场出入口旁边，单边位,45万,地下室                                                                  1室0厅 | 12平米                                  | 西,http://ke-image.ljcdn.com/110000-inspection/698c078d-041f-403f-b7df-de3df08d400b.jpg!m_fill,w_280,h_210,f_jpg?from=ke.com
20210128,白云,嘉禾望岗,车位，                                    车位,40万,地下室                                                                  1室0厅 | 12平米                                  | 南,http://ke-image.ljcdn.com/110000-inspection/6b2595ad-2c7e-4191-a3b4-abb5c1e62fa2.jpg!m_fill,w_280,h_210,f_jpg?from=ke.com
20210128,白云,嘉禾望岗,岭南新世界 4室2厅 南新上,808万,中楼层                                    (共11层)                                                                      | 2003年建 |                                4室2厅 | 143.03平米                                  | 南,http://ke-image.ljcdn.com/440100-frame/92e8e943-c2ec-4996-ab0a-aabb41abb0fe.png!m_fill,w_280,h_210,f_jpg?from=ke.com
20210128,白云,嘉禾望岗,岭南新世界 1室0厅 东 南 西 北,50万,地下室                                                                  1室0厅 | 12.5平米                                  | 东 南 西 北,http://ke-image.ljcdn.com/110000-inspection/3ee35752-2293-42e3-ada1-ae97a6b4a163.jpg!m_fill,w_280,h_210,f_jpg?from=ke.com
20210128,白云,嘉禾望岗,岭南新世界 1室0厅 东,42万,地下室                                                                  1室0厅 | 12.1平米                                  | 东,http://ke-image.ljcdn.com/110000-inspection/5637c432-b29a-453e-844b-6877b21091a6.jpg!m_fill,w_280,h_210,f_jpg?from=ke.com
20210128,白云,嘉禾望岗,岭南新世界 中间望花园两房 舒适安静,360万,高楼层                                    (共11层)                                                                      | 2003年建 |                                2室1厅 | 76.78平米                                  | 北,http://ke-image.ljcdn.com/hdic-frame/prod-9dea07f5-2942-44d5-b27e-940ccc442fb8.png!m_fill,w_280,h_210,f_jpg?from=ke.com
20210128,白云,嘉禾望岗,岭南新世界锦云峰 1室0厅 南,40万,地下室                                    (共2层)                                                                  1室0厅 | 12.25平米                                  | 南,http://ke-image.ljcdn.com/110000-inspection/41753494-6d5b-4b6e-b1b5-ba9f1e102200.jpg!m_fill,w_280,h_210,f_jpg?from=ke.com
20210128,白云,嘉禾望岗,新世界嘉云府 1室0厅 东 南 西 北,40万,地下室                                                                  1室0厅 | 12.5平米                                  | 东 南 西 北,http://ke-image.ljcdn.com/110000-inspection/a5ff4162-9276-4976-b4a1-2ca367d3977a.jpg!m_fill,w_280,h_210,f_jpg?from=ke.com
20210128,白云,嘉禾望岗,岭南新世界 1室0厅 南,42万,地下室                                                                  1室0厅 | 11.5平米                                  | 南,http://ke-image.ljcdn.com/110000-inspection/075ff3ef-32c9-4f8c-a860-97775b0ab928.jpg!m_fill,w_280,h_210,f_jpg?from=ke.com
20210128,白云,嘉禾望岗,岭南新世界 1室0厅 东,35万,地下室                                                                  1室0厅 | 11.76平米                                  | 东,http://ke-image.ljcdn.com/110000-inspection/d1070e37-0ef4-44b5-a710-9834e0cd03b9.jpg!m_fill,w_280,h_210,f_jpg?from=ke.com
20210128,白云,嘉禾望岗,新世界嘉云府 1室0厅 南,42万,地下室                                    (共1层)                                                                      | 2008年建 |                                1室0厅 | 12.25平米                                  | 南,http://ke-image.ljcdn.com/110000-inspection/5ffc7205-87f3-4559-8081-9b90aa32fae9.jpg!m_fill,w_280,h_210,f_jpg?from=ke.com
20210128,白云,嘉禾望岗,g29楼下电梯口车位，停车上楼方便，业主诚心放卖,37万,地下室                                                                  1室0厅 | 12.5平米                                  | 南,http://ke-image.ljcdn.com/110000-inspection/bf8dddb7-36b2-4517-8ba3-f791da9a392d.jpg!m_fill,w_280,h_210,f_jpg?from=ke.com
20210128,白云,嘉禾望岗,g28电梯口车位       很方便,40万,地下室                                                                  1室0厅 | 12平米                                  | 南,http://ke-image.ljcdn.com/110000-inspection/cb108f88-71eb-4645-9298-fc64a4c56f9b.jpg!m_fill,w_280,h_210,f_jpg?from=ke.com
20210128,白云,嘉禾望岗,倚湾园28栋地下车库入口，出入很方便,38万,地下室                                                                  1室0厅 | 12平米                                  | 西南,http://ke-image.ljcdn.com/110000-inspection/34e24479-96ed-41dc-8a50-4b357f47d1ab.jpg!m_fill,w_280,h_210,f_jpg?from=ke.com
20210128,白云,嘉禾望岗,岭南新世界 1室0厅 东,38万,地下室                                                                  1室0厅 | 11.6平米                                  | 东,http://ke-image.ljcdn.com/110000-inspection/23b79dc9-4b2f-411c-b50a-e622f23d6c39.jpg!m_fill,w_280,h_210,f_jpg?from=ke.com
20210128,白云,嘉禾望岗,岭南新世界     大4房南向出售,660万,中楼层                                    (共15层)                                                                      | 2008年建 |                                4室1厅 | 130.25平米                                  | 西南 东北,http://ke-image.ljcdn.com/440100-frame/ea0a898c-0962-4063-857d-0d31e5fcc8ba.png!m_fill,w_280,h_210,f_jpg?from=ke.com
20210128,白云,嘉禾望岗,G区映翠园的车位，停车场出入口旁边，单边位,42万,地下室                                                                  1室0厅 | 12平米                                  | 南,http://ke-image.ljcdn.com/110000-inspection/31fcecfd-e496-45b9-868f-7490fc7e1c40.jpg!m_fill,w_280,h_210,f_jpg?from=ke.com
20210128,白云,嘉禾望岗,C区，西边车库，位置在C17和C18这边,42万,地下室                                                                      | 2000年建 |                                1室0厅 | 11.7平米                                  | 南,http://ke-image.ljcdn.com/110000-inspection/79eb0287-50d2-4979-b4e1-3ce3cf73d51f.jpg!m_fill,w_280,h_210,f_jpg?from=ke.com
20210128,白云,嘉禾望岗,岭南新世界G区车位.位置好    停车方便,39万,地下室                                                                  1室0厅 | 11.2平米                                  | 东南,http://ke-image.ljcdn.com/110000-inspection/24da6f9e-3e55-44d3-9748-8ef01a19f73d.jpg!m_fill,w_280,h_210,f_jpg?from=ke.com
20210128,白云,嘉禾望岗,车位车位车位车位车位车位车位车位车位车位车位,46万,地下室                                                                      | 2000年建 |                                1室0厅 | 12.38平米                                  | 西 东,http://ke-image.ljcdn.com/110000-inspection/6ee4a55a-b61e-41b8-9812-10e8a084451c.jpg!m_fill,w_280,h_210,f_jpg?from=ke.com
20210128,白云,嘉禾望岗,凯云新世界 A区东南向3房 南北对流 采光好,910万,低楼层                                    (共23层)                                                                  3室2厅 | 145.65平米                                  | 东南,http://ke-image.ljcdn.com/440100-frame/59f87b0a-c483-4789-b4b5-af69b2504429.jpg!m_fill,w_280,h_210,f_jpg?from=ke.com
20210128,白云,嘉禾望岗,岭南新世界 1室0厅 南,41万,地下室                                                                      | 2000年建 |                                1室0厅 | 12.5平米                                  | 南,http://ke-image.ljcdn.com/110000-inspection/8cbc6242-2f23-4eab-9d28-6d0082aa7e1b.jpg!m_fill,w_280,h_210,f_jpg?from=ke.com
20210128,白云,嘉禾望岗,岭南新世界 1室0厅 东,40万,地下室                                                                      | 2000年建 |                                1室0厅 | 12平米                                  | 东,http://ke-image.ljcdn.com/110000-inspection/b78248a5-0dc1-4b45-94c9-301aa4786c34.jpg!m_fill,w_280,h_210,f_jpg?from=ke.com
20210128,白云,嘉禾望岗,岭南新世界 1室0厅 南,40万,地下室                                                                  1室0厅 | 12.5平米                                  | 南,http://ke-image.ljcdn.com/110000-inspection/8390d9ffff89c04bddadbbf08d6001de-082.jpg!m_fill,w_280,h_210,f_jpg?from=ke.com
20210128,白云,嘉禾望岗,岭南新世界 1室0厅 南,41万,地下室                                                                  1室0厅 | 12.25平米                                  | 南,http://ke-image.ljcdn.com/110000-inspection/dfabf3dc-4c48-4535-b27c-f4f0b96758d1.jpg!m_fill,w_280,h_210,f_jpg?from=ke.com
20210128,白云,嘉禾望岗,新世界嘉云府 1室0厅 东北,40万,地下室                                    (共1层)                                                                  1室0厅 | 12.5平米                                  | 东北,http://ke-image.ljcdn.com/110000-inspection/7baa8ab6-d098-41b9-99fe-885720fb4988.jpg!m_fill,w_280,h_210,f_jpg?from=ke.com
20210128,白云,嘉禾望岗,车位宽敞 可以停SUV 方便倒车入库,36万,地下室                                                                  1室0厅 | 12.5平米                                  | 南,http://ke-image.ljcdn.com/110000-inspection/3b3240aa-514c-458e-883d-9f5480d4d5b5.jpg!m_fill,w_280,h_210,f_jpg?from=ke.com
20210128,白云,嘉禾望岗,新世界嘉云府 1室0厅 南,37万,地下室                                                                  1室0厅 | 12平米                                  | 南,http://ke-image.ljcdn.com/110000-inspection/395433555c68ae398fb5e8b11a3c91b4-025.jpg!m_fill,w_280,h_210,f_jpg?from=ke.com
20210128,白云,嘉禾望岗,岭南新世界 1室0厅 东,45万,地下室                                                                  1室0厅 | 12平米                                  | 东,http://ke-image.ljcdn.com/110000-inspection/56aa0baa-0c30-4399-a07f-40b6576daaca.jpg!m_fill,w_280,h_210,f_jpg?from=ke.com
20210128,白云,嘉禾望岗,新世界嘉云府 1室0厅 南,36万,地下室                                                                  1室0厅 | 12.5平米                                  | 南,http://ke-image.ljcdn.com/110000-inspection/cc123b44b651b3eb5335797250844226-041.jpg!m_fill,w_280,h_210,f_jpg?from=ke.com
20210128,白云,嘉禾望岗,嘉云府D区地下车库，位置不错。,40万,地下室                                    (共1层)                                                                  1室0厅 | 12.25平米                                  | 南,http://ke-image.ljcdn.com/110000-inspection/fb0efb13-39ac-44f5-984b-146de73b879e.jpg!m_fill,w_280,h_210,f_jpg?from=ke.com
20210128,白云,嘉禾望岗,南北     通透   车位  价格    透明    停车方便,38.5万,地下室                                                                  1室0厅 | 12平米                                  | 东 南 西 北,http://ke-image.ljcdn.com/110000-inspection/fd4f913f-fccc-4422-a2c6-7aaed3c25497.jpg!m_fill,w_280,h_210,f_jpg?from=ke.com
20210128,白云,嘉禾望岗,业主诚意出售车位，位置好，停车方便,38万,地下室                                                                  1室0厅 | 12.5平米                                  | 南,http://ke-image.ljcdn.com/110000-inspection/a37df029-bd9f-4ca6-9bd1-07cc2a213c16.jpg!m_fill,w_280,h_210,f_jpg?from=ke.com
20210128,白云,嘉禾望岗,岭南新世界 1室0厅 南,45万,地下室                                                                      | 2000年建 |                                1室0厅 | 12.5平米                                  | 南,http://ke-image.ljcdn.com/110000-inspection/4688a0911ff460eeb15e5336e0cf171a-002.jpg!m_fill,w_280,h_210,f_jpg?from=ke.com
20210128,白云,嘉禾望岗,岭南新世界 1室0厅 南,41万,地下室                                                                      | 2000年建 |                                1室0厅 | 12平米                                  | 南,http://ke-image.ljcdn.com/110000-inspection/00d3a30a-6c2c-4dbd-8288-07d27801cdfa.jpg!m_fill,w_280,h_210,f_jpg?from=ke.com
20210128,白云,嘉禾望岗,岭南新世界 1室0厅 东,45万,地下室                                                                  1室0厅 | 12平米                                  | 东,http://ke-image.ljcdn.com/110000-inspection/ae1228e3-9680-4d38-8f39-b2f6c55c46b2.jpg!m_fill,w_280,h_210,f_jpg?from=ke.com
20210128,白云,嘉禾望岗,岭南新世界映翠园车位  位置好 电梯口近出入方便,42万,地下室                                                                  1室0厅 | 12.5平米                                  | 南,http://ke-image.ljcdn.com/110000-inspection/551a166e-33cb-44a0-87ff-035553dbb388.jpg!m_fill,w_280,h_210,f_jpg?from=ke.com
20210128,白云,嘉禾望岗,新世界嘉云府 近锦云峰车位 近电梯口,43万,地下室                                                                  1室0厅 | 12.25平米                                  | 东南,http://ke-image.ljcdn.com/110000-inspection/9fd9686a-51b3-4475-bdd8-80598b6a86a5.jpg!m_fill,w_280,h_210,f_jpg?from=ke.com
20210128,白云,嘉禾望岗,岭南新世界车位，很好停，停了发财,38万,地下室                                                                      | 2000年建 |                                1室0厅 | 12平米                                  | 南 北,http://ke-image.ljcdn.com/110000-inspection/da05b19c-8950-410b-ae65-34378b2ebbd5.jpg!m_fill,w_280,h_210,f_jpg?from=ke.com
20210128,白云,嘉禾望岗,岭南新世界 1室0厅 东南,45万,地下室                                                                      | 2000年建 |                                1室0厅 | 11.6平米                                  | 东南,http://ke-image.ljcdn.com/440100-inspection/ce1287cf-8430-4b60-94e8-cab86770dd14.jpg!m_fill,w_280,h_210,f_jpg?from=ke.com
20210128,白云,嘉禾望岗,岭南新世界G32楼下车位，停车方便,38万,地下室                                                                  1室0厅 | 11.6平米                                  | 东,http://ke-image.ljcdn.com/110000-inspection/d24dca4c-689b-4e99-81cb-6d5a2a9ed275.jpg!m_fill,w_280,h_210,f_jpg?from=ke.com
20210128,白云,嘉禾望岗,嘉云府车位  方便停车  业主诚意出售,45万,地下室                                    (共1层)                                                                  1室0厅 | 12.5平米                                  | 南,http://ke-image.ljcdn.com/110000-inspection/6d2db3b6-e3ab-4f33-8e40-52726abade8b.jpg!m_fill,w_280,h_210,f_jpg?from=ke.com
20210128,白云,嘉禾望岗,岭南新世界锦云峰 1室0厅 南,40万,地下室                                                                  1室0厅 | 12.25平米                                  | 南,http://ke-image.ljcdn.com/440100-inspection/911f0de5-716c-466e-a928-fa1d6c79c8bd.jpg!m_fill,w_280,h_210,f_jpg?from=ke.com
20210128,白云,嘉禾望岗,嘉云府d区车位      ，方便停车,41万,地下室                                                                  1室0厅 | 12平米                                  | 南,http://ke-image.ljcdn.com/110000-inspection/5c153431a4807dfac7e50a7767620333-079.jpg!m_fill,w_280,h_210,f_jpg?from=ke.com
20210128,白云,嘉禾望岗,岭南新世界车位在卖。。。。。。。。。。,49万,地下室                                                                  1室0厅 | 12.2平米                                  | 南,http://ke-image.ljcdn.com/440100-inspection/b7e64157-41f9-458c-b939-14dad4ceeefe.jpg!m_fill,w_280,h_210,f_jpg?from=ke.com
20210128,白云,嘉禾望岗,岭南新世界  负一层车位  业主诚意出售,40万,地下室                                                                  1室0厅 | 12平米                                  | 东南,http://ke-image.ljcdn.com/440100-inspection/8ba5ef02-975c-4487-8694-a92fbfaec6f5.jpg!m_fill,w_280,h_210,f_jpg?from=ke.com
20210128,白云,嘉禾望岗,岭南新世界映翠园G区车位，近电梯口，边位好停车,43万,地下室                                                                  1室0厅 | 12.5平米                                  | 南,http://ke-image.ljcdn.com/440100-inspection/cabc8cc4-07a9-49a0-a50f-0ad8bfcc5999.jpg!m_fill,w_280,h_210,f_jpg?from=ke.com
20210128,白云,嘉禾望岗,岭南新世界倚湾园地下车位，业主诚心卖，生活配套齐全,39万,地下室                                                                  1室0厅 | 12平米                                  | 南,http://ke-image.ljcdn.com/440100-inspection/04119850-98da-477f-92ce-9b687da0d692.jpg!m_fill,w_280,h_210,f_jpg?from=ke.com
20210128,白云,嘉禾望岗,岭南新世界嘉云府负一层车位出售,45万,地下室                                    (共1层)                                                                  1室0厅 | 12.25平米                                  | 东南,http://ke-image.ljcdn.com/440100-inspection/701f6a96-2158-4c2c-9cf4-81a2bbea2307.jpg!m_fill,w_280,h_210,f_jpg?from=ke.com
20210128,白云,嘉禾望岗,岭南新世界双城故事车位 价格便宜可出售,40万,地下室                                                                  1室0厅 | 12平米                                  | 南,http://ke-image.ljcdn.com/440100-inspection/a1b7af1d-3577-4fc6-9c1e-8c23c8b464d8.jpg!m_fill,w_280,h_210,f_jpg?from=ke.com
20210128,白云,嘉禾望岗,岭南新世界  南向标准两房 位置安静 满五年,405万,低楼层                                    (共9层)                                                                      | 2003年建 |                                2室1厅 | 87平米                                  | 南,http://ke-image.ljcdn.com/440100-inspection/93e835cd-4eab-4620-bdf6-7a06cecf0ec5.jpg!m_fill,w_280,h_210,f_jpg?from=ke.com
20210128,白云,嘉禾望岗,凯云新世界 A区全新未入住 中高层三房二卫,730万,高楼层                                    (共16层)                                                                  3室2厅 | 130.7平米                                  | 东北,http://s1.ljcdn.com/pegasus/redskull/images/common/default_house_list.png?_v=202101261829353
20210128,白云,嘉禾望岗,单边位！岭南新世界 高层舒适俩房  装修保养好新上,330万,高楼层                                    (共11层)                                                                      | 2000年建 |                                3室2厅 | 74.51平米                                  | 东北,http://s1.ljcdn.com/pegasus/redskull/images/common/default_house_list.png?_v=202101261829353
20210128,白云,嘉禾望岗,楼梯口  靓车位  停车进出方便,52万,地下室                                                                  1室1厅 | 12平米                                  | 东南,http://s1.ljcdn.com/pegasus/redskull/images/common/default_house_list.png?_v=202101261829353
20210128,白云,嘉禾望岗,此房满五唯一 楼层靓 装修保养好 适合首套刚需的客户新上,370万,中楼层                                    (共30层)                                                                      | 2013年建 |                                2室2厅 | 83.16平米                                  | 北,http://s1.ljcdn.com/pegasus/redskull/images/common/default_house_list.png?_v=202101261829353
20210128,白云,嘉禾望岗,凯云新世界 1室0厅 南 北,50万,地下室                                                                  1室0厅 | 12平米                                  | 南 北,http://s1.ljcdn.com/pegasus/redskull/images/common/default_house_list.png?_v=202101261829353
20210128,白云,嘉禾望岗,岭南新世界 高楼层 视野开阔 楼龄新,359万,高楼层                                    (共18层)                                                                      | 2008年建 |                                2室2厅 | 77.21平米                                  | 东南,http://ke-image.ljcdn.com/110000-inspection/pc1_I2uPYYX43_1.jpg!m_fill,w_280,h_210,f_jpg?from=ke.com
20210128,白云,嘉禾望岗,岭南新世界锦云峰  中层全南向三房  精装修,500万,低楼层                                    (共30层)                                                                      | 2013年建 |                                3室2厅 | 94.56平米                                  | 东南,http://s1.ljcdn.com/pegasus/redskull/images/common/default_house_list.png?_v=202101261829353
20210128,白云,嘉禾望岗,岭南新世界嘉云府南向双层复式精装四房,1400万,高楼层                                    (共4层)                                                                      | 2008年建 |                                4室2厅 | 242平米                                  | 南 北,http://s1.ljcdn.com/pegasus/redskull/images/common/default_house_list.png?_v=202101261829353
20210128,白云,嘉禾望岗,岭南新世界锦云峰 高层两居室 业主诚心出售新上,350万,高楼层                                    (共30层)                                                                      | 2013年建 |                                2室2厅 | 80.81平米                                  | 北,http://ke-image.ljcdn.com/hdic-frame/aeb955f4-f4e1-44f5-89e7-ac6ede9e82a6.jpg!m_fill,w_280,h_210,f_jpg?from=ke.com
20210128,白云,嘉禾望岗,K区优悦园的车位，12.5平方，够宽阔，容易停车,40万,地下室                                                                      | 2000年建 |                                1室0厅 | 12.5平米                                  | 南,http://ke-image.ljcdn.com/110000-inspection/e34aae46-a689-43ee-bba9-8884d9072efe.jpg!m_fill,w_280,h_210,f_jpg?from=ke.com
20210128,白云,嘉禾望岗,此房满五年唯一，户型方正，装修保养好，配套设施齐,400万,高楼层                                    (共32层)                                                                      | 2013年建 |                                2室2厅 | 80.91平米                                  | 北,http://ke-image.ljcdn.com/110000-inspection/pc1_BksWlrpwe_1.jpg!m_fill,w_280,h_210,f_jpg?from=ke.com
20210128,白云,嘉禾望岗,岭南新世界优悦园 实用两房， 高层采光好，保养新净,360万,高楼层                                    (共9层)                                                                      | 2008年建 |                                2室2厅 | 76.65平米                                  | 东北,http://ke-image.ljcdn.com/110000-inspection/0504b62f-aa9b-4d0e-9959-2faa7c31a082_1000.jpg!m_fill,w_280,h_210,f_jpg?from=ke.com
20210128,白云,嘉禾望岗,户型方正  实用率高 ！！！！！！,500万,低楼层                                    (共13层)                                                                      | 2008年建 |                                4室1厅 | 96.58平米                                  | 东北,http://ke-image.ljcdn.com/110000-inspection/pc1_2vglmTe7h_2.jpg!m_fill,w_280,h_210,f_jpg?from=ke.com
20210128,白云,嘉禾望岗,西南朝向 户型方正 采光通风好,345万,中楼层                                    (共17层)                                                                      | 2008年建 |                                2室2厅 | 77平米                                  | 西南,http://ke-image.ljcdn.com/110000-inspection/pc1_r9zXKBhmE.jpg!m_fill,w_280,h_210,f_jpg?from=ke.com
20210128,白云,嘉禾望岗,岭南新世界 三房两卫 南向 望花园,480万,低楼层                                    (共14层)                                                                      | 2008年建 |                                3室2厅 | 103.48平米                                  | 南,http://ke-image.ljcdn.com/110000-inspection/pc1_7TXhttnWA.jpg!m_fill,w_280,h_210,f_jpg?from=ke.com
20210128,白云,嘉禾望岗,南向3房看花园，户型方正，居住安静,385万,低楼层                                    (共11层)                                                                      | 2006年建 |                                3室1厅 | 94.63平米                                  | 北,http://ke-image.ljcdn.com/440100-inspection/prod-3b14c758-7864-48a3-bcd6-a903b2dc44fd.jpg!m_fill,w_280,h_210,f_jpg?from=ke.com
20210128,白云,嘉禾望岗,岭南新世界   实用两房   位置安静,380万,中楼层                                    (共14层)                                                                      | 2008年建 |                                2室2厅 | 78.4平米                                  | 西北,http://ke-image.ljcdn.com/440100-inspection/pc1_lD8v77ZGC_1.jpg!m_fill,w_280,h_210,f_jpg?from=ke.com
20210128,白云,嘉禾望岗,华发四季 高层南向 四房 采光通风好,1100万,高楼层                                    (共30层)                                                                  4室2厅 | 183.56平米                                  | 东南,http://ke-image.ljcdn.com/440100-inspection/pc1_QVHbSbLpl_1.jpg!m_fill,w_280,h_210,f_jpg?from=ke.com
20210128,白云,嘉禾望岗,锦云峰 精装南向三房 三房朝南。,500万,低楼层                                    (共32层)                                                                      | 2013年建 |                                3室2厅 | 101.89平米                                  | 南,http://ke-image.ljcdn.com/110000-inspection/484781f4-ad2f-4fbb-8075-fd095a01ad17_1000.jpg!m_fill,w_280,h_210,f_jpg?from=ke.com
20210128,白云,嘉禾望岗,岭南新世界 3室2厅 南必看好房,475万,中楼层                                    (共11层)                                                                      | 2000年建 |                                3室2厅 | 104.76平米                                  | 南,http://ke-image.ljcdn.com/110000-inspection/pc1_ZzPflFeVz_1.jpg!m_fill,w_280,h_210,f_jpg?from=ke.com
20210128,白云,嘉禾望岗,南向大两房，带2个花园，业主精装修,405万,低楼层                                    (共18层)                                                                      | 2008年建 |                                2室2厅 | 92.3平米                                  | 西南,http://ke-image.ljcdn.com/440100-inspection/pc1_zxucEm9SA_1.jpg!m_fill,w_280,h_210,f_jpg?from=ke.com
20210128,白云,嘉禾望岗,岭南新世界 精致六房 精装修 采光充足,936万,高楼层                                    (共11层)                                                                      | 2001年建 |                                6室2厅 | 216.76平米                                  | 北,http://ke-image.ljcdn.com/110000-inspection/pc1_v8nvBthC4.jpg!m_fill,w_280,h_210,f_jpg?from=ke.com
20210128,白云,嘉禾望岗,锦云峰高层两房 视野无遮挡 户型方正,370万,中楼层                                    (共32层)                                                                      | 2013年建 |                                2室2厅 | 81.56平米                                  | 北,http://ke-image.ljcdn.com/hdic-frame/1bffc46d-8b45-47d9-9d95-bcdce57e8cb3.jpg!m_fill,w_280,h_210,f_jpg?from=ke.com
20210128,白云,嘉禾望岗,岭南宽敞边位车库位置靓方便倒车入库,37万,地下室                                                                  1室0厅 | 12平米                                  | 南,http://ke-image.ljcdn.com/110000-inspection/fcd1bc8aa9a95652602739eb0c1f3a2b-002.jpg!m_fill,w_280,h_210,f_jpg?from=ke.com
20210128,白云,嘉禾望岗,此车位户弄方正,位置佳,好停车,出入方便,业主诚心出售,40万,地下室                                                                  1室0厅 | 11.76平米                                  | 南,http://ke-image.ljcdn.com/110000-inspection/4c6cae07fe8eaa40b9540840be888fa8-062.jpg!m_fill,w_280,h_210,f_jpg?from=ke.com
20210128,白云,嘉禾望岗,岭南新世界 1室0厅 东,45万,地下室                                                                  1室0厅 | 12平米                                  | 东,http://ke-image.ljcdn.com/110000-inspection/764b6978-b745-4094-b2e1-d334ae87a647.jpg!m_fill,w_280,h_210,f_jpg?from=ke.com
20210128,白云,嘉禾望岗,新世界 嘉云府 地下室 停车库 满两年,39万,地下室                                                                  1室0厅 | 12.5平米                                  | 南,http://ke-image.ljcdn.com/110000-inspection/4158dae9-97ea-4fe4-b06a-3644958b68b5.jpg!m_fill,w_280,h_210,f_jpg?from=ke.com
20210128,白云,嘉禾望岗,岭南新世界锦云峰A8 楼下车位,41万,地下室                                                                  1室0厅 | 12.25平米                                  | 南,http://ke-image.ljcdn.com/110000-inspection/dcd49dde-cee3-4318-be11-1cdbfc639c84.jpg!m_fill,w_280,h_210,f_jpg?from=ke.com
20210128,白云,嘉禾望岗,岭南新世界 双城故事车位 可停两台车,50万,地下室                                                                  1室1厅 | 12.25平米                                  | 南,http://ke-image.ljcdn.com/110000-inspection/fa988d46-c4aa-4e01-a9d3-5d295027b747.jpg!m_fill,w_280,h_210,f_jpg?from=ke.com
20210128,白云,嘉禾望岗,岭南新世界 1室0厅 南,41万,地下室                                                                      | 2000年建 |                                1室0厅 | 11.5平米                                  | 南,http://ke-image.ljcdn.com/110000-inspection/086eae68-25d9-47d2-9468-c5855c3eb987.jpg!m_fill,w_280,h_210,f_jpg?from=ke.com
20210128,白云,嘉禾望岗,岭南新世界车库，位置好，停车方便,40万,地下室                                                                  1室0厅 | 12平米                                  | 东南,http://ke-image.ljcdn.com/440100-inspection/b08ca0a0-6b73-44e5-80ad-859e1de29df9.jpg!m_fill,w_280,h_210,f_jpg?from=ke.com
20210128,白云,嘉禾望岗,*近锦云峰车位  锦云峰嘉云府斜坡上去位置,37万,地下室                                                                  1室0厅 | 12.01平米                                  | 南,http://ke-image.ljcdn.com/440100-inspection/034b54fe-6b8c-4c3d-a52e-2826cea31f80.jpg!m_fill,w_280,h_210,f_jpg?from=ke.com
20210128,白云,嘉禾望岗,新世界嘉云府的车位   出入方便 车位停放方便,35万,地下室                                    (共1层)                                                                  1室0厅 | 12平米                                  | 东,http://ke-image.ljcdn.com/440100-inspection/90babf4c-6c32-4869-89eb-bcab2c27c730.jpg!m_fill,w_280,h_210,f_jpg?from=ke.com
20210128,白云,嘉禾望岗,岭南新世界      私人车位       诚意出售,41万,地下室                                                                      | 2000年建 |                                1室1厅 | 12平米                                  | 南,http://ke-image.ljcdn.com/440100-inspection/662a3baf-e8e0-41ee-a31c-9dcaa6bfb2f8.jpg!m_fill,w_280,h_210,f_jpg?from=ke.com
20210128,白云,嘉禾望岗,嘉怡园 嘉禾望岗实用新装修两居室,149万,中楼层                                    (共9层)                                                                      | 2000年建 |                                2室2厅 | 62.06平米                                  | 东南,http://ke-image.ljcdn.com/440100-inspection/prod-59f9e27e-2645-47aa-8c92-16880d71f0c1.jpg!m_fill,w_280,h_210,f_jpg?from=ke.com
20210128,白云,嘉禾望岗,岭南新世界 C区少有子母车位 天井位置佳 离出口近,60万,地下室                                                                      | 2000年建 |                                1室0厅 | 25平米                                  | 南,http://ke-image.ljcdn.com/440100-inspection/fb708a63-31f6-4745-971f-54252d506ecb.jpg!m_fill,w_280,h_210,f_jpg?from=ke.com
20210128,白云,嘉禾望岗,精致两房，税费全包。户型方正，通风。居住舒适。,350万,低楼层                                    (共11层)                                                                      | 2000年建 |                                2室2厅 | 72.59平米                                  | 北 东北,http://ke-image.ljcdn.com/440100-inspection/b5cb6ef6-e801-4153-89d1-a7ba97b609ee.jpg!m_fill,w_280,h_210,f_jpg?from=ke.com
20210128,白云,嘉禾望岗,锦云峰 精装两房 装修保养好,360万,低楼层                                    (共32层)                                                                      | 2013年建 |                                2室1厅 | 87.01平米                                  | 北,http://ke-image.ljcdn.com/440100-inspection/191e649d-f916-4d35-b224-8446542524c9.jpg!m_fill,w_280,h_210,f_jpg?from=ke.com
20210128,白云,嘉禾望岗,新世界驾云府 南向四房 带一百平大花园,750万,低楼层                                    (共11层)                                                                      | 2008年建 |                                4室2厅 | 118.5平米                                  | 南,http://s1.ljcdn.com/pegasus/redskull/images/common/default_house_list.png?_v=202101261829353
20210128,白云,嘉禾望岗,此房阳台朝南，两梯两户，高楼层，小区少有放盘的户型,1178万,低楼层                                    (共43层)                                                                  4室2厅 | 207.82平米                                  | 南,http://s1.ljcdn.com/pegasus/redskull/images/common/default_house_list.png?_v=202101261829353
20210128,白云,嘉禾望岗,岭南新世界双城故事车库    价格优惠诚信出售,39万,地下室                                                                  1室0厅 | 12.5平米                                  | 东南,http://ke-image.ljcdn.com/440100-inspection/1391498b-d8df-49f0-9842-1ba8d11301d9.jpg!m_fill,w_280,h_210,f_jpg?from=ke.com
