20210128,番禺,顺德碧桂园,广州产权 彩云居/芷兰湾 南向三房 只交契税 大三房,164.5万,低楼层                                    (共11层)                                                                      | 1998年建 |                                3室1厅 | 106.96平米                                  | 南,http://ke-image.ljcdn.com/110000-inspection/pc1_IcDJOvnyB.jpg!m_fill,w_280,h_210,f_jpg?from=ke.com
20210128,番禺,顺德碧桂园,广州产权芷兰湾 店长推荐 南向三房高层一线望江,170万,高楼层                                    (共18层)                                                                      | 2009年建 |                                3室2厅 | 96.53平米                                  | 东南,http://ke-image.ljcdn.com/110000-inspection/pc1_h3NFfP6nr_2.jpg!m_fill,w_280,h_210,f_jpg?from=ke.com
20210128,番禺,顺德碧桂园,碧桂园东苑78方 2房 户型方正 出入大门口方便,126万,中楼层                                    (共6层)                                                                      | 2003年建 |                                2室2厅 | 78平米                                  | 东北,http://ke-image.ljcdn.com/110000-inspection/pc1_DpDQ2W46X_2.jpg!m_fill,w_280,h_210,f_jpg?from=ke.com
20210128,番禺,顺德碧桂园,一楼大两房   74方的花园   有钥匙，方便看,180万,低楼层                                    (共6层)                                                                      | 2002年建 |                                2室2厅 | 72.4平米                                  | 北,http://ke-image.ljcdn.com/110000-inspection/pc1_66Pf1Rzhm_1.jpg!m_fill,w_280,h_210,f_jpg?from=ke.com
20210128,番禺,顺德碧桂园,南向望小区园景位置靓采光好，业主少住精装修。,160万,高楼层                                    (共6层)                                                                  3室2厅 | 96.3平米                                  | 南,http://ke-image.ljcdn.com/110000-inspection/pc1_wzYlpClaK_2.jpg!m_fill,w_280,h_210,f_jpg?from=ke.com
20210128,番禺,顺德碧桂园,广州产权东苑大露台看江景的三房,195万,高楼层                                    (共7层)                                                                  3室2厅 | 129平米                                  | 南,http://ke-image.ljcdn.com/110000-inspection/pc1_nvmSX5scX_2.jpg!m_fill,w_280,h_210,f_jpg?from=ke.com
20210128,番禺,顺德碧桂园,业主急售 环翠路南向三房业主诚心出售,178万,高楼层                                    (共6层)                                                                      | 2003年建 |                                3室1厅 | 127.5平米                                  | 南,http://ke-image.ljcdn.com/110000-inspection/pc1_Va8LypFOR.jpg!m_fill,w_280,h_210,f_jpg?from=ke.com
20210128,番禺,顺德碧桂园,芷兰湾电梯 北向三房 中间楼层 采光视野好 满5年,166万,高楼层                                    (共18层)                                                                      | 2009年建 |                                3室2厅 | 93.61平米                                  | 北,http://ke-image.ljcdn.com/110000-inspection/pc1_NXxYwilDK_2.jpg!m_fill,w_280,h_210,f_jpg?from=ke.com
20210128,番禺,顺德碧桂园,满五唯一 靓楼层 视野开阔 望江三房 税少 装修保养好,160万,中楼层                                    (共18层)                                                                      | 2009年建 |                                3室2厅 | 93.48平米                                  | 东北,http://ke-image.ljcdn.com/440100-inspection/pc1_GhGdX6I2x_1.jpg!m_fill,w_280,h_210,f_jpg?from=ke.com
20210128,番禺,顺德碧桂园,碧桂园东苑大两房  南向  保养好，位置好,138万,中楼层                                    (共6层)                                                                  2室1厅 | 78.2平米                                  | 南,http://ke-image.ljcdn.com/110000-inspection/pc1_WRJG7Cl4x_1.jpg!m_fill,w_280,h_210,f_jpg?from=ke.com
20210128,番禺,顺德碧桂园,芷兰湾 南向三房 望江 保养靓仔,198万,高楼层                                    (共18层)                                                                      | 2009年建 |                                3室2厅 | 100.68平米                                  | 南,http://ke-image.ljcdn.com/110000-inspection/pc1_ZRoXXElml_1.jpg!m_fill,w_280,h_210,f_jpg?from=ke.com
20210128,番禺,顺德碧桂园,广州产权芷兰湾 店长推荐 高层南向望江 自住保养好新上,180万,中楼层                                    (共18层)                                                                      | 2009年建 |                                3室2厅 | 96.44平米                                  | 南,http://ke-image.ljcdn.com/110000-inspection/pc1_2UgOBfiob.jpg!m_fill,w_280,h_210,f_jpg?from=ke.com
20210128,番禺,顺德碧桂园,广州产权 一楼三房带花园 南向 实用高 格局好 精装修,300万,低楼层                                    (共18层)                                                                      | 2009年建 |                                3室1厅 | 96.92平米                                  | 南,http://ke-image.ljcdn.com/110000-inspection/pc1_l3taMkOUK_1.jpg!m_fill,w_280,h_210,f_jpg?from=ke.com
20210128,番禺,顺德碧桂园,顺德碧桂园彩云居/芷兰湾 三房两厅 东北向 含全屋家器,160万,中楼层                                    (共11层)                                                                      | 1998年建 |                                3室2厅 | 101.87平米                                  | 东北,http://ke-image.ljcdn.com/110000-inspection/pc1_bXUHciMXJ_2.jpg!m_fill,w_280,h_210,f_jpg?from=ke.com
20210128,番禺,顺德碧桂园,南向望江 新装修 拎包入住 含车位 一步到位 看房方便,198万,中楼层                                    (共18层)                                                                      | 2009年建 |                                3室2厅 | 96.83平米                                  | 南,http://ke-image.ljcdn.com/110000-inspection/pc1_RjYP3aCR4_2.jpg!m_fill,w_280,h_210,f_jpg?from=ke.com
20210128,番禺,顺德碧桂园,顺德碧桂园芷兰湾 2室2厅 （广州产权，番禺区）,180万,中楼层                                    (共11层)                                                                      | 2009年建 |                                2室2厅 | 94.4平米                                  | 南,http://ke-image.ljcdn.com/110000-inspection/pc1_cVSXtBv7T_1.jpg!m_fill,w_280,h_210,f_jpg?from=ke.com
20210128,番禺,顺德碧桂园,顺德碧桂园东苑南向一楼带大花园新上,190万,低楼层                                    (共6层)                                                                  2室1厅 | 79.2平米                                  | 西南,http://ke-image.ljcdn.com/110000-inspection/pc1_fVSk1jQex_1.jpg!m_fill,w_280,h_210,f_jpg?from=ke.com
20210128,番禺,顺德碧桂园,精致两房 近门口 出入方便 环境舒适,140万,中楼层                                    (共6层)                                                                  2室2厅 | 78平米                                  | 南,http://ke-image.ljcdn.com/110000-inspection/pc1_jgwGH6ViP_2.jpg!m_fill,w_280,h_210,f_jpg?from=ke.com
20210128,番禺,顺德碧桂园,顺德碧桂园芷兰湾 2室2厅 东,220万,高楼层                                    (共11层)                                                                      | 2009年建 |                                2室2厅 | 91平米                                  | 东,http://ke-image.ljcdn.com/110000-inspection/pc1_0mvSuH6pd_1.jpg!m_fill,w_280,h_210,f_jpg?from=ke.com
20210128,番禺,顺德碧桂园,顶楼复式买一层得两层，东南角边位房屋一线江景,265万,高楼层                                    (共18层)                                                                      | 2009年建 |                                5室3厅 | 100平米                                  | 东南,http://ke-image.ljcdn.com/110000-inspection/pc1_VcpePpGcC_1.jpg!m_fill,w_280,h_210,f_jpg?from=ke.com
20210128,番禺,顺德碧桂园,格局方正经典，中楼层，望远景，采光充足,175万,中楼层                                    (共6层)                                                                      | 2002年建 |                                3室1厅 | 97.4平米                                  | 南,http://ke-image.ljcdn.com/440100-inspection/pc1_TSY64gNFx.jpg!m_fill,w_280,h_210,f_jpg?from=ke.com
20210128,番禺,顺德碧桂园,芷兰湾电梯 南向三房 低楼层 采光视野好 满5年,175万,低楼层                                    (共18层)                                                                      | 2009年建 |                                3室2厅 | 96.27平米                                  | 东南,http://ke-image.ljcdn.com/110000-inspection/pc1_yr3v0BID7_2.jpg!m_fill,w_280,h_210,f_jpg?from=ke.com
20210128,番禺,顺德碧桂园,环境优雅，低密度社区，小区高，面临江，一线好风景,280万,高楼层                                    (共6层)                                                                      | 2012年建 |                                3室2厅 | 129平米                                  | 南,http://ke-image.ljcdn.com/110000-inspection/pc1_ejqIhFWUU_2.jpg!m_fill,w_280,h_210,f_jpg?from=ke.com
20210128,番禺,顺德碧桂园,碧桂园芷兰湾，广州产权，视野开阔，前无遮挡,153万,低楼层                                    (共18层)                                                                      | 2009年建 |                                3室2厅 | 93平米                                  | 北,http://ke-image.ljcdn.com/110000-inspection/pc1_axLe6rDgy_1.jpg!m_fill,w_280,h_210,f_jpg?from=ke.com
20210128,番禺,顺德碧桂园,此房证过5年，无抵押，装修保养好，临江高层视野好。,170万,中楼层                                    (共18层)                                                                      | 2009年建 |                                3室2厅 | 93.4平米                                  | 东北,http://ke-image.ljcdn.com/110000-inspection/pc1_sly2E7Tbk.jpg!m_fill,w_280,h_210,f_jpg?from=ke.com
20210128,番禺,顺德碧桂园,番禺芷兰湾 刚需三房 格局方正 诚意出售 看房方便,160万,低楼层                                    (共18层)                                                                      | 2009年建 |                                3室2厅 | 93.51平米                                  | 北,http://ke-image.ljcdn.com/110000-inspection/pc1_txIDa95zf_1.jpg!m_fill,w_280,h_210,f_jpg?from=ke.com
20210128,番禺,顺德碧桂园,顺德碧桂园芷兰湾 3室2厅 南,255万,低楼层                                    (共18层)                                                                      | 2009年建 |                                3室2厅 | 100.46平米                                  | 南,http://ke-image.ljcdn.com/110000-inspection/pc1_0gmZ0s3WG_1.jpg!m_fill,w_280,h_210,f_jpg?from=ke.com
20210128,番禺,顺德碧桂园,广州产权 顺德碧桂园 东苑大三房,172万,高楼层                                    (共6层)                                                                  3室2厅 | 97平米                                  | 南 北,http://ke-image.ljcdn.com/110000-inspection/pc1_fD2FGv0xn.jpg!m_fill,w_280,h_210,f_jpg?from=ke.com
20210128,番禺,顺德碧桂园,顺德碧桂园东苑 2室2厅 东北,129万,低楼层                                    (共6层)                                                                      | 1999年建 |                                2室2厅 | 78.2平米                                  | 东北,http://ke-image.ljcdn.com/110000-inspection/pc1_OKEuV4PXQ_1.jpg!m_fill,w_280,h_210,f_jpg?from=ke.com
20210128,番禺,顺德碧桂园,广州产权实用两房,：格局方正经典 望远景，采光充足,155万,中楼层                                    (共7层)                                                                  2室2厅 | 77.6平米                                  | 南,http://ke-image.ljcdn.com/110000-inspection/pc1_r4wKf0snA.jpg!m_fill,w_280,h_210,f_jpg?from=ke.com
20210128,番禺,顺德碧桂园,过2年税费少，位置靓采光好,东南向望花园,诚意放卖,119.8万,中楼层                                    (共7层)                                                                      | 2003年建 |                                2室2厅 | 62.7平米                                  | 东南,http://ke-image.ljcdn.com/110000-inspection/pc1_9RPdGEqqx_1.jpg!m_fill,w_280,h_210,f_jpg?from=ke.com
20210128,番禺,顺德碧桂园,顺德碧桂园芷兰湾 广州产权 北向  业主 急售158万,158万,高楼层                                    (共18层)                                                                      | 2009年建 |                                3室2厅 | 94平米                                  | 东北,http://ke-image.ljcdn.com/110000-inspection/pc1_WlmJbspim_2.jpg!m_fill,w_280,h_210,f_jpg?from=ke.com
20210128,番禺,顺德碧桂园,广州产权芷兰湾一楼80多方花园可以停车自己家花园,209万,低楼层                                    (共18层)                                                                      | 2009年建 |                                3室2厅 | 93.73平米                                  | 北,http://ke-image.ljcdn.com/110000-inspection/pc1_c4JHerx1Z_2.jpg!m_fill,w_280,h_210,f_jpg?from=ke.com
20210128,番禺,顺德碧桂园,实用电梯三房，大阳台，望小区园中，业主诚心出售。,188万,低楼层                                    (共11层)                                                                      | 1998年建 |                                3室1厅 | 106.85平米                                  | 南 北,http://ke-image.ljcdn.com/110000-inspection/pc1_R28jvgFCZ_2.jpg!m_fill,w_280,h_210,f_jpg?from=ke.com
20210128,番禺,顺德碧桂园,顺德碧桂园芷兰湾 广州产权 北向过三 有按揭 方便看房,185万,高楼层                                    (共18层)                                                                      | 2009年建 |                                3室2厅 | 95.38平米                                  | 东北,http://ke-image.ljcdn.com/110000-inspection/pc1_AzzQcdrfx_1.jpg!m_fill,w_280,h_210,f_jpg?from=ke.com
20210128,番禺,顺德碧桂园,中高层望江单位  精装经典三房 东南向无遮挡 通风对流,180万,高楼层                                    (共18层)                                                                      | 2009年建 |                                3室2厅 | 96.57平米                                  | 东南,http://ke-image.ljcdn.com/110000-inspection/pc1_kOu5yBK4x_1.jpg!m_fill,w_280,h_210,f_jpg?from=ke.com
20210128,番禺,顺德碧桂园,东苑三房，南向望远景，保养好，满五唯一，看房方便,163万,高楼层                                    (共6层)                                                                      | 2003年建 |                                3室2厅 | 97.1平米                                  | 南,http://ke-image.ljcdn.com/110000-inspection/pc1_GIhMoW0SC_2.jpg!m_fill,w_280,h_210,f_jpg?from=ke.com
20210128,番禺,顺德碧桂园,楼层好 采光充足 望园景 交通便利,190万,中楼层                                    (共18层)                                                                      | 2009年建 |                                3室2厅 | 96平米                                  | 南,http://ke-image.ljcdn.com/110000-inspection/pc1_Gamk3LsPm_1.jpg!m_fill,w_280,h_210,f_jpg?from=ke.com
20210128,番禺,顺德碧桂园,顺德碧桂园大夫山旁东苑小两房低楼层,109万,低楼层                                    (共6层)                                                                  2室2厅 | 62.7平米                                  | 东北,http://ke-image.ljcdn.com/110000-inspection/pc1_wYvXyLinQ_1.jpg!m_fill,w_280,h_210,f_jpg?from=ke.com
20210128,番禺,顺德碧桂园,顺德碧桂园东苑 广州产权 东南向 大两房,136万,低楼层                                    (共6层)                                                                      | 2003年建 |                                2室1厅 | 78平米                                  | 南,http://ke-image.ljcdn.com/110000-inspection/pc1_DYLdttRZ5_1.jpg!m_fill,w_280,h_210,f_jpg?from=ke.com
20210128,番禺,顺德碧桂园,广州产权芷兰湾实用三房 景观好 采光充足,178万,中楼层                                    (共18层)                                                                      | 2009年建 |                                3室1厅 | 97平米                                  | 东,http://ke-image.ljcdn.com/110000-inspection/pc1_98GERPJ9T_1.jpg!m_fill,w_280,h_210,f_jpg?from=ke.com
20210128,番禺,顺德碧桂园,广州产权顺德碧桂园一楼大花园的三房,288万,低楼层                                    (共6层)                                                                  3室2厅 | 90.2平米                                  | 西南,http://ke-image.ljcdn.com/110000-inspection/pc1_UbWHSJAPW_1.jpg!m_fill,w_280,h_210,f_jpg?from=ke.com
20210128,番禺,顺德碧桂园,广州产权顺德碧桂园东苑南向看江景三房套房,185万,低楼层                                    (共6层)                                                                      | 2003年建 |                                3室2厅 | 97.4平米                                  | 南,http://ke-image.ljcdn.com/110000-inspection/pc1_eOp7lMg9J_1.jpg!m_fill,w_280,h_210,f_jpg?from=ke.com
20210128,番禺,顺德碧桂园,碧桂园东苑 3房南向 低楼层 出入大门口方便,170万,低楼层                                    (共6层)                                                                  3室2厅 | 97平米                                  | 南,http://ke-image.ljcdn.com/110000-inspection/pc1_zk2pqaYl6_1.jpg!m_fill,w_280,h_210,f_jpg?from=ke.com
20210128,番禺,顺德碧桂园,碧桂东苑地下 带花园两房 全新装修 格局方正 看房方便,170万,低楼层                                    (共6层)                                                                      | 2003年建 |                                2室2厅 | 72.4平米                                  | 北,http://ke-image.ljcdn.com/110000-inspection/pc1_HGFRG9W7L_2.jpg!m_fill,w_280,h_210,f_jpg?from=ke.com
20210128,番禺,顺德碧桂园,沙湾碧桂园 芷兰湾三房南向 望园景,185万,低楼层                                    (共18层)                                                                      | 2009年建 |                                3室2厅 | 96.95平米                                  | 南,http://ke-image.ljcdn.com/110000-inspection/pc1_KkOkkSmrw_2.jpg!m_fill,w_280,h_210,f_jpg?from=ke.com
20210128,番禺,顺德碧桂园,碧桂园东苑  中层南向  位置安静居家好,172万,中楼层                                    (共6层)                                                                  3室2厅 | 96.3平米                                  | 南,http://ke-image.ljcdn.com/110000-inspection/pc1_l3hGRBnFS.jpg!m_fill,w_280,h_210,f_jpg?from=ke.com
20210128,番禺,顺德碧桂园,顺德碧桂园 东苑 大三房 带大露台,218万,高楼层                                    (共7层)                                                                      | 2012年建 |                                3室2厅 | 129平米                                  | 西南,http://ke-image.ljcdn.com/110000-inspection/pc1_BKKWWuOBB_2.jpg!m_fill,w_280,h_210,f_jpg?from=ke.com
20210128,番禺,顺德碧桂园,广州产权一楼、花园200方、一手业主自住房,203万,低楼层                                    (共6层)                                                                  2室2厅 | 58平米                                  | 北,http://ke-image.ljcdn.com/110000-inspection/pc1_MATI09wMX_1.jpg!m_fill,w_280,h_210,f_jpg?from=ke.com
20210128,番禺,顺德碧桂园,碧桂园芷兰湾  大三房定制装修 自住保养好必看好房,168万,中楼层                                    (共18层)                                                                      | 2009年建 |                                3室2厅 | 98.63平米                                  | 东北,http://ke-image.ljcdn.com/110000-inspection/pc1_AoAxIj8ZF_1.jpg!m_fill,w_280,h_210,f_jpg?from=ke.com
20210128,番禺,顺德碧桂园,此房满五年 带花园  出入方便 业主诚心放卖,259万,低楼层                                    (共11层)                                                                      | 1998年建 |                                2室2厅 | 101平米                                  | 北,http://ke-image.ljcdn.com/110000-inspection/pc1_UdpYKiMzf_1.jpg!m_fill,w_280,h_210,f_jpg?from=ke.com
20210128,番禺,顺德碧桂园,此房满五年，格局方正经典，中楼层，望远景，采光充足,132万,高楼层                                    (共6层)                                                                  2室2厅 | 77.6平米                                  | 东,http://ke-image.ljcdn.com/440100-inspection/pc1_8WZ31cVS1_1.jpg!m_fill,w_280,h_210,f_jpg?from=ke.com
20210128,番禺,顺德碧桂园,顺德碧桂园芷兰湾 3室2厅 北,165万,中楼层                                    (共18层)                                                                      | 2009年建 |                                3室2厅 | 93.48平米                                  | 北,http://ke-image.ljcdn.com/110000-inspection/pc1_aIYyg5Ex6_2.jpg!m_fill,w_280,h_210,f_jpg?from=ke.com
20210128,番禺,顺德碧桂园,顺德碧桂园东苑 精装两房  户型方正 价格实惠,110万,低楼层                                    (共7层)                                                                      | 2003年建 |                                2室1厅 | 60.5平米                                  | 北,http://ke-image.ljcdn.com/110000-inspection/pc1_fFDkWlNLR_2.jpg!m_fill,w_280,h_210,f_jpg?from=ke.com
20210128,番禺,顺德碧桂园,此房采光通透，空气流畅，业主诚心出售,182万,低楼层                                    (共11层)                                                                      | 2009年建 |                                3室2厅 | 107平米                                  | 南,http://ke-image.ljcdn.com/110000-inspection/pc1_qaYJF7Axs_1.jpg!m_fill,w_280,h_210,f_jpg?from=ke.com
20210128,番禺,顺德碧桂园,碧桂园芷兰湾 中高楼层三房 望园景,185万,中楼层                                    (共18层)                                                                      | 2009年建 |                                3室2厅 | 93.42平米                                  | 北,http://ke-image.ljcdn.com/110000-inspection/pc1_cfRwoUj1T_2.jpg!m_fill,w_280,h_210,f_jpg?from=ke.com
20210128,番禺,顺德碧桂园,顺德碧桂园芷兰湾 3房2厅 中高楼层 通风采光好,188万,高楼层                                    (共18层)                                                                      | 2009年建 |                                3室2厅 | 96.89平米                                  | 南,http://ke-image.ljcdn.com/110000-inspection/pc1_6cKp1qI5t_2.jpg!m_fill,w_280,h_210,f_jpg?from=ke.com
20210128,番禺,顺德碧桂园,碧桂园彩云居电梯大两房，有85方阁楼，高层视野宽阔。,228万,高楼层                                    (共11层)                                                                      | 1998年建 |                                2室2厅 | 99.09平米                                  | 南 北,http://ke-image.ljcdn.com/110000-inspection/pc1_emCAkOHXn_1.jpg!m_fill,w_280,h_210,f_jpg?from=ke.com
20210128,番禺,顺德碧桂园,此房过五年唯一物业，保养好，产权清晰，带大露台,220万,高楼层                                    (共6层)                                                                  3室2厅 | 127.5平米                                  | 南,http://ke-image.ljcdn.com/110000-inspection/pc1_OpXGgUpDn_2.jpg!m_fill,w_280,h_210,f_jpg?from=ke.com
20210128,番禺,顺德碧桂园,刚需两房  交通便利   配套成熟,133万,高楼层                                    (共6层)                                                                  2室2厅 | 78.5平米                                  | 东 北,http://ke-image.ljcdn.com/110000-inspection/pc1_xLfLLu3Si.jpg!m_fill,w_280,h_210,f_jpg?from=ke.com
20210128,番禺,顺德碧桂园,广州产权顺德碧桂园小区 彩云居电梯高层三房,198万,高楼层                                    (共11层)                                                                      | 1998年建 |                                3室2厅 | 106.85平米                                  | 南,http://ke-image.ljcdn.com/110000-inspection/pc1_UAcsprCv2_2.jpg!m_fill,w_280,h_210,f_jpg?from=ke.com
20210128,番禺,顺德碧桂园,采光好 自住保养好 配套齐全 交通方便,190万,高楼层                                    (共6层)                                                                  3室2厅 | 97平米                                  | 南 北,http://ke-image.ljcdn.com/110000-inspection/pc1_UId6rzToY_2.jpg!m_fill,w_280,h_210,f_jpg?from=ke.com
20210128,番禺,顺德碧桂园,碧桂园东苑 北向两房 中间楼层,115万,中楼层                                    (共6层)                                                                  2室2厅 | 62.7平米                                  | 北,http://ke-image.ljcdn.com/110000-inspection/pc1_VP3SSASz9_2.jpg!m_fill,w_280,h_210,f_jpg?from=ke.com
20210128,番禺,顺德碧桂园,此房满五年唯一，望花园，楼层好，一手业主,169.5万,中楼层                                    (共6层)                                                                  3室2厅 | 96.3平米                                  | 北,http://ke-image.ljcdn.com/110000-inspection/pc1_Bhmejvh2l_2.jpg!m_fill,w_280,h_210,f_jpg?from=ke.com
20210128,番禺,顺德碧桂园,此房满五年唯一 中间楼层 精致装修 拎包入住,145万,中楼层                                    (共6层)                                                                      | 2002年建 |                                2室2厅 | 78.5平米                                  | 东,http://ke-image.ljcdn.com/110000-inspection/pc1_nDCgYqBT7_2.jpg!m_fill,w_280,h_210,f_jpg?from=ke.com
20210128,番禺,顺德碧桂园,广州产权 东苑小2房 1楼带花园+78方花园,140万,低楼层                                    (共6层)                                                                  2室2厅 | 62平米                                  | 东北,http://ke-image.ljcdn.com/110000-inspection/pc1_npBrLaA90_1.jpg!m_fill,w_280,h_210,f_jpg?from=ke.com
20210128,番禺,顺德碧桂园,广州番禺顺德碧桂园芷兰湾电梯房低楼层南向大2房,146万,低楼层                                    (共16层)                                                                      | 2009年建 |                                2室2厅 | 90.23平米                                  | 南,http://ke-image.ljcdn.com/110000-inspection/pc1_7T2ZHClaT_1.jpg!m_fill,w_280,h_210,f_jpg?from=ke.com
20210128,番禺,顺德碧桂园,顺德碧桂园芷兰湾  建筑93+花园90方,205万,低楼层                                    (共18层)                                                                      | 2009年建 |                                3室2厅 | 93.73平米                                  | 北,http://ke-image.ljcdn.com/110000-inspection/pc1_EbDwZ78lP.jpg!m_fill,w_280,h_210,f_jpg?from=ke.com
20210128,番禺,顺德碧桂园,碧桂园东苑 建筑72方 花园99方 保养干净,168万,低楼层                                    (共6层)                                                                  2室2厅 | 72平米                                  | 东北,http://ke-image.ljcdn.com/110000-inspection/pc1_uIFoJPars_2.jpg!m_fill,w_280,h_210,f_jpg?from=ke.com
20210128,番禺,顺德碧桂园,顺德碧桂园东苑 3室1厅 东南,175万,高楼层                                    (共6层)                                                                      | 2003年建 |                                3室1厅 | 80.3平米                                  | 东南,http://ke-image.ljcdn.com/110000-inspection/pc1_FzexapSWB_2.jpg!m_fill,w_280,h_210,f_jpg?from=ke.com
20210128,番禺,顺德碧桂园,顺德碧桂园芷兰湾 广州产权  过五唯一 没按揭 北向,165万,中楼层                                    (共18层)                                                                      | 2009年建 |                                3室2厅 | 95.01平米                                  | 北,http://ke-image.ljcdn.com/110000-inspection/pc1_g4DCR7FY8_1.jpg!m_fill,w_280,h_210,f_jpg?from=ke.com
20210128,番禺,顺德碧桂园,广州产权南向三房保养好，一线望江，无遮挡采光充足,208万,高楼层                                    (共18层)                                                                      | 2009年建 |                                3室2厅 | 97平米                                  | 南,http://ke-image.ljcdn.com/110000-inspection/pc1_XAFTRiyWX_1.jpg!m_fill,w_280,h_210,f_jpg?from=ke.com
20210128,番禺,顺德碧桂园,碧桂园东苑 高层望江 视野开阔 税少交易便捷,163万,中楼层                                    (共7层)                                                                  3室2厅 | 97.4平米                                  | 南,http://ke-image.ljcdn.com/110000-inspection/pc1_uY8PsOYZX_1.jpg!m_fill,w_280,h_210,f_jpg?from=ke.com
20210128,番禺,顺德碧桂园,芷兰湾户型方正，采光佳，楼层佳，视野开阔,172万,中楼层                                    (共18层)                                                                      | 2009年建 |                                3室2厅 | 93.4平米                                  | 北,http://ke-image.ljcdn.com/110000-inspection/pc1_YuCYC2HBW_1.jpg!m_fill,w_280,h_210,f_jpg?from=ke.com
20210128,番禺,顺德碧桂园,顺德碧桂园东苑滨江路广州产权三房，税少，交通方便,170万,中楼层                                    (共6层)                                                                  3室2厅 | 97平米                                  | 北,http://ke-image.ljcdn.com/110000-inspection/pc1_LuMQdI4On_1.jpg!m_fill,w_280,h_210,f_jpg?from=ke.com
20210128,番禺,顺德碧桂园,顺德碧桂园芷兰湾 3室1厅 南,170万,低楼层                                    (共18层)                                                                      | 2009年建 |                                3室1厅 | 96.64平米                                  | 南,http://ke-image.ljcdn.com/110000-inspection/pc1_VbW5t292D.jpg!m_fill,w_280,h_210,f_jpg?from=ke.com
20210128,番禺,顺德碧桂园,广州产权顺德碧桂园东苑实用两房,130万,高楼层                                    (共6层)                                                                      | 2002年建 |                                2室1厅 | 77.6平米                                  | 东 北,http://ke-image.ljcdn.com/440100-inspection/prod-6f5f973a-6b93-43a2-ba9d-121ce923aa0b.jpg!m_fill,w_280,h_210,f_jpg?from=ke.com
20210128,番禺,顺德碧桂园,广州产权南向顺德碧桂园芷兰湾三房,170万,中楼层                                    (共18层)                                                                      | 2009年建 |                                3室2厅 | 97平米                                  | 南,http://ke-image.ljcdn.com/110000-inspection/pc1_TksGtMJaW.jpg!m_fill,w_280,h_210,f_jpg?from=ke.com
20210128,番禺,顺德碧桂园,广州产权彩云居高层单位不容错过,165万,高楼层                                    (共11层)                                                                      | 1998年建 |                                2室2厅 | 101.43平米                                  | 北,http://ke-image.ljcdn.com/110000-inspection/pc1_3BJyJkcpt.jpg!m_fill,w_280,h_210,f_jpg?from=ke.com
20210128,番禺,顺德碧桂园,广州产权东苑大平台 的实用三房,235万,低楼层                                    (共6层)                                                                  3室2厅 | 90.8平米                                  | 东南,http://ke-image.ljcdn.com/110000-inspection/pc1_PMFXLgpN4_2.jpg!m_fill,w_280,h_210,f_jpg?from=ke.com
20210128,番禺,顺德碧桂园,广州产权 一楼带花园    新装修 保养很好,190万,低楼层                                    (共6层)                                                                  2室1厅 | 56.5平米                                  | 北,http://ke-image.ljcdn.com/110000-inspection/pc1_6yiQjFQA0.jpg!m_fill,w_280,h_210,f_jpg?from=ke.com
20210128,番禺,顺德碧桂园,93平面积+95平阁楼 毛坯房，格局好视野开拓,260万,高楼层                                    (共18层)                                                                      | 2009年建 |                                3室2厅 | 93平米                                  | 北,http://ke-image.ljcdn.com/110000-inspection/pc1_4DYp6DOhC.jpg!m_fill,w_280,h_210,f_jpg?from=ke.com
20210128,番禺,顺德碧桂园,顺德碧桂园芷兰湾 电梯三房 一楼带花园,218万,低楼层                                    (共18层)                                                                      | 2009年建 |                                3室2厅 | 94平米                                  | 北,http://ke-image.ljcdn.com/110000-inspection/pc1_n3TrPQPZJ_2.jpg!m_fill,w_280,h_210,f_jpg?from=ke.com
20210128,番禺,顺德碧桂园,诚心出售 ，满5年 税低  对流户型，采光充足,160万,低楼层                                    (共18层)                                                                      | 2009年建 |                                3室1厅 | 93.4平米                                  | 北,http://ke-image.ljcdn.com/440100-inspection/pc1_65rHIQFoW.jpg!m_fill,w_280,h_210,f_jpg?from=ke.com
20210128,番禺,顺德碧桂园,产权清晰 满五年税低  二次装修  中高层，视野好,170万,高楼层                                    (共18层)                                                                      | 2009年建 |                                3室2厅 | 93.71平米                                  | 北,http://ke-image.ljcdn.com/110000-inspection/pc1_Z1rHd5pfZ.jpg!m_fill,w_280,h_210,f_jpg?from=ke.com
20210128,番禺,顺德碧桂园,顺德碧桂园环翠路 户型方正 厅出阳台光线充足 出售,140万,低楼层                                    (共6层)                                                                  2室1厅 | 78平米                                  | 南,http://ke-image.ljcdn.com/110000-inspection/pc1_T5FDIr0CO.jpg!m_fill,w_280,h_210,f_jpg?from=ke.com
20210128,番禺,顺德碧桂园,顺德碧桂园东苑 3室2厅 北,270万,低楼层                                    (共6层)                                                                      | 1999年建 |                                3室2厅 | 90.2平米                                  | 北,http://ke-image.ljcdn.com/110000-inspection/pc1_4EjiD9NCm_1.jpg!m_fill,w_280,h_210,f_jpg?from=ke.com
20210128,番禺,顺德碧桂园,顺德碧桂园东苑 精装3房保养好 拎包入住 业主急售,162万,高楼层                                    (共6层)                                                                      | 1999年建 |                                3室2厅 | 97平米                                  | 西南,http://ke-image.ljcdn.com/440100-inspection/pc1_8Ef8bE0Rn.jpg!m_fill,w_280,h_210,f_jpg?from=ke.com
20210128,番禺,顺德碧桂园,芷兰湾少过五年单位 业主诚心出售,172万,中楼层                                    (共11层)                                                                      | 2009年建 |                                3室2厅 | 96.13平米                                  | 北,http://ke-image.ljcdn.com/440100-inspection/pc1_vXIorX1I0_1.jpg!m_fill,w_280,h_210,f_jpg?from=ke.com
20210128,番禺,顺德碧桂园,广州产权东苑一楼两房，南向大花园,160万,低楼层                                    (共6层)                                                                      | 2003年建 |                                2室1厅 | 58.8平米                                  | 南,http://ke-image.ljcdn.com/440100-inspection/pc1_PJtmDkp03_2.jpg!m_fill,w_280,h_210,f_jpg?from=ke.com
20210128,番禺,顺德碧桂园,顺德碧桂园滨江路诚心出售的实用三房,168万,高楼层                                    (共6层)                                                                  3室2厅 | 97.4平米                                  | 东南,http://ke-image.ljcdn.com/440100-inspection/pc1_drEjDdoOF.jpg!m_fill,w_280,h_210,f_jpg?from=ke.com
20210128,番禺,顺德碧桂园,电梯实用三房 采光好通风好 位置安静 住家选择,170万,低楼层                                    (共18层)                                                                      | 2009年建 |                                3室2厅 | 97.04平米                                  | 南,http://ke-image.ljcdn.com/440100-inspection/pc1_XcKWT8sGT.jpg!m_fill,w_280,h_210,f_jpg?from=ke.com
20210128,番禺,顺德碧桂园,顺德碧桂园  电梯三房两厅  出售,168万,中楼层                                    (共18层)                                                                      | 2009年建 |                                3室2厅 | 93.48平米                                  | 北,http://ke-image.ljcdn.com/110000-inspection/pc1_eKCmybINx_2.jpg!m_fill,w_280,h_210,f_jpg?from=ke.com
20210128,番禺,顺德碧桂园,东苑 广州产权 三房 中间楼层 保养新净 出入方便,163万,中楼层                                    (共6层)                                                                      | 1999年建 |                                3室2厅 | 96.3平米                                  | 东北,http://ke-image.ljcdn.com/440100-inspection/42a4c66e-7d50-4d24-806f-d421abc7f200_1000.jpg!m_fill,w_280,h_210,f_jpg?from=ke.com
20210128,番禺,顺德碧桂园,129+50方露台 阳光满屋  自住二次新装  看房方便,215万,高楼层                                    (共6层)                                                                      | 2002年建 |                                3室2厅 | 129平米                                  | 南,http://ke-image.ljcdn.com/440100-inspection/pc1_sRT523xTN.jpg!m_fill,w_280,h_210,f_jpg?from=ke.com
20210128,番禺,顺德碧桂园,房子满五年 广州产权 户型方正大三房 带427.7大花园,340万,低楼层                                    (共6层)                                                                      | 2003年建 |                                3室2厅 | 90.2平米                                  | 东北,http://ke-image.ljcdn.com/440100-inspection/pc1_VU2PpPvJy.jpg!m_fill,w_280,h_210,f_jpg?from=ke.com
20210128,番禺,顺德碧桂园,免重税 方正南向大三房  带地下红本车位 采光充足,220万,中楼层                                    (共18层)                                                                      | 2009年建 |                                3室2厅 | 100.36平米                                  | 南,http://ke-image.ljcdn.com/440100-inspection/pc1_U93vmG25M.jpg!m_fill,w_280,h_210,f_jpg?from=ke.com
20210128,番禺,顺德碧桂园,碧桂园紫藤路 南向南向 顶楼带50方左右的大露台,150万,高楼层                                    (共6层)                                                                      | 2002年建 |                                3室2厅 | 80平米                                  | 南,http://ke-image.ljcdn.com/440100-inspection/prod-842c056f-c96d-47ca-a226-bb7b2f1c02c8.jpg!m_fill,w_280,h_210,f_jpg?from=ke.com
20210128,番禺,顺德碧桂园,广州产权电梯楼顺德碧桂园 超大实用的两房户型101方,158万,低楼层                                    (共11层)                                                                      | 1998年建 |                                2室2厅 | 101.43平米                                  | 东北,http://ke-image.ljcdn.com/110000-inspection/pc1_9vwgSgEkG.jpg!m_fill,w_280,h_210,f_jpg?from=ke.com
20210128,番禺,顺德碧桂园,此房位置好，出入方便，中间楼层，可以望花园,160万,中楼层                                    (共18层)                                                                      | 2009年建 |                                3室2厅 | 93.84平米                                  | 北,http://ke-image.ljcdn.com/440100-inspection/prod-ee50abc0-b227-433d-a3d8-be004dc9ec7d.jpg!m_fill,w_280,h_210,f_jpg?from=ke.com
20210128,番禺,顺德碧桂园,顺德碧桂园东苑 南向望江三房 过五唯一,183万,中楼层                                    (共6层)                                                                      | 2003年建 |                                3室2厅 | 97.4平米                                  | 南,http://ke-image.ljcdn.com/110000-inspection/pc1_cWxQQ6OM8_2.jpg!m_fill,w_280,h_210,f_jpg?from=ke.com
20210128,番禺,顺德碧桂园,芷兰湾少有的大四房单位，过两年税费低,245万,中楼层                                    (共11层)                                                                      | 2009年建 |                                4室2厅 | 154平米                                  | 西北,http://ke-image.ljcdn.com/440100-inspection/pc1_XJZUhuj12_1.jpg!m_fill,w_280,h_210,f_jpg?from=ke.com
20210128,番禺,顺德碧桂园,顺德碧桂园东苑大两房78方 刚需户型 保养好,130万,高楼层                                    (共6层)                                                                      | 2002年建 |                                2室2厅 | 77.6平米                                  | 东,http://ke-image.ljcdn.com/440100-inspection/prod-9040eb75-98c8-46cf-95f7-da7241915423.jpg!m_fill,w_280,h_210,f_jpg?from=ke.com
20210128,番禺,顺德碧桂园,顺德碧桂园高层南向电梯2方 广州产权,180万,高楼层                                    (共11层)                                                                      | 1998年建 |                                2室2厅 | 101.87平米                                  | 北,http://ke-image.ljcdn.com/110000-inspection/pc1_WORzgXtmL.jpg!m_fill,w_280,h_210,f_jpg?from=ke.com
20210128,番禺,顺德碧桂园,碧桂园芷兰湾 南向户型 二次保养 拎包可入住,170万,低楼层                                    (共18层)                                                                      | 2009年建 |                                3室2厅 | 96.86平米                                  | 南,http://ke-image.ljcdn.com/110000-inspection/pc1_1zyOTmlTy.jpg!m_fill,w_280,h_210,f_jpg?from=ke.com
20210128,番禺,顺德碧桂园,满五年唯一 一手业主 精致装修 保养好 视野好望园景,171万,中楼层                                    (共18层)                                                                      | 2009年建 |                                3室2厅 | 99.21平米                                  | 北 东北,http://ke-image.ljcdn.com/440600-inspection/prod-cd73e436-b4f6-4077-99c7-a941ecc0d390.png!m_fill,w_280,h_210,f_jpg?from=ke.com
20210128,番禺,顺德碧桂园,证过五年税费少，没按揭产权清晰，业主诚意出售。,175万,中楼层                                    (共6层)                                                                  3室2厅 | 96.3平米                                  | 北,http://ke-image.ljcdn.com/110000-inspection/pc1_OKoskQMEq_1.jpg!m_fill,w_280,h_210,f_jpg?from=ke.com
20210128,番禺,顺德碧桂园,此房已满两年 实用大两房 大阳台 东南向,219万,低楼层                                    (共11层)                                                                      | 1998年建 |                                2室1厅 | 106.85平米                                  | 东南,http://ke-image.ljcdn.com/440100-inspection/prod-0508c243-0e27-4d20-972a-516c26535fd0.jpg!m_fill,w_280,h_210,f_jpg?from=ke.com
20210128,番禺,顺德碧桂园,顺德碧桂园东苑 广州产权 一楼三房带大花园,305万,低楼层                                    (共6层)                                                                  3室2厅 | 90.2平米                                  | 北,http://ke-image.ljcdn.com/110000-inspection/pc1_nCvvsAkqA_2.jpg!m_fill,w_280,h_210,f_jpg?from=ke.com
20210128,番禺,顺德碧桂园,临江独栋别墅，保养漂亮，带大花园，门口可停5辆车！,738万,低楼层                                    (共3层)                                                                  4室2厅 | 185.2平米                                  | 东北,http://ke-image.ljcdn.com/110000-inspection/pc1_YqgSEU0Lx_1.jpg!m_fill,w_280,h_210,f_jpg?from=ke.com
20210128,番禺,顺德碧桂园,顺德碧桂园东苑，顶楼小3房带50方露台，实用率高,165万,高楼层                                    (共7层)                                                                  3室2厅 | 81平米                                  | 北,http://ke-image.ljcdn.com/110000-inspection/pc1_6SXsFCE11_2.jpg!m_fill,w_280,h_210,f_jpg?from=ke.com
20210128,番禺,顺德碧桂园,南向二楼两房，证满5年，自住装修保养好，少有放盘！,145万,低楼层                                    (共6层)                                                                      | 2002年建 |                                2室2厅 | 78.5平米                                  | 南,http://ke-image.ljcdn.com/110000-inspection/pc1_MH53FfetV.jpg!m_fill,w_280,h_210,f_jpg?from=ke.com
20210128,番禺,顺德碧桂园,此房为大两房，户型实用，楼层好,132万,中楼层                                    (共7层)                                                                      | 2003年建 |                                2室2厅 | 78平米                                  | 北,http://ke-image.ljcdn.com/110000-inspection/pc1_niaBKwGyh_2.jpg!m_fill,w_280,h_210,f_jpg?from=ke.com
20210128,番禺,顺德碧桂园,碧桂园芷兰湾 满两年 保养好 中间楼层必看好房,150万,低楼层                                    (共18层)                                                                      | 2009年建 |                                3室1厅 | 93.53平米                                  | 北,http://ke-image.ljcdn.com/110000-inspection/pc1_Be1hz2xsK_2.jpg!m_fill,w_280,h_210,f_jpg?from=ke.com
20210128,番禺,顺德碧桂园,顺德碧桂园东苑 2室1厅 西南,132万,高楼层                                    (共6层)                                                                      | 2002年建 |                                2室1厅 | 78.2平米                                  | 西南,http://ke-image.ljcdn.com/110000-inspection/pc1_z5CFW8Hhq_1.jpg!m_fill,w_280,h_210,f_jpg?from=ke.com
20210128,番禺,顺德碧桂园,方正两房，总价低，绿化好，管理好，刚需的可以看看,105万,低楼层                                    (共6层)                                                                      | 2003年建 |                                2室1厅 | 62.7平米                                  | 北,http://ke-image.ljcdn.com/110000-inspection/pc1_xdSasizUG_1.jpg!m_fill,w_280,h_210,f_jpg?from=ke.com
20210128,番禺,顺德碧桂园,广州产权顺德碧桂园东苑大露台的三房,225万,高楼层                                    (共6层)                                                                      | 2003年建 |                                3室2厅 | 128.5平米                                  | 南 北,http://ke-image.ljcdn.com/110000-inspection/pc1_PnIrFb56Y.jpg!m_fill,w_280,h_210,f_jpg?from=ke.com
20210128,番禺,顺德碧桂园,顺德碧桂园东苑 3室2厅 南,190万,高楼层                                    (共6层)                                                                      | 2002年建 |                                3室2厅 | 127.5平米                                  | 南,http://ke-image.ljcdn.com/110000-inspection/pc1_VVXle2prL_1.jpg!m_fill,w_280,h_210,f_jpg?from=ke.com
20210128,番禺,顺德碧桂园,碧桂园东苑 西南向两房 舒适楼层  自住未租过,138万,低楼层                                    (共6层)                                                                  2室1厅 | 77.6平米                                  | 西南,http://ke-image.ljcdn.com/110000-inspection/pc1_8iNERUmlv.jpg!m_fill,w_280,h_210,f_jpg?from=ke.com
20210128,番禺,顺德碧桂园,碧桂园东苑 广州产权三房两厅 南向户型方正看房提前约必看好房,175万,低楼层                                    (共6层)                                                                      | 2012年建 |                                3室2厅 | 97.4平米                                  | 南,http://ke-image.ljcdn.com/110000-inspection/pc1_GNfWUmeMk_1.jpg!m_fill,w_280,h_210,f_jpg?from=ke.com
20210128,番禺,顺德碧桂园,顺德碧桂园东苑 环境优美宜居 视野无遮挡 交通便利,125万,中楼层                                    (共6层)                                                                      | 1999年建 |                                2室1厅 | 78.2平米                                  | 东北,http://ke-image.ljcdn.com/110000-inspection/pc1_FjUYXtJ4c_1.jpg!m_fill,w_280,h_210,f_jpg?from=ke.com
20210128,番禺,顺德碧桂园,业主换房。诚心放售。视野开阔，靠大门口，出入方便,125.3万,高楼层                                    (共6层)                                                                  2室2厅 | 78平米                                  | 东北,http://ke-image.ljcdn.com/110000-inspection/pc1_IpM5pPALp_1.jpg!m_fill,w_280,h_210,f_jpg?from=ke.com
20210128,番禺,顺德碧桂园,顺德碧桂园保养靓丽 采光充足 尽在彩云居,475万,低楼层                                    (共1层)                                                                      | 1998年建 |                                4室2厅 | 167.9平米                                  | 南 北,http://ke-image.ljcdn.com/110000-inspection/pc1_S0nsNQPzP_1.jpg!m_fill,w_280,h_210,f_jpg?from=ke.com
20210128,番禺,顺德碧桂园,顺德碧桂园  东苑    一楼带花园两房出售,200万,低楼层                                    (共6层)                                                                  2室2厅 | 59.3平米                                  | 南 北,http://ke-image.ljcdn.com/110000-inspection/pc1_2GZdios1E_1.jpg!m_fill,w_280,h_210,f_jpg?from=ke.com
20210128,番禺,顺德碧桂园,广州产权 格局方正 中楼层 望远景 采光充足 保养很好,139万,高楼层                                    (共6层)                                                                      | 2003年建 |                                2室1厅 | 77.6平米                                  | 北,http://ke-image.ljcdn.com/110000-inspection/pc1_xsjBtsflY_1.jpg!m_fill,w_280,h_210,f_jpg?from=ke.com
20210128,番禺,顺德碧桂园,顺德碧桂园东苑  西南向 位置安静 户型方正,165万,中楼层                                    (共7层)                                                                  3室2厅 | 97平米                                  | 西南,http://ke-image.ljcdn.com/110000-inspection/pc1_ZZ24iKq6z_1.jpg!m_fill,w_280,h_210,f_jpg?from=ke.com
20210128,番禺,顺德碧桂园,碧桂园 东苑 大两房 中间位置 舒适景观房 可用公积金,128万,高楼层                                    (共6层)                                                                  2室2厅 | 78平米                                  | 南 北,http://ke-image.ljcdn.com/110000-inspection/pc1_c34eIrsJF.jpg!m_fill,w_280,h_210,f_jpg?from=ke.com
20210128,番禺,顺德碧桂园,碧桂园东苑大两房   出入便利  产权清晰  安心交易,130万,中楼层                                    (共6层)                                                                  2室2厅 | 79.8平米                                  | 东 东北,http://ke-image.ljcdn.com/110000-inspection/pc1_eJt581ghi_1.jpg!m_fill,w_280,h_210,f_jpg?from=ke.com
20210128,番禺,顺德碧桂园,满五年唯一，税费低，中间楼层！,135万,低楼层                                    (共10层)                                                                  2室2厅 | 77.6平米                                  | 北,http://ke-image.ljcdn.com/110000-inspection/pc1_VpVZbA50j_1.jpg!m_fill,w_280,h_210,f_jpg?from=ke.com
20210128,番禺,顺德碧桂园,顺德碧桂园东苑 刚需小两房 近广州 交通方便,139万,高楼层                                    (共6层)                                                                  2室2厅 | 77.6平米                                  | 北,http://ke-image.ljcdn.com/110000-inspection/pc1_mbHIZr41m_2.jpg!m_fill,w_280,h_210,f_jpg?from=ke.com
20210128,番禺,顺德碧桂园,属于广州的顺德碧桂园小二房、过二年，税少，楼层好。,110.5万,中楼层                                    (共6层)                                                                      | 1999年建 |                                2室1厅 | 62.7平米                                  | 北,http://ke-image.ljcdn.com/110000-inspection/pc1_6V8NqQCFu.jpg!m_fill,w_280,h_210,f_jpg?from=ke.com
20210128,番禺,顺德碧桂园,顺德碧桂园大两房 保养好 拎包入住 采光充足,120万,高楼层                                    (共6层)                                                                  2室2厅 | 78平米                                  | 北,http://ke-image.ljcdn.com/110000-inspection/pc1_3BJJDd071_1.jpg!m_fill,w_280,h_210,f_jpg?from=ke.com
20210128,番禺,顺德碧桂园,此房产证满两年免交重税，带装修中层单位，采光充足,135万,中楼层                                    (共7层)                                                                  2室1厅 | 78.5平米                                  | 北,http://ke-image.ljcdn.com/110000-inspection/pc1_AqsAhgbAT.jpg!m_fill,w_280,h_210,f_jpg?from=ke.com
20210128,番禺,顺德碧桂园,滨江路少有单边位，冬暖夏凉，中间楼层，视野佳保养好必看好房,132万,中楼层                                    (共6层)                                                                      | 2002年建 |                                2室1厅 | 78.5平米                                  | 东北,http://ke-image.ljcdn.com/110000-inspection/pc1_LAf4aGx1K_1.jpg!m_fill,w_280,h_210,f_jpg?from=ke.com
20210128,番禺,顺德碧桂园,滨江路 南向 满五年唯一 带露台 一线望江 交通方便,205万,高楼层                                    (共6层)                                                                  4室2厅 | 129平米                                  | 南,http://ke-image.ljcdn.com/110000-inspection/pc1_ykdC0fhcY_1.jpg!m_fill,w_280,h_210,f_jpg?from=ke.com
20210128,番禺,顺德碧桂园,碧桂园东苑，78 方大两房出售，业主自住保养好,145万,中楼层                                    (共6层)                                                                      | 2012年建 |                                2室1厅 | 78.5平米                                  | 北,http://ke-image.ljcdn.com/440100-inspection/prod-1f110500-ff86-4787-a7ed-16ff01dc366d.jpg!m_fill,w_280,h_210,f_jpg?from=ke.com
20210128,番禺,顺德碧桂园,顺德碧桂园滨江路 精装大俩房 户型方正 交通方便,143万,低楼层                                    (共7层)                                                                  2室2厅 | 78.5平米                                  | 北,http://ke-image.ljcdn.com/110000-inspection/pc1_zSNzn3OnI_1.jpg!m_fill,w_280,h_210,f_jpg?from=ke.com
20210128,番禺,顺德碧桂园,顺德碧桂园滨江路 中高层 视野好 采光充足 交通方便,180万,中楼层                                    (共6层)                                                                      | 2002年建 |                                3室2厅 | 97.4平米                                  | 南,http://ke-image.ljcdn.com/110000-inspection/pc1_O1kj0ZpvY_1.jpg!m_fill,w_280,h_210,f_jpg?from=ke.com
20210128,番禺,顺德碧桂园,顺德碧桂园满五唯一 大户型127.5方还有超大露台南向,197万,高楼层                                    (共7层)                                                                  3室2厅 | 127平米                                  | 南 北,http://ke-image.ljcdn.com/110000-inspection/pc1_LHKAmjN0y_1.jpg!m_fill,w_280,h_210,f_jpg?from=ke.com
20210128,番禺,顺德碧桂园,顺德碧桂园东苑129方南向过五唯一少税费交通方便,230万,高楼层                                    (共6层)                                                                      | 2006年建 |                                3室2厅 | 129平米                                  | 南 北,http://ke-image.ljcdn.com/110000-inspection/pc1_I14FyXg59_1.jpg!m_fill,w_280,h_210,f_jpg?from=ke.com
20210128,番禺,顺德碧桂园,顺德碧桂园广州产权 芷兰湾南向三房,180万,中楼层                                    (共18层)                                                                      | 2009年建 |                                3室2厅 | 97平米                                  | 南,http://ke-image.ljcdn.com/110000-inspection/pc1_qeVeQSKJk_2.jpg!m_fill,w_280,h_210,f_jpg?from=ke.com
20210128,番禺,顺德碧桂园,碧桂园东苑 南向望江三房 厨房重新装修 带租赁车位,180万,中楼层                                    (共6层)                                                                  3室2厅 | 97.4平米                                  | 南,http://ke-image.ljcdn.com/110000-inspection/pc1_mIYLiNswU_1.jpg!m_fill,w_280,h_210,f_jpg?from=ke.com
20210128,番禺,顺德碧桂园,碧桂园东苑，近大门楼，过五唯一，南向,173.8万,中楼层                                    (共7层)                                                                  3室2厅 | 97.4平米                                  | 西南,http://ke-image.ljcdn.com/110000-inspection/pc1_VfsMtLflF.jpg!m_fill,w_280,h_210,f_jpg?from=ke.com
20210128,番禺,顺德碧桂园,楼层好，视野开阔，采光充足，交通便利,145万,中楼层                                    (共6层)                                                                  2室1厅 | 77.6平米                                  | 南,http://ke-image.ljcdn.com/110000-inspection/pc1_9D5r7N3De_1.jpg!m_fill,w_280,h_210,f_jpg?from=ke.com
20210128,番禺,顺德碧桂园,碧桂园 东苑三房带大花园 新装修 南向 扩了二十多平米,280万,低楼层                                    (共7层)                                                                      | 1999年建 |                                3室2厅 | 90.2平米                                  | 南,http://ke-image.ljcdn.com/110000-inspection/pc1_2n2T5B4vI.jpg!m_fill,w_280,h_210,f_jpg?from=ke.com
20210128,番禺,顺德碧桂园,碧桂园东苑，近大门楼，南向，少税，方便看楼,160万,高楼层                                    (共6层)                                                                      | 1999年建 |                                3室2厅 | 97平米                                  | 北,http://ke-image.ljcdn.com/110000-inspection/pc1_QQJHjG2dW.jpg!m_fill,w_280,h_210,f_jpg?from=ke.com
20210128,番禺,顺德碧桂园,南北对流 前后望花园 满五年唯一 私家大露台,195万,高楼层                                    (共6层)                                                                      | 1996年建 |                                3室2厅 | 127.5平米                                  | 东南,http://ke-image.ljcdn.com/110000-inspection/pc1_xPnTcFuen.jpg!m_fill,w_280,h_210,f_jpg?from=ke.com
20210128,番禺,顺德碧桂园,顺德碧桂园东苑 南向 望江房 中高层,175万,中楼层                                    (共7层)                                                                      | 1992年建 |                                3室2厅 | 97.4平米                                  | 南,http://ke-image.ljcdn.com/110000-inspection/pc1_11iTqvFPH.jpg!m_fill,w_280,h_210,f_jpg?from=ke.com
20210128,番禺,顺德碧桂园,78平方2房格局方正，通透格局，低楼层，视野宽阔，,160万,低楼层                                    (共6层)                                                                      | 1999年建 |                                2室2厅 | 78.5平米                                  | 东北,http://ke-image.ljcdn.com/110000-inspection/pc1_yc2AKIStZ_1.jpg!m_fill,w_280,h_210,f_jpg?from=ke.com
20210128,番禺,顺德碧桂园,广州产权 沿江方正大两房 过五唯一 采光充足 无暗房,150万,中楼层                                    (共6层)                                                                  2室1厅 | 78.5平米                                  | 东北,http://ke-image.ljcdn.com/440100-inspection/pc1_wkVbyEtvU.jpg!m_fill,w_280,h_210,f_jpg?from=ke.com
20210128,番禺,顺德碧桂园,碧桂园东苑风信路   舒适2房  业主自住装修好,130万,高楼层                                    (共6层)                                                                      | 2002年建 |                                2室1厅 | 77.6平米                                  | 北,http://ke-image.ljcdn.com/440100-inspection/pc1_horGxUI4k_2.jpg!m_fill,w_280,h_210,f_jpg?from=ke.com
20210128,番禺,顺德碧桂园,本房源建筑129方，超大露台，空中私家花园，风景秀丽,229.5万,高楼层                                    (共6层)                                                                      | 1999年建 |                                3室2厅 | 129平米                                  | 南,http://ke-image.ljcdn.com/440100-inspection/pc1_QiAWxsVkx.jpg!m_fill,w_280,h_210,f_jpg?from=ke.com
20210128,番禺,顺德碧桂园,东苑三房户型 中间楼层 近门口 户型实用 稀有户型,170万,中楼层                                    (共6层)                                                                      | 1999年建 |                                3室2厅 | 97.4平米                                  | 东北,http://ke-image.ljcdn.com/440100-inspection/pc1_CSXBBBhhR_3.jpg!m_fill,w_280,h_210,f_jpg?from=ke.com
20210128,番禺,顺德碧桂园,60方的大露台正南向望园景，业主急售,195万,高楼层                                    (共6层)                                                                  3室2厅 | 129平米                                  | 东南 南,http://ke-image.ljcdn.com/440100-inspection/prod-69818095-a7ab-452d-88ab-7dac88713ff4.jpg!m_fill,w_280,h_210,f_jpg?from=ke.com
20210128,番禺,顺德碧桂园,满五年唯一，三房两卫户型，拎包入住，南向望花园,170万,中楼层                                    (共7层)                                                                      | 1996年建 |                                3室2厅 | 97.4平米                                  | 西南,http://ke-image.ljcdn.com/440100-inspection/prod-fa22d42e-b346-4f2c-b9d2-8929f5c39804.jpg!m_fill,w_280,h_210,f_jpg?from=ke.com
20210128,番禺,顺德碧桂园,中高层 通透格局，视野开阔，采光充足，居住舒适,130万,高楼层                                    (共6层)                                                                      | 2003年建 |                                2室2厅 | 78.5平米                                  | 北,http://ke-image.ljcdn.com/440100-inspection/pc1_4Wz1FHZGg.jpg!m_fill,w_280,h_210,f_jpg?from=ke.com
20210128,番禺,顺德碧桂园,顺德碧桂园环翠路  精装两房  业主诚心出售,120万,中楼层                                    (共6层)                                                                      | 2003年建 |                                2室1厅 | 63平米                                  | 北,http://ke-image.ljcdn.com/440100-inspection/prod-c6be7ac1-23c9-4b0b-935d-6341719c20bf.jpg!m_fill,w_280,h_210,f_jpg?from=ke.com
20210128,番禺,顺德碧桂园,东苑小两房，中间楼层，近大门，过五年,110万,中楼层                                    (共6层)                                                                  2室2厅 | 62.7平米                                  | 东北,http://ke-image.ljcdn.com/110000-inspection/pc1_gncyzg1xr_1.jpg!m_fill,w_280,h_210,f_jpg?from=ke.com
20210128,番禺,顺德碧桂园,碧桂园彩云居别墅环境优静，空气清新宜人，采光充足,531万,低楼层                                    (共1层)                                                                      | 1998年建 |                                5室2厅 | 173.45平米                                  | 南,http://ke-image.ljcdn.com/110000-inspection/a23c9ba3603092e2731b89a7e6e6fa63-017.jpg!m_fill,w_280,h_210,f_jpg?from=ke.com
20210128,番禺,顺德碧桂园,顺德碧桂园彩云居 4室2厅 南 北,465万,低楼层                                    (共1层)                                                                      | 1998年建 |                                4室2厅 | 167.94平米                                  | 南 北,http://ke-image.ljcdn.com/110000-inspection/b36c384b29ec24aa475170d574fbc090-004.jpg!m_fill,w_280,h_210,f_jpg?from=ke.com
20210128,番禺,顺德碧桂园,南向园景广州产权实用三房，通风采光很好，楼距远！,180万,高楼层                                    (共6层)                                                                      | 2002年建 |                                3室2厅 | 96.3平米                                  | 西南,http://ke-image.ljcdn.com/440600-inspection/e47b8faa-cbf8-479e-8bd2-5a7dd4831207.JPG!m_fill,w_280,h_210,f_jpg?from=ke.com
20210128,番禺,顺德碧桂园,好房子看这里东苑滨江路 刚需78方大两房 方正实用,140万,低楼层                                    (共6层)                                                                      | 2003年建 |                                2室1厅 | 78平米                                  | 南,http://ke-image.ljcdn.com/450100-inspection/3dabedc1-fa4f-489e-bf8d-778e75d56b36.jpg!m_fill,w_280,h_210,f_jpg?from=ke.com
20210128,番禺,顺德碧桂园,广州产权，顺德碧桂园芷兰湾，精装修3房,165万,低楼层                                    (共18层)                                                                      | 2009年建 |                                3室2厅 | 93.83平米                                  | 东北,http://ke-image.ljcdn.com/440600-inspection/ce5e1567-54bf-4027-a3db-48e68fca1624.JPG!m_fill,w_280,h_210,f_jpg?from=ke.com
20210128,番禺,顺德碧桂园,碧桂园东苑两房出售 保养新 一手业主 配套齐全,105万,低楼层                                    (共7层)                                                                      | 1996年建 |                                2室2厅 | 62.7平米                                  | 北,http://ke-image.ljcdn.com/440600-inspection/1b4edac4-6ae2-4e6b-a59d-1167c71147e4.jpg!m_fill,w_280,h_210,f_jpg?from=ke.com
20210128,番禺,顺德碧桂园,逸涛居别墅 保养好 单边位 南向 全新装修 诚售,630万,低楼层                                    (共1层)                                                                      | 2007年建 |                                4室2厅 | 185平米                                  | 东北,http://ke-image.ljcdn.com/440600-inspection/56b02219-203f-4618-8dbb-0e9aecf441bf.jpg!m_fill,w_280,h_210,f_jpg?from=ke.com
20210128,番禺,顺德碧桂园,芷兰湾一楼带大花园三房  新靓装修  价格便宜,250万,低楼层                                    (共18层)                                                                      | 2009年建 |                                3室2厅 | 93.75平米                                  | 北,http://ke-image.ljcdn.com/440600-inspection/prod-d45c49fc-ec1d-4668-83fd-8bfd3984df01.jpg!m_fill,w_280,h_210,f_jpg?from=ke.com
20210128,番禺,顺德碧桂园,东苑紫腾路，北向大两房，户型方正，采光明亮,129万,高楼层                                    (共6层)                                                                      | 2002年建 |                                2室2厅 | 77.6平米                                  | 北,http://ke-image.ljcdn.com/440600-inspection/d364ffa7-36e7-44ac-9076-3772af59a5fc.jpg!m_fill,w_280,h_210,f_jpg?from=ke.com
20210128,番禺,顺德碧桂园,顺德碧桂园逸涛居 8室2厅 东北,1980万,低楼层                                    (共1层)                                                                      | 2007年建 |                                8室2厅 | 403平米                                  | 东北,http://ke-image.ljcdn.com/440600-inspection/76fbe03e-115f-4972-bc98-c0aa9ad9aebe.jpg!m_fill,w_280,h_210,f_jpg?from=ke.com
20210128,番禺,顺德碧桂园,东苑一楼三房带120方大花园   格局方正  南向通风,260万,低楼层                                    (共6层)                                                                      | 2003年建 |                                3室2厅 | 90.2平米                                  | 南,http://ke-image.ljcdn.com/440600-inspection/68fbce44-a593-4e04-8758-f7e0b23d9a31.jpg!m_fill,w_280,h_210,f_jpg?from=ke.com
20210128,番禺,顺德碧桂园,顺德碧桂园一楼方正户型，带110大花园,220万,低楼层                                    (共18层)                                                                      | 2009年建 |                                3室2厅 | 94平米                                  | 东北,http://ke-image.ljcdn.com/440100-inspection/0ead4c1d-797c-4f66-95bc-039bbba7d29f.JPG!m_fill,w_280,h_210,f_jpg?from=ke.com
20210128,番禺,顺德碧桂园,顺德碧桂园  芷兰湾电梯低层3房出售,166万,低楼层                                    (共18层)                                                                      | 2009年建 |                                3室2厅 | 97平米                                  | 南,http://ke-image.ljcdn.com/440100-inspection/780daa4e-1c75-4cb9-b9b3-19d801abb6a2.JPG!m_fill,w_280,h_210,f_jpg?from=ke.com
20210128,番禺,顺德碧桂园,顺德碧桂园 南向三房 通风采光双阳台,192万,中楼层                                    (共6层)                                                                      | 2012年建 |                                3室2厅 | 97.4平米                                  | 南,http://ke-image.ljcdn.com/440100-inspection/2e91eb6a-d7bb-4fd5-a873-a17bc30dc237.jpg!m_fill,w_280,h_210,f_jpg?from=ke.com
20210128,番禺,顺德碧桂园,环境优雅，低密度社区，小区高.,173万,高楼层                                    (共18层)                                                                      | 2009年建 |                                3室2厅 | 93.71平米                                  | 北,http://ke-image.ljcdn.com/440600-frame/3cd4cd16-2de4-407f-b5df-c285d8c839d6.jpg!m_fill,w_280,h_210,f_jpg?from=ke.com
20210128,番禺,顺德碧桂园,碧桂园东苑，通透格局，低楼层，视野宽阔，出入方便,145万,中楼层                                    (共7层)                                                                      | 2003年建 |                                2室2厅 | 77.6平米                                  | 东北,http://ke-image.ljcdn.com/440600-inspection/9f337da8-2e63-434d-a6b9-536134f7ff74.jpg!m_fill,w_280,h_210,f_jpg?from=ke.com
20210128,番禺,顺德碧桂园,广州产权 顺德碧桂园 彩云居 单边南向别墅,550万,低楼层                                    (共1层)                                                                      | 1998年建 |                                4室2厅 | 173.45平米                                  | 南,http://s1.ljcdn.com/pegasus/redskull/images/common/default_house_list.png?_v=202101261829353
20210128,番禺,顺德碧桂园,广州产权碧桂园东苑实用3房，南向位置好 保养新,180万,中楼层                                    (共6层)                                                                      | 2002年建 |                                3室2厅 | 96.3平米                                  | 南,http://s1.ljcdn.com/pegasus/redskull/images/common/default_house_list.png?_v=202101261829353
20210128,番禺,顺德碧桂园,顺德碧桂园紫藤路、广州产权、低楼层南向小两房,130万,低楼层                                    (共6层)                                                                      | 2002年建 |                                2室1厅 | 60.5平米                                  | 东南 西南,http://s1.ljcdn.com/pegasus/redskull/images/common/default_house_list.png?_v=202101261829353
20210128,番禺,顺德碧桂园,碧桂园东苑望园景三房 南向 过五年 方便看房,160万,中楼层                                    (共6层)                                                                      | 1999年建 |                                3室2厅 | 96.3平米                                  | 北,http://ke-image.ljcdn.com/440600-inspection/c2dad54b-4103-4f7e-9b7f-91804859c209.jpg!m_fill,w_280,h_210,f_jpg?from=ke.com
20210128,番禺,顺德碧桂园,顺德碧桂园芷兰湾，证过五年，三房,182万,低楼层                                    (共18层)                                                                      | 2009年建 |                                3室2厅 | 98.63平米                                  | 东北,http://s1.ljcdn.com/pegasus/redskull/images/common/default_house_list.png?_v=202101261829353
20210128,番禺,顺德碧桂园,彩云居精装高层南向舒适二房推荐,180万,中楼层                                    (共11层)                                                                      | 1998年建 |                                2室1厅 | 106.85平米                                  | 南,http://s1.ljcdn.com/pegasus/redskull/images/common/default_house_list.png?_v=202101261829353
20210128,番禺,顺德碧桂园,顺德碧桂园滨江路  中间楼层  两房出售,160万,中楼层                                    (共6层)                                                                  2室2厅 | 78.5平米                                  | 东北,http://ke-image.ljcdn.com/110000-inspection/pc1_nT5WrHB1R_1.jpg!m_fill,w_280,h_210,f_jpg?from=ke.com
