20210126,龙岗区,坪地,金阳成三房，得房率高，满五年，业主自住装修保养好必看好房,255万,中楼层                                    (共19层)                                                                      | 2013年建 |                                3室1厅 | 69.8平米                                  | 南,http://ke-image.ljcdn.com/110000-inspection/pc1_QIlQfbKwM_1.jpg!m_fill,w_280,h_210,f_jpg?from=ke.com
20210126,龙岗区,坪地,金阳成大三房，中医院旁，满五年精装修，得房率高,255万,中楼层                                    (共19层)                                                                      | 2013年建 |                                3室1厅 | 69.8平米                                  | 南,http://ke-image.ljcdn.com/110000-inspection/pc1_NYWr03GV5_1.jpg!m_fill,w_280,h_210,f_jpg?from=ke.com
20210126,龙岗区,坪地,满二唯一，温馨三房，精装修，中高层,330万,高楼层                                    (共33层)                                                                      | 2017年建 |                                3室2厅 | 70.51平米                                  | 东南,http://ke-image.ljcdn.com/110000-inspection/pc1_Fz0rxOzwT_1.jpg!m_fill,w_280,h_210,f_jpg?from=ke.com
20210126,龙岗区,坪地,满五唯一，红本在手，大三房，精装修必看好房,390万,高楼层                                    (共31层)                                                                      | 2016年建 |                                3室2厅 | 95.4平米                                  | 东北,http://ke-image.ljcdn.com/110000-inspection/pc1_aldx6UUVT_1.jpg!m_fill,w_280,h_210,f_jpg?from=ke.com
20210126,龙岗区,坪地,满五唯一，诚心出售，看房方便，二加一房,274万,低楼层                                    (共16层)                                                                      | 2012年建 |                                3室2厅 | 76.28平米                                  | 西南,http://ke-image.ljcdn.com/110000-inspection/pc1_Nqf9P8ddS_1.jpg!m_fill,w_280,h_210,f_jpg?from=ke.com
20210126,龙岗区,坪地,满五唯一，业主自保养好，税费底  价格还有空间,405万,低楼层                                    (共30层)                                                                      | 2016年建 |                                3室2厅 | 86.77平米                                  | 东南,http://ke-image.ljcdn.com/110000-inspection/pc1_JVCpphFqm_1.jpg!m_fill,w_280,h_210,f_jpg?from=ke.com
20210126,龙岗区,坪地,精装修 业主自主保养比较熬好，楼层佳采光充足,400万,中楼层                                    (共31层)                                                                      | 2016年建 |                                3室2厅 | 85平米                                  | 西南,http://ke-image.ljcdn.com/110000-inspection/pc1_4Y4RlrDzW_1.jpg!m_fill,w_280,h_210,f_jpg?from=ke.com
20210126,龙岗区,坪地,东鸿雅居 4室2厅 南,310万,高楼层                                    (共11层)                                                                      | 2011年建 |                                4室2厅 | 80.57平米                                  | 南,http://ke-image.ljcdn.com/110000-inspection/pc1_61NyswJnk_1.jpg!m_fill,w_280,h_210,f_jpg?from=ke.com
20210126,龙岗区,坪地,地铁口  精装修三房  业主诚心出售新上,367.8万,低楼层                                    (共33层)                                                                      | 2017年建 |                                3室2厅 | 70.51平米                                  | 东南,http://ke-image.ljcdn.com/110000-inspection/pc1_mokBbXSe8_1.jpg!m_fill,w_280,h_210,f_jpg?from=ke.com
20210126,龙岗区,坪地,中骏四季阳光二期 3室2厅 南,410万,高楼层                                    (共31层)                                                                      | 2016年建 |                                3室2厅 | 99.31平米                                  | 南,http://ke-image.ljcdn.com/110000-inspection/pc1_4C6IsmNaw_1.jpg!m_fill,w_280,h_210,f_jpg?from=ke.com
20210126,龙岗区,坪地,精装修，满五唯一，红本在手，业主诚心出售！,405万,中楼层                                    (共31层)                                                                      | 2016年建 |                                3室2厅 | 85平米                                  | 南,http://ke-image.ljcdn.com/110000-inspection/pc1_BKMeCDPp3_1.jpg!m_fill,w_280,h_210,f_jpg?from=ke.com
20210126,龙岗区,坪地,此房满5，中间楼层，采光通风好，南北通透,400万,中楼层                                    (共38层)                                                                      | 2016年建 |                                3室2厅 | 96.5平米                                  | 西南 东北,http://ke-image.ljcdn.com/110000-inspection/pc1_uyqzP5G89_1.jpg!m_fill,w_280,h_210,f_jpg?from=ke.com
20210126,龙岗区,坪地,此房满2唯一，高楼层，采光通风好，朝南。,384.9万,高楼层                                    (共24层)                                                                      | 2016年建 |                                3室2厅 | 86.97平米                                  | 南,http://ke-image.ljcdn.com/110000-inspection/pc1_oWwg7J4HY_1.jpg!m_fill,w_280,h_210,f_jpg?from=ke.com
20210126,龙岗区,坪地,中骏四季阳光一期 3室2厅 西北,420万,低楼层                                    (共31层)                                                                      | 2016年建 |                                3室2厅 | 85平米                                  | 西北,http://ke-image.ljcdn.com/110000-inspection/pc1_g1uBSvrkV_1.jpg!m_fill,w_280,h_210,f_jpg?from=ke.com
20210126,龙岗区,坪地,精装修三房两厅两卫 红本在手 楼层佳采光好 看房方便必看好房,375万,中楼层                                    (共31层)                                                                      | 2016年建 |                                3室2厅 | 95.4平米                                  | 东北 西南,http://ke-image.ljcdn.com/110000-inspection/pc1_PRducDbf7_1.jpg!m_fill,w_280,h_210,f_jpg?from=ke.com
20210126,龙岗区,坪地,柠檬时代 2室2厅 北,235万,低楼层                                    (共16层)                                                                      | 2007年建 |                                2室2厅 | 71.23平米                                  | 北,http://ke-image.ljcdn.com/110000-inspection/pc1_ivrvouKex.jpg!m_fill,w_280,h_210,f_jpg?from=ke.com
20210126,龙岗区,坪地,户型方正 楼层好，视野好.业主诚心出售,404万,中楼层                                    (共24层)                                                                      | 2018年建 |                                3室2厅 | 89平米                                  | 南,http://ke-image.ljcdn.com/110000-inspection/pc1_ZCRNSwmmK_1.jpg!m_fill,w_280,h_210,f_jpg?from=ke.com
20210126,龙岗区,坪地,高层 诚心出售，品质楼盘，看房方便,400万,高楼层                                    (共33层)                                                                      | 2017年建 |                                4室1厅 | 89.26平米                                  | 东南,http://ke-image.ljcdn.com/110000-inspection/pc1_xDO3hyRJe_1.jpg!m_fill,w_280,h_210,f_jpg?from=ke.com
20210126,龙岗区,坪地,大三房两卫   楼层好 采光充足,436万,中楼层                                    (共38层)                                                                      | 2016年建 |                                3室2厅 | 107.97平米                                  | 东南,http://ke-image.ljcdn.com/110000-inspection/pc1_kn478tOxJ_1.jpg!m_fill,w_280,h_210,f_jpg?from=ke.com
20210126,龙岗区,坪地,大三房   高楼层  采光充足,387.8万,中楼层                                    (共38层)                                                                      | 2016年建 |                                3室2厅 | 96.27平米                                  | 东南,http://ke-image.ljcdn.com/110000-inspection/pc1_Y1VHRq6pN_1.jpg!m_fill,w_280,h_210,f_jpg?from=ke.com
20210126,龙岗区,坪地,地铁口精装修大三房   南北通透    采光充足,450万,低楼层                                    (共31层)                                                                      | 2016年建 |                                3室2厅 | 96.93平米                                  | 南 北,http://ke-image.ljcdn.com/110000-inspection/pc1_pfil2pGb3_1.jpg!m_fill,w_280,h_210,f_jpg?from=ke.com
20210126,龙岗区,坪地,房子满二年唯一 精装修的，业主自住保养的很不错必看好房,195万,高楼层                                    (共19层)                                                                      | 2013年建 |                                2室1厅 | 43.55平米                                  | 南,http://ke-image.ljcdn.com/110000-inspection/pc1_Nzb5Tfkle_1.jpg!m_fill,w_280,h_210,f_jpg?from=ke.com
20210126,龙岗区,坪地,地铁口 精装大4房 南北通格局 光线充足 看房方便,398万,低楼层                                    (共33层)                                                                      | 2016年建 |                                4室2厅 | 88.08平米                                  | 东南,http://ke-image.ljcdn.com/110000-inspection/pc1_tMntPgYUD_1.jpg!m_fill,w_280,h_210,f_jpg?from=ke.com
20210126,龙岗区,坪地,业主自住装修富民公园，清晨可以起来散步,245万,低楼层                                    (共16层)                                                                      | 2007年建 |                                2室1厅 | 71.23平米                                  | 南 北,http://ke-image.ljcdn.com/110000-inspection/pc1_x6Ge9HyQl.jpg!m_fill,w_280,h_210,f_jpg?from=ke.com
20210126,龙岗区,坪地,楼层很不错，采光好，使用率高，小区管理好，住家舒适,430万,高楼层                                    (共33层)                                                                      | 2017年建 |                                4室1厅 | 89.26平米                                  | 东南,http://ke-image.ljcdn.com/110000-inspection/pc1_Wagjp7zM8_1.jpg!m_fill,w_280,h_210,f_jpg?from=ke.com
20210126,龙岗区,坪地,此房满五唯一，实用三房，精装，欠款不多，适合住家。,385万,中楼层                                    (共26层)                                                                      | 2016年建 |                                3室2厅 | 86.8平米                                  | 东南,http://ke-image.ljcdn.com/110000-inspection/pc1_iSyQganKB_1.jpg!m_fill,w_280,h_210,f_jpg?from=ke.com
20210126,龙岗区,坪地,创城宜城风景 2室2厅 南,270万,低楼层                                    (共32层)                                                                      | 2016年建 |                                2室2厅 | 65.45平米                                  | 南,http://ke-image.ljcdn.com/110000-inspection/pc1_6Liv838Ri.jpg!m_fill,w_280,h_210,f_jpg?from=ke.com
20210126,龙岗区,坪地,标准三房精装满5年唯一欠款少税费低随时看房,359万,低楼层                                    (共31层)                                                                      | 2013年建 |                                3室1厅 | 88.61平米                                  | 西南,http://ke-image.ljcdn.com/110000-inspection/pc1_TQFy6rOlN.jpg!m_fill,w_280,h_210,f_jpg?from=ke.com
20210126,龙岗区,坪地,大三房，中高楼层，采光好，西南朝向,400万,高楼层                                    (共31层)                                                                      | 2016年建 |                                3室2厅 | 86.72平米                                  | 西南,http://ke-image.ljcdn.com/110000-inspection/pc1_gBLSZWJHA_1.jpg!m_fill,w_280,h_210,f_jpg?from=ke.com
20210126,龙岗区,坪地,豪0华0装修三房，满五唯一，业主自住,390万,低楼层                                    (共32层)                                                                      | 2016年建 |                                3室1厅 | 105.23平米                                  | 东南,http://ke-image.ljcdn.com/110000-inspection/pc1_to8vqUAal.jpg!m_fill,w_280,h_210,f_jpg?from=ke.com
20210126,龙岗区,坪地,精装修大三房 满5年唯一 诚心出售,330万,中楼层                                    (共31层)                                                                      | 2013年建 |                                3室2厅 | 82.16平米                                  | 东南,http://ke-image.ljcdn.com/110000-inspection/pc1_M3238PJrW.jpg!m_fill,w_280,h_210,f_jpg?from=ke.com
20210126,龙岗区,坪地,大三房满五  精装税费少  南北通户型必看好房,379.9万,低楼层                                    (共31层)                                                                      | 2016年建 |                                3室2厅 | 89.06平米                                  | 西北,http://ke-image.ljcdn.com/110000-inspection/pc1_9BAepFVUl_1.jpg!m_fill,w_280,h_210,f_jpg?from=ke.com
20210126,龙岗区,坪地,标准大三房，高楼层，无遮挡，采光通透，装修保养较好,280万,高楼层                                    (共17层)                                                                  3室2厅 | 93.13平米                                  | 东南,http://ke-image.ljcdn.com/110000-inspection/pc1_5X2aO1mfh.jpg!m_fill,w_280,h_210,f_jpg?from=ke.com
20210126,龙岗区,坪地,品牌开发商 准地铁口物业  安静舒适,500万,高楼层                                    (共33层)                                                                      | 2017年建 |                                4室2厅 | 89.32平米                                  | 东南,http://ke-image.ljcdn.com/110000-inspection/pc1_dWBGiaXm4_1.jpg!m_fill,w_280,h_210,f_jpg?from=ke.com
20210126,龙岗区,坪地,何逦ㄒ 诚心出售 中高楼层 厅出阳台,330万,中楼层                                    (共31层)                                                                      | 2013年建 |                                3室2厅 | 82.16平米                                  | 东南,http://ke-image.ljcdn.com/110000-inspection/pc1_wms1KzsrY.jpg!m_fill,w_280,h_210,f_jpg?from=ke.com
20210126,龙岗区,坪地,此房满二唯一，采光好，配套设施齐全，交通方便,285万,低楼层                                    (共24层)                                                                      | 2018年建 |                                2室2厅 | 65.88平米                                  | 东 西,http://ke-image.ljcdn.com/110000-inspection/pc1_Uui4FJlLx_1.jpg!m_fill,w_280,h_210,f_jpg?from=ke.com
20210126,龙岗区,坪地,此房满五年，税费少，户型方正，保养很好,319.5万,中楼层                                    (共16层)                                                                      | 2012年建 |                                4室2厅 | 80.94平米                                  | 西南,http://ke-image.ljcdn.com/110000-inspection/pc1_dfb7ljdQK.jpg!m_fill,w_280,h_210,f_jpg?from=ke.com
20210126,龙岗区,坪地,恒裕品牌物业，正在建的地铁口，户型方正，使用率高,320万,低楼层                                    (共33层)                                                                      | 2017年建 |                                3室2厅 | 70.41平米                                  | 南,http://ke-image.ljcdn.com/110000-inspection/pc1_vaNktpSCP.jpg!m_fill,w_280,h_210,f_jpg?from=ke.com
20210126,龙岗区,坪地,此房满二唯一，采光好，配套设施齐全，交通方便,305万,高楼层                                    (共24层)                                                                      | 2018年建 |                                2室2厅 | 66.27平米                                  | 西北,http://ke-image.ljcdn.com/110000-inspection/pc1_W3J1rBLTp.jpg!m_fill,w_280,h_210,f_jpg?from=ke.com
20210126,龙岗区,坪地,89平4房2卫 实用型住宅 大阳台,430万,低楼层                                    (共33层)                                                                      | 2016年建 |                                4室2厅 | 88.96平米                                  | 南,http://ke-image.ljcdn.com/110000-inspection/pc1_VdSCtQzfl.jpg!m_fill,w_280,h_210,f_jpg?from=ke.com
20210126,龙岗区,坪地,柠檬时代 3室1厅 南,226万,低楼层                                    (共17层)                                                                  3室1厅 | 67.1平米                                  | 南,http://ke-image.ljcdn.com/110000-inspection/pc1_mtliAIvx5.jpg!m_fill,w_280,h_210,f_jpg?from=ke.com
20210126,龙岗区,坪地,恒裕品牌开发，89平四房两卫， 地铁口，使用率高,450万,高楼层                                    (共33层)                                                                      | 2017年建 |                                4室1厅 | 89.26平米                                  | 南,http://ke-image.ljcdn.com/440300-inspection/prod-c9565fc9-8d94-4ff9-b554-ffea89b5e22d.jpg!m_fill,w_280,h_210,f_jpg?from=ke.com
20210126,龙岗区,坪地,业主诚心出售，大型小区，性 价 比 高,133万,高楼层                                    (共8层)                                                                  1室1厅 | 44.34平米                                  | 南,http://ke-image.ljcdn.com/110000-inspection/pc1_uOmITdEnr.jpg!m_fill,w_280,h_210,f_jpg?from=ke.com
20210126,龙岗区,坪地,满两年 精装修 安静采光足 业主诚心出售,450万,低楼层                                    (共24层)                                                                      | 2017年建 |                                4室2厅 | 106.21平米                                  | 南,http://ke-image.ljcdn.com/110000-inspection/pc1_bKbzjSE3U_1.jpg!m_fill,w_280,h_210,f_jpg?from=ke.com
20210126,龙岗区,坪地,恒裕嘉城小区100米处就是公交站,378万,高楼层                                    (共33层)                                                                      | 2017年建 |                                4室2厅 | 89.32平米                                  | 南,http://ke-image.ljcdn.com/110000-inspection/pc1_Sh4HMylEI.jpg!m_fill,w_280,h_210,f_jpg?from=ke.com
20210126,龙岗区,坪地,满3年 户型方正 .拎包入住.带大阳台,355万,低楼层                                    (共30层)                                                                      | 2016年建 |                                3室2厅 | 85.06平米                                  | 南,http://ke-image.ljcdn.com/110000-inspection/pc1_QP7jxKg7F.jpg!m_fill,w_280,h_210,f_jpg?from=ke.com
20210126,龙岗区,坪地,满五不唯一 地铁口物业，看房预约。,350万,中楼层                                    (共31层)                                                                      | 2013年建 |                                3室2厅 | 81.82平米                                  | 南,http://ke-image.ljcdn.com/110000-inspection/pc1_S1DGTu2p8.jpg!m_fill,w_280,h_210,f_jpg?from=ke.com
20210126,龙岗区,坪地,采光好，配套设施齐全，交通方便必看好房,285万,低楼层                                    (共24层)                                                                      | 2018年建 |                                2室2厅 | 67平米                                  | 西北,http://ke-image.ljcdn.com/110000-inspection/pc1_VpuJRgnz6_1.jpg!m_fill,w_280,h_210,f_jpg?from=ke.com
20210126,龙岗区,坪地,89平4房2卫  超大阳台  业主诚心卖,375万,高楼层                                    (共33层)                                                                      | 2017年建 |                                4室2厅 | 89.32平米                                  | 东南,http://ke-image.ljcdn.com/110000-inspection/pc1_hfGMqPLJO.jpg!m_fill,w_280,h_210,f_jpg?from=ke.com
20210126,龙岗区,坪地,全新装修，未住过，品牌家私家具，直接拎包入住,450万,低楼层                                    (共24层)                                                                      | 2018年建 |                                4室2厅 | 108.86平米                                  | 南,http://ke-image.ljcdn.com/110000-inspection/pc1_IlCurKGJi_1.jpg!m_fill,w_280,h_210,f_jpg?from=ke.com
20210126,龙岗区,坪地,满两年，精装修， 中间楼层，视野开阔，采光充足,380万,高楼层                                    (共24层)                                                                      | 2018年建 |                                3室2厅 | 84.56平米                                  | 南,http://ke-image.ljcdn.com/110000-inspection/pc1_KBjWtZOAa_1.jpg!m_fill,w_280,h_210,f_jpg?from=ke.com
20210126,龙岗区,坪地,刚需精装三房 中高层 采光很好 诚心出售 随时看房,338万,高楼层                                    (共33层)                                                                      | 2017年建 |                                3室2厅 | 70.41平米                                  | 南,http://ke-image.ljcdn.com/110000-inspection/pc1_fe288DwoB_1.jpg!m_fill,w_280,h_210,f_jpg?from=ke.com
20210126,龙岗区,坪地,满五唯一红本2013年小区电梯精装三房16号线地铁口,290万,低楼层                                    (共19层)                                                                      | 2013年建 |                                3室1厅 | 80.14平米                                  | 南,http://ke-image.ljcdn.com/110000-inspection/pc1_fffM2CwW1.jpg!m_fill,w_280,h_210,f_jpg?from=ke.com
20210126,龙岗区,坪地,中信龙盛广场 正规3房 满五唯一 红本在手 诚心出售,340万,中楼层                                    (共31层)                                                                      | 2013年建 |                                3室2厅 | 82.15平米                                  | 南 北,http://ke-image.ljcdn.com/110000-inspection/pc1_kE2vqZGkC.jpg!m_fill,w_280,h_210,f_jpg?from=ke.com
20210126,龙岗区,坪地,建面50万平大社区，分四期开发，配套完善~交通便利,367万,低楼层                                    (共24层)                                                                      | 2018年建 |                                3室2厅 | 77平米                                  | 东南,http://ke-image.ljcdn.com/110000-inspection/pc1_hjIY4Q0HX.jpg!m_fill,w_280,h_210,f_jpg?from=ke.com
20210126,龙岗区,坪地,业主诚心卖，看房有钥匙，户型方正，标准3房2位卫,348万,低楼层                                    (共24层)                                                                      | 2018年建 |                                3室2厅 | 85平米                                  | 东南,http://ke-image.ljcdn.com/110000-inspection/pc1_iun6VzLMU_1.jpg!m_fill,w_280,h_210,f_jpg?from=ke.com
20210126,龙岗区,坪地,满两年,高楼层,视野开阔,采光充足,配套设施齐全。,400万,中楼层                                    (共33层)                                                                      | 2017年建 |                                4室2厅 | 89.1平米                                  | 西南,http://ke-image.ljcdn.com/110000-inspection/pc1_yRYaKLhEY_1.jpg!m_fill,w_280,h_210,f_jpg?from=ke.com
20210126,龙岗区,坪地,此房采光充足，，交通便利，是居家的好选择,335万,高楼层                                    (共24层)                                                                      | 2018年建 |                                3室2厅 | 77.06平米                                  | 东南,http://ke-image.ljcdn.com/110000-inspection/pc1_FeugDVZMB_1.jpg!m_fill,w_280,h_210,f_jpg?from=ke.com
20210126,龙岗区,坪地,此房满二年，住家安静，通风采光好,360万,低楼层                                    (共24层)                                                                      | 2018年建 |                                3室2厅 | 87.4平米                                  | 西南,http://ke-image.ljcdn.com/110000-inspection/pc1_J8LdxiZLF_1.jpg!m_fill,w_280,h_210,f_jpg?from=ke.com
20210126,龙岗区,坪地,满两年，高楼层，视野开阔，采光充足,370万,高楼层                                    (共24层)                                                                      | 2018年建 |                                3室2厅 | 86.32平米                                  | 西南,http://ke-image.ljcdn.com/110000-inspection/pc1_QQS4U4xUF_1.jpg!m_fill,w_280,h_210,f_jpg?from=ke.com
20210126,龙岗区,坪地,满五唯一，自住装修，楼层适中，采光很好，诚心出售必看好房,235万,高楼层                                    (共19层)                                                                      | 2013年建 |                                3室1厅 | 80.14平米                                  | 南,http://ke-image.ljcdn.com/110000-inspection/pc1_DbMYxviJT_1.jpg!m_fill,w_280,h_210,f_jpg?from=ke.com
20210126,龙岗区,坪地,此房已经满两年，朝南的，采光透风,510万,中楼层                                    (共33层)                                                                      | 2017年建 |                                4室2厅 | 88.26平米                                  | 南,http://ke-image.ljcdn.com/440300-inspection/pc1_abjvwNaIa_1.jpg!m_fill,w_280,h_210,f_jpg?from=ke.com
20210126,龙岗区,坪地,精装修两房  朝向好中间楼层  户型方正采光好,300万,中楼层                                    (共24层)                                                                      | 2018年建 |                                2室2厅 | 67.2平米                                  | 南,http://ke-image.ljcdn.com/110000-inspection/pc1_xw6W8XbcL_1.jpg!m_fill,w_280,h_210,f_jpg?from=ke.com
20210126,龙岗区,坪地,满两年，精装修， 高楼层，视野开阔,360万,高楼层                                    (共24层)                                                                      | 2018年建 |                                3室2厅 | 86.17平米                                  | 西南,http://ke-image.ljcdn.com/110000-inspection/pc1_Gk2S7gi1W_1.jpg!m_fill,w_280,h_210,f_jpg?from=ke.com
20210126,龙岗区,坪地,此房满两年，精装修，大社区，安静，在建地铁口物业,285万,低楼层                                    (共24层)                                                                      | 2018年建 |                                2室1厅 | 65.88平米                                  | 南,http://ke-image.ljcdn.com/110000-inspection/pc1_iHJUuN6Bh_1.jpg!m_fill,w_280,h_210,f_jpg?from=ke.com
20210126,龙岗区,坪地,满五唯一，  精装修，  无个税.,450万,低楼层                                    (共31层)                                                                      | 2016年建 |                                3室2厅 | 105.5平米                                  | 东北 西南,http://ke-image.ljcdn.com/110000-inspection/pc1_kPT1xnUjJ_1.jpg!m_fill,w_280,h_210,f_jpg?from=ke.com
20210126,龙岗区,坪地,中骏四季阳光，大2房精装，小区环境好,287万,低楼层                                    (共24层)                                                                      | 2018年建 |                                2室2厅 | 67平米                                  | 南,http://ke-image.ljcdn.com/110000-inspection/pc1_ewpIlSdqY_1.jpg!m_fill,w_280,h_210,f_jpg?from=ke.com
20210126,龙岗区,坪地,恒裕嘉城 4室2厅 东南,430万,低楼层                                    (共33层)                                                                      | 2017年建 |                                4室2厅 | 89平米                                  | 东南,http://ke-image.ljcdn.com/440300-inspection/pc1_9ab4shYqI_1.jpg!m_fill,w_280,h_210,f_jpg?from=ke.com
20210126,龙岗区,坪地,恒裕嘉城 4室2厅 东南,385万,低楼层                                    (共33层)                                                                      | 2017年建 |                                4室2厅 | 89.24平米                                  | 东南,http://ke-image.ljcdn.com/110000-inspection/pc1_PJWTadyy9.jpg!m_fill,w_280,h_210,f_jpg?from=ke.com
20210126,龙岗区,坪地,精装修， 高楼层，视野开阔，采光充足。,420万,高楼层                                    (共24层)                                                                      | 2018年建 |                                3室2厅 | 86.17平米                                  | 西南,http://ke-image.ljcdn.com/440300-inspection/pc1_bCF1baaTL_1.jpg!m_fill,w_280,h_210,f_jpg?from=ke.com
20210126,龙岗区,坪地,南北通，双阳台，楼层好，精装修，标准三房，看花园必看好房,380万,高楼层                                    (共31层)                                                                      | 2016年建 |                                3室2厅 | 89平米                                  | 南 北,http://ke-image.ljcdn.com/440300-inspection/pc1_3Ne8ZltpX_1.jpg!m_fill,w_280,h_210,f_jpg?from=ke.com
20210126,龙岗区,坪地,东鸿雅居 3室2厅 南 北,260万,低楼层                                    (共16层)                                                                      | 2012年建 |                                3室2厅 | 76.17平米                                  | 南 北,http://ke-image.ljcdn.com/110000-inspection/pc1_t2A8H3Jmi.jpg!m_fill,w_280,h_210,f_jpg?from=ke.com
20210126,龙岗区,坪地,恒裕嘉城 4室2厅 东南,430万,中楼层                                    (共33层)                                                                      | 2017年建 |                                4室2厅 | 89.44平米                                  | 东南,http://ke-image.ljcdn.com/440300-inspection/pc1_e7XucnNje_1.jpg!m_fill,w_280,h_210,f_jpg?from=ke.com
20210126,龙岗区,坪地,地铁口2房  户型房子   总价低,155万,高楼层                                    (共19层)                                                                      | 2013年建 |                                2室2厅 | 48.56平米                                  | 东南,http://ke-image.ljcdn.com/440300-inspection/pc1_LVsgU6aRJ_1.jpg!m_fill,w_280,h_210,f_jpg?from=ke.com
20210126,龙岗区,坪地,高品质住宅  未来地铁口物业 业主诚心出售,450万,中楼层                                    (共31层)                                                                      | 2013年建 |                                4室2厅 | 127.1平米                                  | 东南,http://ke-image.ljcdn.com/440300-inspection/pc1_QZtzCNKcW_1.jpg!m_fill,w_280,h_210,f_jpg?from=ke.com
20210126,龙岗区,坪地,此房已经满两年，精装修朝南，采光很好，税费少,450万,中楼层                                    (共24层)                                                                      | 2018年建 |                                4室2厅 | 106.21平米                                  | 南,http://ke-image.ljcdn.com/440300-inspection/prod-4cc570b6-79a8-4484-beb8-93d39c9dcf6b.jpg!m_fill,w_280,h_210,f_jpg?from=ke.com
20210126,龙岗区,坪地,中骏四季阳光 带装修3房 户型方正 视野好 诚意出售,430万,高楼层                                    (共24层)                                                                      | 2018年建 |                                3室2厅 | 87平米                                  | 西南,http://ke-image.ljcdn.com/440300-inspection/prod-ecbb8907-c640-409d-9d44-db7b76983706.jpg!m_fill,w_280,h_210,f_jpg?from=ke.com
20210126,龙岗区,坪地,楼层好，视野宽阔，光线充足，看湖景，景致优美,258万,低楼层                                    (共12层)                                                                      | 2002年建 |                                3室2厅 | 108.3平米                                  | 东南,http://ke-image.ljcdn.com/440300-inspection/prod-42818bef-5aff-47d4-a8e8-a230d68e073c.jpg!m_fill,w_280,h_210,f_jpg?from=ke.com
20210126,龙岗区,坪地,恒裕嘉城  刚需3房户型 业主诚心出售,350万,低楼层                                    (共33层)                                                                      | 2017年建 |                                3室2厅 | 71平米                                  | 南 西南,http://ke-image.ljcdn.com/110000-inspection/pc1_lcjJa61Iv.jpg!m_fill,w_280,h_210,f_jpg?from=ke.com
20210126,龙岗区,坪地,中间楼层 看花园 居家安静 满两年 欠款少,330万,高楼层                                    (共24层)                                                                      | 2018年建 |                                3室2厅 | 75.94平米                                  | 西北,http://ke-image.ljcdn.com/440300-inspection/prod-652e955d-7cf4-49bb-ba84-cb4ff8938ba2.jpg!m_fill,w_280,h_210,f_jpg?from=ke.com
20210126,龙岗区,坪地,中骏四季阳光  3房2厅  朝花园  阳光充足,380万,低楼层                                    (共24层)                                                                      | 2016年建 |                                3室2厅 | 89.23平米                                  | 西北,http://ke-image.ljcdn.com/440300-inspection/prod-0eb6bc90-4c84-4b03-99fd-c9fb76308bc3.jpg!m_fill,w_280,h_210,f_jpg?from=ke.com
20210126,龙岗区,坪地,未来地铁口物业，业主诚心出售。,135万,中楼层                                    (共19层)                                                                      | 2013年建 |                                2室1厅 | 55.32平米                                  | 东南,http://ke-image.ljcdn.com/440300-inspection/pc1_ljKlGelut.jpg!m_fill,w_280,h_210,f_jpg?from=ke.com
20210126,龙岗区,坪地,标准三房   采光好  业主急卖,395万,低楼层                                    (共24层)                                                                      | 2018年建 |                                3室2厅 | 86.17平米                                  | 东南,http://ke-image.ljcdn.com/440300-inspection/prod-fc1ce5dd-43d1-46a7-80b8-f2f8f08260bd.jpg!m_fill,w_280,h_210,f_jpg?from=ke.com
20210126,龙岗区,坪地,此房四房 得房率高 通透性好 精装修 满二年,450万,高楼层                                    (共33层)                                                                      | 2017年建 |                                4室2厅 | 89.32平米                                  | 东南,http://ke-image.ljcdn.com/440300-inspection/prod-971ca004-00b4-48fe-a5b2-8c64b9407e7a.jpg!m_fill,w_280,h_210,f_jpg?from=ke.com
20210126,龙岗区,坪地,.中骏四季阳光 精装修3房 户型方正，视野好 诚意出售,380万,低楼层                                    (共24层)                                                                      | 2018年建 |                                3室2厅 | 86.17平米                                  | 南,http://ke-image.ljcdn.com/440300-inspection/prod-f703002a-550b-43dd-856c-8ad3205fe9bd.png!m_fill,w_280,h_210,f_jpg?from=ke.com
20210126,龙岗区,坪地,大三房 拎包入住  大阳台 满二,255万,低楼层                                    (共19层)                                                                      | 2013年建 |                                3室2厅 | 69.77平米                                  | 南,http://ke-image.ljcdn.com/440300-inspection/pc1_IiXAhanL9_1.jpg!m_fill,w_280,h_210,f_jpg?from=ke.com
20210126,龙岗区,坪地,金阳成，精装三房，户型方正满两年税费低,248万,低楼层                                    (共19层)                                                                      | 2013年建 |                                3室2厅 | 74.03平米                                  | 南,http://ke-image.ljcdn.com/440300-inspection/prod-79c98a98-ccc4-46d3-b232-258642038926.jpg!m_fill,w_280,h_210,f_jpg?from=ke.com
20210126,龙岗区,坪地,中骏三期。带装修。看花园，采光好,355万,低楼层                                    (共24层)                                                                      | 2018年建 |                                3室2厅 | 85平米                                  | 西南,http://ke-image.ljcdn.com/110000-inspection/pc1_LYRTsTyTb_1.jpg!m_fill,w_280,h_210,f_jpg?from=ke.com
20210126,龙岗区,坪地,地体口大社区大3房东南向高楼层位置安静必看好房,359万,高楼层                                    (共30层)                                                                      | 2016年建 |                                3室1厅 | 86.73平米                                  | 东南,http://ke-image.ljcdn.com/110000-inspection/pc1_5W3QyDNxL_1.jpg!m_fill,w_280,h_210,f_jpg?from=ke.com
20210126,龙岗区,坪地,恒裕嘉城 4室2厅 南新上,600万,高楼层                                    (共33层)                                                                      | 2017年建 |                                4室2厅 | 89平米                                  | 南,http://ke-image.ljcdn.com/110000-inspection/pc1_YfcLEBfCS_1.jpg!m_fill,w_280,h_210,f_jpg?from=ke.com
20210126,龙岗区,坪地,1房1厅 采光充足  中间楼层,105万,中楼层                                    (共8层)                                                                      | 2013年建 |                                1室1厅 | 35.64平米                                  | 南,http://ke-image.ljcdn.com/110000-inspection/pc1_YbQQsOJEi.jpg!m_fill,w_280,h_210,f_jpg?from=ke.com
20210126,龙岗区,坪地,户型方正 装修保养好 业主诚心出售,129万,中楼层                                    (共8层)                                                                      | 2013年建 |                                2室2厅 | 55.98平米                                  | 东南,http://ke-image.ljcdn.com/110000-inspection/pc1_fb93S9gPo_1.jpg!m_fill,w_280,h_210,f_jpg?from=ke.com
20210126,龙岗区,坪地,地铁口复式房 光线充足 使用率高 交通便利,100万,高楼层                                    (共8层)                                                                      | 2013年建 |                                1室1厅 | 33.61平米                                  | 南,http://ke-image.ljcdn.com/110000-inspection/pc1_1DDGieTxN_1.jpg!m_fill,w_280,h_210,f_jpg?from=ke.com
20210126,龙岗区,坪地,复式房楼下地铁口 光线充足 使用率高,100万,高楼层                                    (共8层)                                                                      | 2013年建 |                                1室1厅 | 35.64平米                                  | 南,http://ke-image.ljcdn.com/110000-inspection/pc1_Ex8c5mEWh.jpg!m_fill,w_280,h_210,f_jpg?from=ke.com
20210126,龙岗区,坪地,满五唯一大单房，实用性高诚心出售,80万,高楼层                                    (共8层)                                                                      | 2007年建 |                                1室0厅 | 28.78平米                                  | 南 北,http://ke-image.ljcdn.com/110000-inspection/pc1_jF7isjyKQ_1.jpg!m_fill,w_280,h_210,f_jpg?from=ke.com
20210126,龙岗区,坪地,准地铁口物业 旺铺 业主诚心出售,190万,低楼层                                    (共31层)                                                                      | 2013年建 |                                1室0厅 | 33.93平米                                  | 东南,http://ke-image.ljcdn.com/110000-inspection/pc1_riCycxkBF.jpg!m_fill,w_280,h_210,f_jpg?from=ke.com
20210126,龙岗区,坪地,使用高  精装修  采光充足 业主诚心买,330万,低楼层                                    (共24层)                                                                      | 2018年建 |                                3室1厅 | 75平米                                  | 西北,http://ke-image.ljcdn.com/110000-inspection/pc1_06LakXaLW.jpg!m_fill,w_280,h_210,f_jpg?from=ke.com
20210126,龙岗区,坪地,大四房 看小区花园 户型通透 ，交通便利,400万,高楼层                                    (共33层)                                                                      | 2017年建 |                                4室2厅 | 89.01平米                                  | 东南,http://ke-image.ljcdn.com/110000-inspection/pc1_s8cjDuQQE_1.jpg!m_fill,w_280,h_210,f_jpg?from=ke.com
20210126,龙岗区,坪地,中信龙盛广场 1室1厅 南,109.5万,中楼层                                    (共8层)                                                                      | 2013年建 |                                1室1厅 | 35.89平米                                  | 南,http://ke-image.ljcdn.com/110000-inspection/pc1_OVv9oxnqi.jpg!m_fill,w_280,h_210,f_jpg?from=ke.com
20210126,龙岗区,坪地,70年产权 商务房子 业主装修 业主诚心急售装修30万,135万,中楼层                                    (共8层)                                                                      | 2013年建 |                                2室2厅 | 53.21平米                                  | 东,http://ke-image.ljcdn.com/110000-inspection/pc1_EXHy2pu6Q_1.jpg!m_fill,w_280,h_210,f_jpg?from=ke.com
20210126,龙岗区,坪地,地铁口 70年产权 商务两房 南北通,142万,高楼层                                    (共19层)                                                                      | 2013年建 |                                2室1厅 | 55.32平米                                  | 西北,http://ke-image.ljcdn.com/110000-inspection/pc1_xGRUqIyx4.jpg!m_fill,w_280,h_210,f_jpg?from=ke.com
20210126,龙岗区,坪地,地铁口精装刚需2房 光线充足 使用率高 随时可看房,165万,中楼层                                    (共19层)                                                                      | 2013年建 |                                2室1厅 | 48.56平米                                  | 西南,http://ke-image.ljcdn.com/110000-inspection/pc1_quGXML7T8_1.jpg!m_fill,w_280,h_210,f_jpg?from=ke.com
20210126,龙岗区,坪地,满五唯一，高楼层，光线好，拎包就能入住,240万,高楼层                                    (共8层)                                                                  3室2厅 | 90.57平米                                  | 西南,http://ke-image.ljcdn.com/110000-inspection/pc1_QDoxXVvPm_1.jpg!m_fill,w_280,h_210,f_jpg?from=ke.com
20210126,龙岗区,坪地,精装复式2房 楼下地铁口 使用率高 光线充足,160万,中楼层                                    (共8层)                                                                      | 2013年建 |                                2室2厅 | 60.25平米                                  | 西北,http://ke-image.ljcdn.com/110000-inspection/pc1_TapoIH0Wm_1.jpg!m_fill,w_280,h_210,f_jpg?from=ke.com
20210126,龙岗区,坪地,龙岗地铁口 精装两房 带租约 诚心出售,138万,高楼层                                    (共19层)                                                                      | 2013年建 |                                2室1厅 | 48.56平米                                  | 西南,http://ke-image.ljcdn.com/110000-inspection/pc1_FXhU6sc3T_1.jpg!m_fill,w_280,h_210,f_jpg?from=ke.com
20210126,龙岗区,坪地,配套设施齐全  楼下地铁口   业主诚心出售,143万,中楼层                                    (共8层)                                                                      | 2013年建 |                                1室1厅 | 36平米                                  | 东南,http://ke-image.ljcdn.com/110000-inspection/pc1_AdY36QDCD_1.jpg!m_fill,w_280,h_210,f_jpg?from=ke.com
20210126,龙岗区,坪地,地铁口复式公寓  业主诚心出售,143万,中楼层                                    (共8层)                                                                      | 2013年建 |                                1室1厅 | 36平米                                  | 东南,http://ke-image.ljcdn.com/110000-inspection/pc1_xtYY8E3EN.jpg!m_fill,w_280,h_210,f_jpg?from=ke.com
20210126,龙岗区,坪地,两层复式 使用率高 地铁口 可免个税增值税土地增值,102万,中楼层                                    (共8层)                                                                      | 2013年建 |                                1室1厅 | 35.86平米                                  | 南,http://ke-image.ljcdn.com/110000-inspection/pc1_xPPXZTU1G_1.jpg!m_fill,w_280,h_210,f_jpg?from=ke.com
20210126,龙岗区,坪地,中信龙盛广场 3室1厅 南,168万,中楼层                                    (共8层)                                                                      | 2013年建 |                                3室1厅 | 60平米                                  | 南,http://ke-image.ljcdn.com/110000-inspection/pc1_SPYyvFFra_1.jpg!m_fill,w_280,h_210,f_jpg?from=ke.com
20210126,龙岗区,坪地,准地铁口 自住装修 复式公寓 70年产权,120万,中楼层                                    (共8层)                                                                      | 2013年建 |                                1室1厅 | 36平米                                  | 东北,http://ke-image.ljcdn.com/110000-inspection/pc1_vaTL98vKF.jpg!m_fill,w_280,h_210,f_jpg?from=ke.com
20210126,龙岗区,坪地,中信龙盛广场 2室1厅 西南 东北,200万,高楼层                                    (共19层)                                                                      | 2013年建 |                                2室1厅 | 55.46平米                                  | 西南 东北,http://ke-image.ljcdn.com/110000-inspection/pc1_wuAapx0AQ.jpg!m_fill,w_280,h_210,f_jpg?from=ke.com
20210126,龙岗区,坪地,龙东村地铁口中信龙盛广场精装复式 诚心出售,120万,高楼层                                    (共8层)                                                                      | 2013年建 |                                1室1厅 | 39.62平米                                  | 西南,http://ke-image.ljcdn.com/110000-inspection/pc1_g35FiuZsE.jpg!m_fill,w_280,h_210,f_jpg?from=ke.com
20210126,龙岗区,坪地,精装修两房通天然气 业主诚心出售,160万,高楼层                                    (共19层)                                                                      | 2013年建 |                                2室1厅 | 55.32平米                                  | 东南,http://ke-image.ljcdn.com/110000-inspection/pc1_1n3IehZpe_1.jpg!m_fill,w_280,h_210,f_jpg?from=ke.com
20210126,龙岗区,坪地,龙东地铁口中信龙盛广场复式2房 装修精美 诚心出售,103万,低楼层                                    (共8层)                                                                      | 2013年建 |                                2室1厅 | 39.94平米                                  | 东北,http://ke-image.ljcdn.com/110000-inspection/pc1_CGDPAttn0_1.jpg!m_fill,w_280,h_210,f_jpg?from=ke.com
20210126,龙岗区,坪地,中信龙盛广场 精装两房带租约出售,140万,中楼层                                    (共19层)                                                                      | 2013年建 |                                2室1厅 | 48.56平米                                  | 西南,http://ke-image.ljcdn.com/110000-inspection/pc1_y0YFeAY6F_1.jpg!m_fill,w_280,h_210,f_jpg?from=ke.com
20210126,龙岗区,坪地,龙东村地铁口中信龙盛广场 精装复式2房 诚心出售,120万,中楼层                                    (共8层)                                                                      | 2013年建 |                                2室1厅 | 35.89平米                                  | 东北,http://ke-image.ljcdn.com/440300-inspection/pc1_owtLPpBFw_1.jpg!m_fill,w_280,h_210,f_jpg?from=ke.com
20210126,龙岗区,坪地,两层复式 使用率高 地铁口 可免个税增值税土地增值,90万,中楼层                                    (共8层)                                                                      | 2013年建 |                                1室1厅 | 35.64平米                                  | 西南,http://ke-image.ljcdn.com/110000-inspection/pc1_zW5PciZ4C.jpg!m_fill,w_280,h_210,f_jpg?from=ke.com
20210126,龙岗区,坪地,准地铁口物业 复式两层 业主诚心出售,148万,中楼层                                    (共8层)                                                                      | 2013年建 |                                1室1厅 | 55.98平米                                  | 东南,http://ke-image.ljcdn.com/440300-inspection/pc1_178Njl25y.jpg!m_fill,w_280,h_210,f_jpg?from=ke.com
20210126,龙岗区,坪地,中信龙盛广场 1室1厅 东南,120万,低楼层                                    (共8层)                                                                      | 2013年建 |                                1室1厅 | 39.66平米                                  | 东南,http://ke-image.ljcdn.com/110000-inspection/pc1_2teyURzWM_1.jpg!m_fill,w_280,h_210,f_jpg?from=ke.com
20210126,龙岗区,坪地,中信龙盛广场 70年产权公寓 带天然气 复式 诚意出售,160万,高楼层                                    (共8层)                                                                      | 2013年建 |                                2室2厅 | 57.51平米                                  | 东南,http://ke-image.ljcdn.com/440300-inspection/prod-9c6510ae-c20e-4ba6-9a85-a2d3fdf930ea.jpg!m_fill,w_280,h_210,f_jpg?from=ke.com
20210126,龙岗区,坪地,中信龙盛广场 1室1厅 东南,118万,低楼层                                    (共8层)                                                                      | 2013年建 |                                1室1厅 | 39.94平米                                  | 东南,http://ke-image.ljcdn.com/110000-inspection/pc1_wBvicgTX7.jpg!m_fill,w_280,h_210,f_jpg?from=ke.com
20210126,龙岗区,坪地,地铁口实用四房房，户型方正视野开阔,380万,低楼层                                    (共33层)                                                                      | 2017年建 |                                4室2厅 | 89.01平米                                  | 南,http://ke-image.ljcdn.com/440300-inspection/test-4d7d35d6-4d94-4720-aff3-43d8ea3d02bf.png!m_fill,w_280,h_210,f_jpg?from=ke.com
20210126,龙岗区,坪地,中信龙盛广场，2房2厅1卫1阳，60.25平，180万,179.9万,中楼层                                    (共8层)                                                                      | 2013年建 |                                2室2厅 | 60.25平米                                  | 南,http://ke-image.ljcdn.com/440300-inspection/prod-4e949a85-607c-4c2e-8c96-1b8926bb3707.jpg!m_fill,w_280,h_210,f_jpg?from=ke.com
20210126,龙岗区,坪地,地铁口  大三房  使用率高 同心实验 看房方便新上,320万,高楼层                                    (共33层)                                                                      | 2017年建 |                                3室1厅 | 70.51平米                                  | 东南,http://ke-image.ljcdn.com/440300-inspection/prod-bed97e5e-9a2f-4491-a739-6d187dc9e54b.jpg!m_fill,w_280,h_210,f_jpg?from=ke.com
20210126,龙岗区,坪地,地铁口物业 复式公寓 业主诚心出售,120万,高楼层                                    (共8层)                                                                      | 2013年建 |                                1室1厅 | 39.9平米                                  | 东北,http://ke-image.ljcdn.com/110000-inspection/pc1_sPMNYwLTt_1.jpg!m_fill,w_280,h_210,f_jpg?from=ke.com
20210126,龙岗区,坪地,双龙片区，地铁在建，通勤便利，精装两房。必看好房,180万,高楼层                                    (共19层)                                                                      | 2013年建 |                                2室1厅 | 43.55平米                                  | 南,http://ke-image.ljcdn.com/110000-inspection/pc1_G1Xr9oikO_1.jpg!m_fill,w_280,h_210,f_jpg?from=ke.com
20210126,龙岗区,坪地,西湖苑 1室1厅 东,71万,中楼层                                    (共8层)                                                                      | 2007年建 |                                1室1厅 | 39.79平米                                  | 东,http://ke-image.ljcdn.com/440300-frame/caf54eef-ef27-47fe-91fa-4b726e425c6b.PNG!m_fill,w_280,h_210,f_jpg?from=ke.com
20210126,龙岗区,坪地,满五不唯一，红本在手，中间楼层，采光足,400万,中楼层                                    (共30层)                                                                      | 2016年建 |                                3室2厅 | 86.82平米                                  | 西南,http://ke-image.ljcdn.com/hdic-frame/7d7b2224-3eb5-4df4-a302-b3520f4c7c98.png!m_fill,w_280,h_210,f_jpg?from=ke.com
20210126,龙岗区,坪地,创城宜城风景 4室2厅 东南新上,370万,中楼层                                    (共32层)                                                                      | 2016年建 |                                4室2厅 | 89.53平米                                  | 东南,http://ke-image.ljcdn.com/hdic-frame/test-543cae2c-5caf-4041-a4ae-0d54f8b3ab9a.png!m_fill,w_280,h_210,f_jpg?from=ke.com
20210126,龙岗区,坪地,创城宜城风景 4室2厅 南 北新上,370万,中楼层                                    (共32层)                                                                      | 2016年建 |                                4室2厅 | 89.53平米                                  | 南 北,http://ke-image.ljcdn.com/hdic-frame/standard_d1303222-b5de-47b3-8d35-1b4acdba7ebd.png!m_fill,w_280,h_210,f_jpg?from=ke.com
20210126,龙岗区,坪地,地铁口 房子是复式公寓楼 层高5.1米 业主诚心出售新上,110万,中楼层                                    (共8层)                                                                      | 2013年建 |                                1室1厅 | 39.88平米                                  | 东北,http://ke-image.ljcdn.com/hdic-frame/0684bdad-a180-444d-a48d-077ce069bb35.png!m_fill,w_280,h_210,f_jpg?from=ke.com
20210126,龙岗区,坪地,精装修 中间楼层 采光充足 看房方便,360万,中楼层                                    (共24层)                                                                      | 2018年建 |                                3室2厅 | 86.17平米                                  | 西南,http://s1.ljcdn.com/pegasus/redskull/images/common/default_house_list.png?_v=202101261829353
20210126,龙岗区,坪地,此房满五唯一，实用2房1卫，欠款不多，适合住家,303万,低楼层                                    (共31层)                                                                      | 2016年建 |                                2室1厅 | 66.79平米                                  | 东南,http://ke-image.ljcdn.com/440300-inspection/prod-e31882e4-af1b-4222-a3c6-b239af8a3d4e.jpg!m_fill,w_280,h_210,f_jpg?from=ke.com
20210126,龙岗区,坪地,中信龙盛广场 1室1厅 南,145万,高楼层                                    (共8层)                                                                      | 2013年建 |                                1室1厅 | 35.64平米                                  | 南,http://ke-image.ljcdn.com/hdic-frame/19752368-e73c-4eb1-9f3a-fe44a6ed21b4.png!m_fill,w_280,h_210,f_jpg?from=ke.com
20210126,龙岗区,坪地,大三房，户型方正，南北通透，满五可自赎楼,422.88万,中楼层                                    (共31层)                                                                      | 2016年建 |                                3室2厅 | 118.86平米                                  | 南 北,http://ke-image.ljcdn.com/110000-inspection/651f27e8-0fec-4abc-92b6-30fdf01dbbac.jpeg!m_fill,w_280,h_210,f_jpg?from=ke.com
20210126,龙岗区,坪地,标准两房，采光通透，户型实用，使用面积大，红本在手,235万,低楼层                                    (共16层)                                                                      | 2007年建 |                                2室2厅 | 71.23平米                                  | 北,http://ke-image.ljcdn.com/110000-inspection/8ae6ea98-3dcb-4bbf-af06-ef247833d3cd.jpeg!m_fill,w_280,h_210,f_jpg?from=ke.com
20210126,龙岗区,坪地,地铁口低密度+高楼层+标准4房,450万,高楼层                                    (共33层)                                                                      | 2017年建 |                                4室1厅 | 89.26平米                                  | 西南,http://ke-image.ljcdn.com/hdic-frame/test-d95f9571-6b68-4545-acdf-010c7abbe26c.png!m_fill,w_280,h_210,f_jpg?from=ke.com
20210126,龙岗区,坪地,恒裕嘉城 1室0厅 南,458万,低楼层                                    (共33层)                                                                      | 2017年建 |                                1室0厅 | 64.7平米                                  | 南,http://ke-image.ljcdn.com/hdic-frame/f9bbd31c-19b5-4a4e-805f-5f838ffbadcb.jpg!m_fill,w_280,h_210,f_jpg?from=ke.com
20210126,龙岗区,坪地,70年产权 商务公寓 复式 精装修  业主诚心急售,140万,中楼层                                    (共8层)                                                                      | 2013年建 |                                1室1厅 | 39.88平米                                  | 东南,http://ke-image.ljcdn.com/hdic-frame/0684bdad-a180-444d-a48d-077ce069bb35.png!m_fill,w_280,h_210,f_jpg?from=ke.com
20210126,龙岗区,坪地,此房业主精心装修 保养好 中间楼层,480万,低楼层                                    (共33层)                                                                      | 2017年建 |                                4室2厅 | 89.01平米                                  | 东南,http://ke-image.ljcdn.com/440300-frame/5b75d824-7526-4845-97de-dcb51549e12b.jpg!m_fill,w_280,h_210,f_jpg?from=ke.com
20210126,龙岗区,坪地,中信龙盛广场 2室1厅 东,155万,中楼层                                    (共8层)                                                                      | 2013年建 |                                2室1厅 | 55.98平米                                  | 东,http://ke-image.ljcdn.com/hdic-frame/19752368-e73c-4eb1-9f3a-fe44a6ed21b4.png!m_fill,w_280,h_210,f_jpg?from=ke.com
20210126,龙岗区,坪地,中信龙盛广场 复式办公室 红本在手 诚心出售,105万,中楼层                                    (共8层)                                                                      | 2013年建 |                                1室1厅 | 39.6平米                                  | 西南,http://ke-image.ljcdn.com/hdic-frame/0684bdad-a180-444d-a48d-077ce069bb35.png!m_fill,w_280,h_210,f_jpg?from=ke.com
20210126,龙岗区,坪地,居家舒适，很温馨，楼层视野好，坐北朝南,420万,高楼层                                    (共33层)                                                                      | 2017年建 |                                4室2厅 | 89.26平米                                  | 南 西南,http://ke-image.ljcdn.com/440300-frame/1b12540d-ad50-4f83-bee4-8ecd7006f99e.png!m_fill,w_280,h_210,f_jpg?from=ke.com
20210126,龙岗区,坪地,房子是精装修 ，满两年，业主保养比较好,420万,低楼层                                    (共24层)                                                                      | 2018年建 |                                4室2厅 | 106.96平米                                  | 东南,http://ke-image.ljcdn.com/440300-inspection/d544a067-7b1e-408a-870e-b8969d213a9b.jpg!m_fill,w_280,h_210,f_jpg?from=ke.com
20210126,龙岗区,坪地,精装修满两年 标准的四房，采光充足,430万,低楼层                                    (共24层)                                                                      | 2018年建 |                                4室2厅 | 106.21平米                                  | 东南,http://ke-image.ljcdn.com/440300-inspection/b6bab631-b5ef-48d3-a6f1-6ae0e6db24e0.jpg!m_fill,w_280,h_210,f_jpg?from=ke.com
20210126,龙岗区,坪地,恒裕嘉城 带装修大四房 看花园 户型通透 税费少,388万,低楼层                                    (共33层)                                                                      | 2017年建 |                                4室2厅 | 89.24平米                                  | 东南,http://ke-image.ljcdn.com/440300-inspection/3f104040-38ae-4e48-a41c-c8d8b6e1912e.jpg!m_fill,w_280,h_210,f_jpg?from=ke.com
20210126,龙岗区,坪地,龙岗西湖苑别墅 满5年 环境好 带装修 湖景别墅,600万,低楼层                                    (共1层)                                                                      | 2001年建 |                                4室3厅 | 147平米                                  | 南 北,http://ke-image.ljcdn.com/440300-inspection/b71190eb-3c6b-43ef-a59c-6142e7fa237c.jpg!m_fill,w_280,h_210,f_jpg?from=ke.com
20210126,龙岗区,坪地,房子是2+1三房大阳台，朝西南，满5唯一红本在手诚心卖,290万,低楼层                                    (共17层)                                                                      | 2007年建 |                                3室1厅 | 79.81平米                                  | 西南,http://s1.ljcdn.com/pegasus/redskull/images/common/default_house_list.png?_v=202101261829353
20210126,龙岗区,坪地,满5唯一红本在手  交易安心  费用少 还带有平台60平米,255万,低楼层                                    (共17层)                                                                      | 2007年建 |                                2室1厅 | 75.06平米                                  | 东南,http://s1.ljcdn.com/pegasus/redskull/images/common/default_house_list.png?_v=202101261829353
20210126,龙岗区,坪地,地铁口 精装平层写字楼 有租约 看房方便 诚心出售新上,585万,中楼层                                    (共22层)                                                                      | 2013年建 |                                2室1厅 | 209.19平米                                  | 西南,http://s1.ljcdn.com/pegasus/redskull/images/common/default_house_list.png?_v=202101261829353
20210126,龙岗区,坪地,满五费用少，精装修高楼层视野开阔采光充足新上,280万,高楼层                                    (共31层)                                                                      | 2016年建 |                                2室1厅 | 69.04平米                                  | 南 北,http://s1.ljcdn.com/pegasus/redskull/images/common/default_house_list.png?_v=202101261829353
20210126,龙岗区,坪地,地铁口物业   精装修   业主诚心出售新上,330万,低楼层                                    (共24层)                                                                      | 2018年建 |                                3室2厅 | 76.92平米                                  | 西北,http://s1.ljcdn.com/pegasus/redskull/images/common/default_house_list.png?_v=202101261829353
20210126,龙岗区,坪地,满五唯一，大三房，楼层好采光充足,400万,低楼层                                    (共32层)                                                                      | 2016年建 |                                3室2厅 | 105.19平米                                  | 南,http://s1.ljcdn.com/pegasus/redskull/images/common/default_house_list.png?_v=202101261829353
20210126,龙岗区,坪地,地铁口旁边 一楼商铺 朝爱南路 位置好 出租中,350万,低楼层                                    (共33层)                                                                      | 2017年建 |                                1室0厅 | 93.4平米                                  | 南,http://s1.ljcdn.com/pegasus/redskull/images/common/default_house_list.png?_v=202101261829353
20210126,龙岗区,坪地,铺王（正门口出来），返租5年，租金福利好,450万,低楼层                                    (共33层)                                                                      | 2017年建 |                                1室0厅 | 68.73平米                                  | 南,http://s1.ljcdn.com/pegasus/redskull/images/common/default_house_list.png?_v=202101261829353
20210126,龙岗区,坪地,业主诚心出售，大型小区，。。。。。,1680万,低楼层                                    (共3层)                                                                  8室3厅 | 384.74平米                                  | 东南,http://s1.ljcdn.com/pegasus/redskull/images/common/default_house_list.png?_v=202101261829353
20210126,龙岗区,坪地,此房满五唯一，高楼层，采光通风好，朝南,380万,中楼层                                    (共30层)                                                                      | 2016年建 |                                3室2厅 | 85.06平米                                  | 东南,http://s1.ljcdn.com/pegasus/redskull/images/common/default_house_list.png?_v=202101261829353
20210126,龙岗区,坪地,此房带入户花园，户型方正实用，看小区湖景，视野开阔,300万,中楼层                                    (共8层)                                                                      | 2002年建 |                                3室2厅 | 91.7平米                                  | 东南,http://s1.ljcdn.com/pegasus/redskull/images/common/default_house_list.png?_v=202101261829353
20210126,龙岗区,坪地,龙岗坪地西湖苑别墅 端头部湖景 红本在手,960万,低楼层                                    (共3层)                                                                      | 2003年建 |                                5室2厅 | 252.27平米                                  | 南 北,http://s1.ljcdn.com/pegasus/redskull/images/common/default_house_list.png?_v=202101261829353
20210126,龙岗区,坪地,此房中间楼层，距在建地铁16号线（龙东村委站）200米,510万,低楼层                                    (共33层)                                                                      | 2017年建 |                                4室2厅 | 89.32平米                                  | 南 北,http://ke-image.ljcdn.com/440300-frame/835c61e7-75c6-4c6f-9df8-e47bf45f6bf3.png!m_fill,w_280,h_210,f_jpg?from=ke.com
20210126,龙岗区,坪地,满两小三房，采光好，看田园风景，视野好,400万,高楼层                                    (共24层)                                                                      | 2018年建 |                                3室2厅 | 87.31平米                                  | 西南,http://ke-image.ljcdn.com/440300-frame/1add2a53-adc8-4940-bfea-652348b08141.jpg!m_fill,w_280,h_210,f_jpg?from=ke.com
