20210126,盐田区,梅沙,万科东海岸 4室2厅 东南 南必看好房,730万,中楼层                                    (共15层)                                                                      | 2005年建 |                                4室2厅 | 165.44平米                                  | 东南 南,http://ke-image.ljcdn.com/110000-inspection/pc1_0k810EaIt_1.jpg!m_fill,w_280,h_210,f_jpg?from=ke.com
20210126,盐田区,梅沙,一期安静精装两房，住家舒适，楼层居中，居家好选择必看好房,410万,低楼层                                    (共9层)                                                                      | 2004年建 |                                2室1厅 | 85.74平米                                  | 南,http://ke-image.ljcdn.com/110000-inspection/pc1_StmxBgupR_1.jpg!m_fill,w_280,h_210,f_jpg?from=ke.com
20210126,盐田区,梅沙,万科东海岸清涛阁，业主诚心出售。必看好房,240万,高楼层                                    (共14层)                                                                      | 2004年建 |                                1室1厅 | 57.83平米                                  | 东南,http://ke-image.ljcdn.com/110000-inspection/pc1_9zWv5t5QK_1.jpg!m_fill,w_280,h_210,f_jpg?from=ke.com
20210126,盐田区,梅沙,万科东海岸美湖居，业主诚心出售。环境优美,520万,低楼层                                    (共11层)                                                                      | 2004年建 |                                3室2厅 | 116平米                                  | 西南,http://ke-image.ljcdn.com/110000-inspection/pc1_k3Vdf41G2_1.jpg!m_fill,w_280,h_210,f_jpg?from=ke.com
20210126,盐田区,梅沙,优质房源，适合居住，配套设施齐全,160万,中楼层                                    (共7层)                                                                      | 2002年建 |                                1室0厅 | 45.24平米                                  | 西北,http://ke-image.ljcdn.com/110000-inspection/pc1_4HTDqH47p.jpg!m_fill,w_280,h_210,f_jpg?from=ke.com
20210126,盐田区,梅沙,万科东海岸一高楼层，业主诚心出售。,410万,高楼层                                    (共9层)                                                                      | 2002年建 |                                2室2厅 | 85平米                                  | 东北,http://ke-image.ljcdn.com/110000-inspection/pc1_zFYbrosaQ_1.jpg!m_fill,w_280,h_210,f_jpg?from=ke.com
20210126,盐田区,梅沙,鸿威海怡轩 精装房 户型通透 满五年 生活便利,200万,中楼层                                    (共11层)                                                                      | 2009年建 |                                1室1厅 | 48.22平米                                  | 东南,http://ke-image.ljcdn.com/110000-inspection/pc1_H4UVEghdc_1.jpg!m_fill,w_280,h_210,f_jpg?from=ke.com
20210126,盐田区,梅沙,八十步海寓 3室1厅 东南,350万,中楼层                                    (共5层)                                                                      | 2012年建 |                                3室1厅 | 100.99平米                                  | 东南,http://ke-image.ljcdn.com/110000-inspection/pc1_GcXMdruuR_1.jpg!m_fill,w_280,h_210,f_jpg?from=ke.com
20210126,盐田区,梅沙,精装修 采光通风好 位置好  诚心出售,288万,中楼层                                    (共8层)                                                                      | 2009年建 |                                1室0厅 | 47.84平米                                  | 东南,http://ke-image.ljcdn.com/440300-inspection/prod-bb5e1191-ab3f-4b43-9327-eebec9397081.jpg!m_fill,w_280,h_210,f_jpg?from=ke.com
20210126,盐田区,梅沙,业主诚意出售，看房方便，安静舒适,140万,低楼层                                    (共9层)                                                                      | 2007年建 |                                1室0厅 | 42平米                                  | 东,http://ke-image.ljcdn.com/110000-inspection/pc1_uEXRrUMOL.jpg!m_fill,w_280,h_210,f_jpg?from=ke.com
20210126,盐田区,梅沙,大梅沙全海景大单间，度假生活两不误,300万,高楼层                                    (共4层)                                                                      | 2004年建 |                                1室0厅 | 77.34平米                                  | 南,http://ke-image.ljcdn.com/110000-inspection/pc1_KD4mMstVz.jpg!m_fill,w_280,h_210,f_jpg?from=ke.com
20210126,盐田区,梅沙,万科东海岸 精装两房 户型方正 位置安静 适合居家,420万,低楼层                                    (共9层)                                                                      | 2004年建 |                                2室2厅 | 85.74平米                                  | 南,http://ke-image.ljcdn.com/110000-inspection/pc1_N6q7191Xz_1.jpg!m_fill,w_280,h_210,f_jpg?from=ke.com
20210126,盐田区,梅沙,三房 红本 看房找张将 实用率百分之99.5,449万,高楼层                                    (共8层)                                                                      | 2007年建 |                                3室2厅 | 105平米                                  | 西南,http://ke-image.ljcdn.com/110000-inspection/pc1_Z0Xd9hOmo.jpg!m_fill,w_280,h_210,f_jpg?from=ke.com
20210126,盐田区,梅沙,即将满五唯一，门口带100平公摊露台（小鹏）推荐,320万,中楼层                                    (共8层)                                                                      | 2007年建 |                                2室1厅 | 68.54平米                                  | 西南,http://ke-image.ljcdn.com/440300-inspection/1066e717-98a8-4d60-a58f-27a6d69ffc89_1000.jpg!m_fill,w_280,h_210,f_jpg?from=ke.com
20210126,盐田区,梅沙,云顶天海 精装一房 户型通透 中间楼层 采光好,158万,中楼层                                    (共8层)                                                                      | 2006年建 |                                1室0厅 | 29.43平米                                  | 西南,http://ke-image.ljcdn.com/110000-inspection/pc1_J8sLnl2Nh_1.jpg!m_fill,w_280,h_210,f_jpg?from=ke.com
20210126,盐田区,梅沙,低总价小两房，交通便利，位置居中，过渡好选择,215万,高楼层                                    (共7层)                                                                      | 2002年建 |                                2室1厅 | 65.36平米                                  | 南,http://ke-image.ljcdn.com/110000-inspection/pc1_N91Ys9Wh5.jpg!m_fill,w_280,h_210,f_jpg?from=ke.com
20210126,盐田区,梅沙,业主红本在手，满五税费少，诚心卖的业主。,245万,中楼层                                    (共8层)                                                                      | 2006年建 |                                1室1厅 | 46.7平米                                  | 东南,http://ke-image.ljcdn.com/110000-inspection/pc1_QiU0Ztj6b_1.jpg!m_fill,w_280,h_210,f_jpg?from=ke.com
20210126,盐田区,梅沙,大梅沙花园小区，满五唯一，精装两房，（小鹏）推荐,270万,低楼层                                    (共8层)                                                                      | 2007年建 |                                2室2厅 | 69.92平米                                  | 西南,http://ke-image.ljcdn.com/110000-inspection/pc1_vFgoqNj15_1.jpg!m_fill,w_280,h_210,f_jpg?from=ke.com
20210126,盐田区,梅沙,泊岸朝南大户型 位置安静 户型通透 业主有心卖,600万,低楼层                                    (共11层)                                                                      | 2007年建 |                                4室2厅 | 159平米                                  | 东南,http://ke-image.ljcdn.com/110000-inspection/pc1_DN0gZUgPu_1.jpg!m_fill,w_280,h_210,f_jpg?from=ke.com
20210126,盐田区,梅沙,优品艺墅 自住精装2房 朝南满5年 唯一 诚信卖,350万,低楼层                                    (共8层)                                                                      | 2007年建 |                                2室2厅 | 91.79平米                                  | 南,http://ke-image.ljcdn.com/110000-inspection/pc1_VlCZyqx6C_1.jpg!m_fill,w_280,h_210,f_jpg?from=ke.com
20210126,盐田区,梅沙,精装修 采光通风好 位置好 看房方便  诚心出售,208万,中楼层                                    (共8层)                                                                      | 2009年建 |                                1室1厅 | 49.53平米                                  | 西南,http://ke-image.ljcdn.com/110000-inspection/pc1_wpM9p36kk_1.jpg!m_fill,w_280,h_210,f_jpg?from=ke.com
20210126,盐田区,梅沙,房子满五唯一业主有心卖税费少，高楼层看海景山景,200万,中楼层                                    (共11层)                                                                      | 2009年建 |                                1室0厅 | 48.49平米                                  | 南,http://ke-image.ljcdn.com/110000-inspection/pc1_zxDqKsN2M_1.jpg!m_fill,w_280,h_210,f_jpg?from=ke.com
20210126,盐田区,梅沙,万科东海岸 1室1厅 南,282万,低楼层                                    (共16层)                                                                      | 2008年建 |                                1室1厅 | 60.55平米                                  | 南,http://ke-image.ljcdn.com/110000-inspection/pc1_OJrehU9AH_1.jpg!m_fill,w_280,h_210,f_jpg?from=ke.com
20210126,盐田区,梅沙,《糯家 李慧》优品艺墅 端头位置精装两房 诚意出售,320万,中楼层                                    (共8层)                                                                      | 2007年建 |                                2室2厅 | 74.22平米                                  | 东北,http://ke-image.ljcdn.com/110000-inspection/pc1_4qz6NFAgb_1.jpg!m_fill,w_280,h_210,f_jpg?from=ke.com
20210126,盐田区,梅沙,自住投z两相宜， 业主诚意出售，有钥匙，看房方便,150万,高楼层                                    (共9层)                                                                      | 2007年建 |                                1室0厅 | 41.96平米                                  | 东南,http://ke-image.ljcdn.com/110000-inspection/pc1_w6ae8BSJ0_1.jpg!m_fill,w_280,h_210,f_jpg?from=ke.com
20210126,盐田区,梅沙,满五年 楼层好 采光充足 视野开阔,630万,中楼层                                    (共8层)                                                                      | 2006年建 |                                3室2厅 | 114.95平米                                  | 东南,http://ke-image.ljcdn.com/110000-inspection/pc1_Xbk76VAAk_1.jpg!m_fill,w_280,h_210,f_jpg?from=ke.com
20210126,盐田区,梅沙,梅沙低总价小两房，刚需户型，居家实用，交通便利,230万,低楼层                                    (共11层)                                                                      | 2002年建 |                                2室1厅 | 61.39平米                                  | 东南,http://ke-image.ljcdn.com/110000-inspection/pc1_w3EPNALBw_1.jpg!m_fill,w_280,h_210,f_jpg?from=ke.com
20210126,盐田区,梅沙,品质装修，拎包入户，全海景观已经做好茶室,750万,高楼层                                    (共9层)                                                                      | 2004年建 |                                3室2厅 | 144.01平米                                  | 东南,http://ke-image.ljcdn.com/110000-inspection/pc1_FlElF8vLv_1.jpg!m_fill,w_280,h_210,f_jpg?from=ke.com
20210126,盐田区,梅沙,云顶天海  精装两房独特户型  21年1月满五,280万,中楼层                                    (共8层)                                                                      | 2006年建 |                                2室2厅 | 54.4平米                                  | 东南,http://ke-image.ljcdn.com/110000-inspection/pc1_0JKEa0Adr_1.jpg!m_fill,w_280,h_210,f_jpg?from=ke.com
20210126,盐田区,梅沙,大梅沙优品艺墅大平面精装修，户型通透，看园景,650万,中楼层                                    (共8层)                                                                      | 2007年建 |                                4室3厅 | 176.32平米                                  | 东南,http://ke-image.ljcdn.com/110000-inspection/pc1_HXPP9hQYO_1.jpg!m_fill,w_280,h_210,f_jpg?from=ke.com
20210126,盐田区,梅沙,八十步海寓精装三房，业主急卖，价格可谈,148万,高楼层                                    (共6层)                                                                      | 2012年建 |                                3室0厅 | 62.4平米                                  | 东南 南,http://ke-image.ljcdn.com/110000-inspection/pc1_qCi7Ax6nF_1.jpg!m_fill,w_280,h_210,f_jpg?from=ke.com
20210126,盐田区,梅沙,大梅沙精装修海景3房公寓，直面大海，拎包入住,360万,高楼层                                    (共12层)                                                                      | 2005年建 |                                3室1厅 | 64.11平米                                  | 东南,http://ke-image.ljcdn.com/110000-inspection/pc1_E3GkUUMMa_1.jpg!m_fill,w_280,h_210,f_jpg?from=ke.com
20210126,盐田区,梅沙,满五 大梅沙海滨泊岸雅苑 生活便利 交通方便 度假好房,150万,高楼层                                    (共9层)                                                                      | 2007年建 |                                1室1厅 | 41.96平米                                  | 南 东北,http://ke-image.ljcdn.com/110000-inspection/pc1_h0qj384sF.jpg!m_fill,w_280,h_210,f_jpg?from=ke.com
20210126,盐田区,梅沙,万科东海岸精装三房 南向户型方正 业主自住保养好必看好房,485万,中楼层                                    (共5层)                                                                      | 2002年建 |                                3室2厅 | 112.14平米                                  | 南,http://ke-image.ljcdn.com/110000-inspection/pc1_UDtOlRoJM_1.jpg!m_fill,w_280,h_210,f_jpg?from=ke.com
20210126,盐田区,梅沙,满五年 马峦山下 万科东海岸社区 精装一居 看小区湖景,170万,高楼层                                    (共14层)                                                                      | 2002年建 |                                1室0厅 | 43.9平米                                  | 西北,http://ke-image.ljcdn.com/110000-inspection/pc1_pPuAxdlp2_1.jpg!m_fill,w_280,h_210,f_jpg?from=ke.com
20210126,盐田区,梅沙,海语东园  一房一厅  30平大露台,280万,低楼层                                    (共7层)                                                                      | 2004年建 |                                1室1厅 | 51.26平米                                  | 东北,http://ke-image.ljcdn.com/110000-inspection/pc1_f36knde8f_1.jpg!m_fill,w_280,h_210,f_jpg?from=ke.com
20210126,盐田区,梅沙,本房满五唯一，户型方正，红本在手，无抵押,650万,中楼层                                    (共9层)                                                                      | 2004年建 |                                3室2厅 | 127.45平米                                  | 东南,http://ke-image.ljcdn.com/110000-inspection/pc1_8u4wlhxmH_1.jpg!m_fill,w_280,h_210,f_jpg?from=ke.com
20210126,盐田区,梅沙,大梅沙 湖心岛公寓 满两年 住宅单间 业主诚心出售,140万,中楼层                                    (共5层)                                                                      | 2007年建 |                                1室1厅 | 29.27平米                                  | 东,http://ke-image.ljcdn.com/110000-inspection/pc1_uJHppsvcf_1.jpg!m_fill,w_280,h_210,f_jpg?from=ke.com
20210126,盐田区,梅沙,云顶天海精装单房，有独立洗手间，大梅沙花园小区。,153万,中楼层                                    (共8层)                                                                      | 2006年建 |                                1室1厅 | 29.98平米                                  | 西,http://ke-image.ljcdn.com/110000-inspection/pc1_zTyyKnjpJ_1.jpg!m_fill,w_280,h_210,f_jpg?from=ke.com
20210126,盐田区,梅沙,梅沙独特单间户型   业主诚心卖   交通便利 看房方便,180万,中楼层                                    (共7层)                                                                      | 2002年建 |                                1室0厅 | 45.24平米                                  | 南,http://ke-image.ljcdn.com/110000-inspection/pc1_Wg2bC0QVS_1.jpg!m_fill,w_280,h_210,f_jpg?from=ke.com
20210126,盐田区,梅沙,八十步海寓 2室2厅 南,305万,低楼层                                    (共6层)                                                                      | 2012年建 |                                2室2厅 | 90.67平米                                  | 南,http://ke-image.ljcdn.com/110000-inspection/pc1_Q8mrzvdS9_1.jpg!m_fill,w_280,h_210,f_jpg?from=ke.com
20210126,盐田区,梅沙,湖心岛公寓 70年产权住宅 西班牙风情小镇度假优选,248万,中楼层                                    (共5层)                                                                      | 2007年建 |                                1室0厅 | 61.07平米                                  | 南,http://ke-image.ljcdn.com/110000-inspection/pc1_kC9KdwWKU_1.jpg!m_fill,w_280,h_210,f_jpg?from=ke.com
20210126,盐田区,梅沙,泊岸雅苑一房诚售，红本70年产权，置业上选！,150万,高楼层                                    (共9层)                                                                      | 2007年建 |                                1室0厅 | 41.92平米                                  | 北,http://ke-image.ljcdn.com/110000-inspection/pc1_3PbUUM6i7_1.jpg!m_fill,w_280,h_210,f_jpg?from=ke.com
20210126,盐田区,梅沙,盐田大梅沙马峦山下海阔凌海公寓高层看海精装修,120万,高楼层                                    (共8层)                                                                      | 2004年建 |                                1室1厅 | 47.63平米                                  | 南,http://ke-image.ljcdn.com/110000-inspection/pc1_kJbQhCvG9_1.jpg!m_fill,w_280,h_210,f_jpg?from=ke.com
20210126,盐田区,梅沙,大三房舒适住宅，梅沙优质住宅。,700万,中楼层                                    (共9层)                                                                      | 2004年建 |                                3室2厅 | 144.01平米                                  | 东南,http://ke-image.ljcdn.com/110000-inspection/pc1_q9XD1gkyW_1.jpg!m_fill,w_280,h_210,f_jpg?from=ke.com
20210126,盐田区,梅沙,海世界 一线海景房，可拎包入住，价格便宜,225万,低楼层                                    (共12层)                                                                      | 2005年建 |                                1室1厅 | 49.05平米                                  | 东南,http://ke-image.ljcdn.com/440300-inspection/pc1_mxbArLi7E.jpg!m_fill,w_280,h_210,f_jpg?from=ke.com
20210126,盐田区,梅沙,梅沙二手度假公寓 精美装修 价格可议 价高者得,230万,低楼层                                    (共11层)                                                                      | 2002年建 |                                2室1厅 | 57.71平米                                  | 南,http://ke-image.ljcdn.com/440300-inspection/pc1_3QfiSC9st_1.jpg!m_fill,w_280,h_210,f_jpg?from=ke.com
20210126,盐田区,梅沙,满五房源居住与休闲于一体，闹中取静生活配套设施齐全,279万,高楼层                                    (共5层)                                                                  1室1厅 | 54.5平米                                  | 南 西南,http://ke-image.ljcdn.com/440300-inspection/pc1_mDsFN1Ywl_1.jpg!m_fill,w_280,h_210,f_jpg?from=ke.com
20210126,盐田区,梅沙,心海假日，大梅沙海边的家，离海300米,158.8万,中楼层                                    (共7层)                                                                      | 2002年建 |                                1室0厅 | 45.24平米                                  | 南,http://ke-image.ljcdn.com/110000-inspection/pc1_oD7TQfcuq_1.jpg!m_fill,w_280,h_210,f_jpg?from=ke.com
20210126,盐田区,梅沙,满5年红本在手，景色优美环境好,250万,中楼层                                    (共5层)                                                                      | 2012年建 |                                3室1厅 | 75.92平米                                  | 东南,http://ke-image.ljcdn.com/440300-inspection/pc1_dLY9xLlP4_1.jpg!m_fill,w_280,h_210,f_jpg?from=ke.com
20210126,盐田区,梅沙,心海假日 临海公寓 方正实用 总价低,155万,中楼层                                    (共7层)                                                                      | 2002年建 |                                1室0厅 | 45.24平米                                  | 南,http://ke-image.ljcdn.com/440300-inspection/pc1_P74oMe2JK_1.jpg!m_fill,w_280,h_210,f_jpg?from=ke.com
20210126,盐田区,梅沙,东海岸3期正南向2房 很安静适合住家，红本在手,410万,低楼层                                    (共15层)                                                                      | 2005年建 |                                2室2厅 | 80.94平米                                  | 东南,http://ke-image.ljcdn.com/440300-inspection/pc1_LBlbj7Gn0_1.jpg!m_fill,w_280,h_210,f_jpg?from=ke.com
20210126,盐田区,梅沙,东海岸一期少有的朝南三房，装修保养好，价格实惠,600万,中楼层                                    (共5层)                                                                      | 2002年建 |                                3室2厅 | 115.22平米                                  | 南,http://ke-image.ljcdn.com/440300-inspection/pc1_hDROmwK8C_1.jpg!m_fill,w_280,h_210,f_jpg?from=ke.com
20210126,盐田区,梅沙,罗湖东盐田大梅沙低总价看海景红本满五年急售,113万,中楼层                                    (共8层)                                                                      | 2004年建 |                                1室1厅 | 38.3平米                                  | 南,http://ke-image.ljcdn.com/110000-inspection/pc1_yxKZ9jUq0_1.jpg!m_fill,w_280,h_210,f_jpg?from=ke.com
20210126,盐田区,梅沙,八十步海寓 小区环境优美花园大社区,160万,中楼层                                    (共5层)                                                                      | 2012年建 |                                1室0厅 | 55.05平米                                  | 西南,http://ke-image.ljcdn.com/440300-inspection/pc1_sf2N8TzlV_1.jpg!m_fill,w_280,h_210,f_jpg?from=ke.com
20210126,盐田区,梅沙,泊岸大三房 户型方正 业主诚心出售,545万,低楼层                                    (共11层)                                                                      | 2007年建 |                                3室1厅 | 115平米                                  | 东南,http://ke-image.ljcdn.com/440300-inspection/0d4a2b88-e10c-433f-93a5-808cff8cdeef_1000.jpg!m_fill,w_280,h_210,f_jpg?from=ke.com
20210126,盐田区,梅沙,八十步海寓 小区环境优美花园大社区   满5红本。,200万,中楼层                                    (共5层)                                                                      | 2012年建 |                                1室1厅 | 62.18平米                                  | 东南 西 西北,http://ke-image.ljcdn.com/440300-inspection/prod-acc3d8c9-08ab-406a-9139-fa353aa0cde8.jpg!m_fill,w_280,h_210,f_jpg?from=ke.com
20210126,盐田区,梅沙,我与大海有个约会 大梅沙奥特莱斯大公寓,205万,中楼层                                    (共6层)                                                                      | 2012年建 |                                2室2厅 | 64.38平米                                  | 东南,http://ke-image.ljcdn.com/440300-inspection/pc1_7yLKBEql7.jpg!m_fill,w_280,h_210,f_jpg?from=ke.com
20210126,盐田区,梅沙,直面大海，春暖花开。海边小公寓，惬意生活的开始。,230万,低楼层                                    (共12层)                                                                      | 2005年建 |                                1室0厅 | 50平米                                  | 东南,http://ke-image.ljcdn.com/440300-inspection/prod-edaa1186-2238-47c7-b86f-71fd71f67efc.jpg!m_fill,w_280,h_210,f_jpg?from=ke.com
20210126,盐田区,梅沙,满五年，万科东海岸成熟大社区，绿化好，住家舒服,650万,中楼层                                    (共9层)                                                                      | 2004年建 |                                3室2厅 | 127.4平米                                  | 南,http://ke-image.ljcdn.com/440300-inspection/prod-b0dc9381-6746-47f7-984b-83e93bd81bcb.jpg!m_fill,w_280,h_210,f_jpg?from=ke.com
20210126,盐田区,梅沙,优品艺墅精装两房 与海为邻生活配套完善,310万,中楼层                                    (共8层)                                                                      | 2007年建 |                                2室2厅 | 74平米                                  | 西南 东北,http://ke-image.ljcdn.com/110000-inspection/pc1_TxDr8PhHM_1.jpg!m_fill,w_280,h_210,f_jpg?from=ke.com
20210126,盐田区,梅沙,海阔凌海公寓   70年住宅公寓 一房一厅环境好 总价低,128万,低楼层                                    (共8层)                                                                      | 2004年建 |                                1室1厅 | 51.74平米                                  | 东南,http://ke-image.ljcdn.com/440300-inspection/pc1_sJ7OyVVlJ_1.jpg!m_fill,w_280,h_210,f_jpg?from=ke.com
20210126,盐田区,梅沙,湖心岛2房住宅 西班牙风情 度假优选 湖景居家 满五年,320万,中楼层                                    (共5层)                                                                      | 2007年建 |                                2室1厅 | 80.18平米                                  | 东北,http://ke-image.ljcdn.com/440300-inspection/prod-032606a4-267b-4088-bc19-8a81eede11cd.jpg!m_fill,w_280,h_210,f_jpg?from=ke.com
20210126,盐田区,梅沙,东海岸三期  品质装修 全海景3+1房,720万,低楼层                                    (共15层)                                                                      | 2007年建 |                                3室2厅 | 165.23平米                                  | 东南,http://ke-image.ljcdn.com/440300-inspection/test-c275ccb8-2076-4bdf-a993-36f96d1525de.png!m_fill,w_280,h_210,f_jpg?from=ke.com
20210126,盐田区,梅沙,海景两房，小资物业，舒适住家，度假优选,260万,中楼层                                    (共5层)                                                                      | 2004年建 |                                2室2厅 | 79.86平米                                  | 南,http://ke-image.ljcdn.com/440300-inspection/test-dbd653b9-bdb7-40a3-8804-76565ac8403e.jpg!m_fill,w_280,h_210,f_jpg?from=ke.com
20210126,盐田区,梅沙,东海岸高楼层一房一厅，过度好选择，看小区泳池景观,250万,高楼层                                    (共14层)                                                                      | 2004年建 |                                1室1厅 | 57.82平米                                  | 北,http://ke-image.ljcdn.com/440300-inspection/pc1_KVFyH0uA8_1.jpg!m_fill,w_280,h_210,f_jpg?from=ke.com
20210126,盐田区,梅沙,大梅沙奥特莱斯旁三房，住家新选择,440万,低楼层                                    (共8层)                                                                      | 2007年建 |                                3室2厅 | 98.44平米                                  | 西南,http://ke-image.ljcdn.com/440300-inspection/prod-2380105a-6075-4933-8984-ac8a7e8c201f.jpg!m_fill,w_280,h_210,f_jpg?from=ke.com
20210126,盐田区,梅沙,湖心岛公寓 两房 满五年 西班牙风情小镇度假优选湖景,410万,中楼层                                    (共5层)                                                                  2室1厅 | 106.55平米                                  | 南,http://ke-image.ljcdn.com/110000-inspection/pc1_fCy3pE92i_1.jpg!m_fill,w_280,h_210,f_jpg?from=ke.com
20210126,盐田区,梅沙,泊岸雅苑 一房一厅 大面积 与海为邻 度假小区 满二年,240万,中楼层                                    (共9层)                                                                      | 2007年建 |                                1室1厅 | 59.42平米                                  | 东南,http://ke-image.ljcdn.com/440300-inspection/pc1_mWzhUfWt1_1.jpg!m_fill,w_280,h_210,f_jpg?from=ke.com
20210126,盐田区,梅沙,万科二期  大平层海景 采光通风好 格局实用 看房方便,800万,中楼层                                    (共9层)                                                                      | 2004年建 |                                4室2厅 | 165.43平米                                  | 南,http://ke-image.ljcdn.com/440300-inspection/pc1_yhVGttlr8_1.jpg!m_fill,w_280,h_210,f_jpg?from=ke.com
20210126,盐田区,梅沙,万科一期 园林小区 满五年 安静舒适 刚需居家,500万,低楼层                                    (共11层)                                                                      | 2004年建 |                                3室2厅 | 112.7平米                                  | 南,http://ke-image.ljcdn.com/110000-inspection/pc1_CTN7GDLTv_1.jpg!m_fill,w_280,h_210,f_jpg?from=ke.com
20210126,盐田区,梅沙,湖心岛公寓满5年70年产权住宅  下楼就是奥特莱斯,240万,中楼层                                    (共5层)                                                                      | 2007年建 |                                1室0厅 | 62.03平米                                  | 南,http://ke-image.ljcdn.com/440300-inspection/pc1_m6bxMMv4W_1.jpg!m_fill,w_280,h_210,f_jpg?from=ke.com
20210126,盐田区,梅沙,云顶天海56平一房一厅 红本在手 户型方正 满五年,280万,中楼层                                    (共8层)                                                                      | 2006年建 |                                1室1厅 | 56.62平米                                  | 东 北,http://ke-image.ljcdn.com/110000-inspection/pc1_ipZxgKx9V_1.jpg!m_fill,w_280,h_210,f_jpg?from=ke.com
20210126,盐田区,梅沙,值得买的房子 带100平露台 5房 专属电梯到家必看好房,998万,中楼层                                    (共4层)                                                                      | 2008年建 |                                5室2厅 | 280.89平米                                  | 东南,http://ke-image.ljcdn.com/110000-inspection/pc1_ddJUlxllt_1.jpg!m_fill,w_280,h_210,f_jpg?from=ke.com
20210126,盐田区,梅沙,速度要快！带80平大露台4大房 可减免个税必看好房,730万,低楼层                                    (共9层)                                                                      | 2004年建 |                                4室2厅 | 165.49平米                                  | 东南,http://ke-image.ljcdn.com/110000-inspection/pc1_0dHPmKYaq_1.jpg!m_fill,w_280,h_210,f_jpg?from=ke.com
20210126,盐田区,梅沙,戎马一生 终得一墅 单边位 带天台花园必看好房,1320万,低楼层                                    (共2层)                                                                      | 2006年建 |                                5室2厅 | 205.71平米                                  | 南,http://ke-image.ljcdn.com/110000-inspection/pc1_F9ipUsAC6_1.jpg!m_fill,w_280,h_210,f_jpg?from=ke.com
20210126,盐田区,梅沙,高层复式两房，正南朝向，南北通，精装修，满五年税少必看好房,360万,高楼层                                    (共13层)                                                                      | 2005年建 |                                2室1厅 | 74.56平米                                  | 南,http://ke-image.ljcdn.com/110000-inspection/pc1_G895PMIjW_1.jpg!m_fill,w_280,h_210,f_jpg?from=ke.com
20210126,盐田区,梅沙,天麓六区一楼复式洋房，共三层，花园300平，看湖景。,1350万,低楼层                                    (共6层)                                                                  5室2厅 | 234.06平米                                  | 西北,http://ke-image.ljcdn.com/110000-inspection/pc1_eHCr3ONRL_1.jpg!m_fill,w_280,h_210,f_jpg?from=ke.com
20210126,盐田区,梅沙,顶楼复式，超大观海阳台，楼上2个套房，实用率高,518万,高楼层                                    (共12层)                                                                      | 2005年建 |                                2室1厅 | 63.4平米                                  | 西南,http://ke-image.ljcdn.com/110000-inspection/pc1_5GnR8UPKJ_1.jpg!m_fill,w_280,h_210,f_jpg?from=ke.com
20210126,盐田区,梅沙,海阔凌海 与海为邻 生活配套成熟 一楼带大露台,165万,低楼层                                    (共8层)                                                                  2室1厅 | 56.03平米                                  | 东南,http://ke-image.ljcdn.com/110000-inspection/pc1_DgLpUkc9P_1.jpg!m_fill,w_280,h_210,f_jpg?from=ke.com
20210126,盐田区,梅沙,心海伽蓝， 复式， 配套齐全。,330万,低楼层                                    (共14层)                                                                      | 2005年建 |                                1室1厅 | 74.63平米                                  | 南,http://ke-image.ljcdn.com/110000-inspection/pc1_j6QEvejqP_1.jpg!m_fill,w_280,h_210,f_jpg?from=ke.com
20210126,盐田区,梅沙,爱琴湾，业主诚心出售，2600万。,2600万,低楼层                                    (共3层)                                                                      | 2007年建 |                                6室2厅 | 241.03平米                                  | 南,http://ke-image.ljcdn.com/110000-inspection/pc1_XXBbZZHRQ_1.jpg!m_fill,w_280,h_210,f_jpg?from=ke.com
20210126,盐田区,梅沙,天琴湾 3室2厅 南,1300万,中楼层                                    (共5层)                                                                      | 2004年建 |                                3室2厅 | 116平米                                  | 南,http://ke-image.ljcdn.com/110000-inspection/pc1_row7pplMo.jpg!m_fill,w_280,h_210,f_jpg?from=ke.com
20210126,盐田区,梅沙,该物业不占用购房指标山海大宅两梯两户看湖心岛湖景,1680万,低楼层                                    (共9层)                                                                  4室2厅 | 264.82平米                                  | 东北,http://ke-image.ljcdn.com/110000-inspection/pc1_YKbD75il2_1.jpg!m_fill,w_280,h_210,f_jpg?from=ke.com
20210126,盐田区,梅沙,鸿威海怡轩 1室1厅 南新上,350万,中楼层                                    (共11层)                                                                      | 2009年建 |                                1室1厅 | 73.22平米                                  | 南,http://ke-image.ljcdn.com/110000-inspection/pc1_fgXnr5JT4_1.jpg!m_fill,w_280,h_210,f_jpg?from=ke.com
20210126,盐田区,梅沙,顶楼复式2房 实用很好 看海稀有户型 外地人都可买,238万,高楼层                                    (共5层)                                                                      | 2012年建 |                                2室2厅 | 49.47平米                                  | 东南,http://ke-image.ljcdn.com/110000-inspection/pc1_cYb5V9vza_1.jpg!m_fill,w_280,h_210,f_jpg?from=ke.com
20210126,盐田区,梅沙,优品艺墅 1室1厅 西南,270万,中楼层                                    (共8层)                                                                      | 2007年建 |                                1室1厅 | 66.87平米                                  | 西南,http://ke-image.ljcdn.com/110000-inspection/pc1_6BaSQOFiw_1.jpg!m_fill,w_280,h_210,f_jpg?from=ke.com
20210126,盐田区,梅沙,倚天阁，业主诚心急出售，半山看海景。,360万,低楼层                                    (共5层)                                                                  1室1厅 | 85.7平米                                  | 南 北,http://ke-image.ljcdn.com/110000-inspection/pc1_F4DopaZMC_1.jpg!m_fill,w_280,h_210,f_jpg?from=ke.com
20210126,盐田区,梅沙,京基天涛轩 8室4厅 东南,6800万,低楼层                                    (共3层)                                                                      | 2010年建 |                                8室4厅 | 398.87平米                                  | 东南,http://ke-image.ljcdn.com/110000-inspection/pc1_c2ZyrkycW_1.jpg!m_fill,w_280,h_210,f_jpg?from=ke.com
20210126,盐田区,梅沙,满五年免增值税，一步亲海，楼层高、视野好,380万,中楼层                                    (共11层)                                                                      | 2002年建 |                                2室1厅 | 77.27平米                                  | 南,http://ke-image.ljcdn.com/110000-inspection/pc1_zv3Lkfg6N_1.jpg!m_fill,w_280,h_210,f_jpg?from=ke.com
20210126,盐田区,梅沙,八十步海寓，楼下奥特莱斯购物，业主诚心出售。,200万,中楼层                                    (共6层)                                                                      | 2012年建 |                                1室1厅 | 73.62平米                                  | 西南,http://ke-image.ljcdn.com/110000-inspection/pc1_l7g6XpwTo_1.jpg!m_fill,w_280,h_210,f_jpg?from=ke.com
20210126,盐田区,梅沙,八十步海寓，业主诚心出售，环境好,360万,中楼层                                    (共5层)                                                                      | 2012年建 |                                2室1厅 | 99.78平米                                  | 西南,http://ke-image.ljcdn.com/110000-inspection/pc1_2vR5PxI69_1.jpg!m_fill,w_280,h_210,f_jpg?from=ke.com
20210126,盐田区,梅沙,房子满5年，独特单间，户型方正实用，业主诚心卖。,180万,高楼层                                    (共7层)                                                                      | 2002年建 |                                1室0厅 | 51.17平米                                  | 东南,http://ke-image.ljcdn.com/110000-inspection/pc1_i75LHfuII_1.jpg!m_fill,w_280,h_210,f_jpg?from=ke.com
20210126,盐田区,梅沙,大梅沙湖边小镇，环境优美，业主诚意出售,240万,中楼层                                    (共6层)                                                                      | 2012年建 |                                1室1厅 | 64.89平米                                  | 南,http://ke-image.ljcdn.com/110000-inspection/pc1_jSf6GRmJS_1.jpg!m_fill,w_280,h_210,f_jpg?from=ke.com
20210126,盐田区,梅沙,奥特莱斯园区内，会所设计，业主红本在手,700万,中楼层                                    (共5层)                                                                      | 2012年建 |                                1室2厅 | 129.3平米                                  | 南,http://ke-image.ljcdn.com/110000-inspection/pc1_yXBy88NWq_1.jpg!m_fill,w_280,h_210,f_jpg?from=ke.com
20210126,盐田区,梅沙,奥特莱斯顶层公寓  湖景房 红本在手,230万,高楼层                                    (共5层)                                                                      | 1995年建 |                                1室1厅 | 51.3平米                                  | 西南,http://ke-image.ljcdn.com/110000-inspection/pc1_Sg8ZsGVIL_1.jpg!m_fill,w_280,h_210,f_jpg?from=ke.com
20210126,盐田区,梅沙,大梅沙复式住宅，7米挑高客厅，配套齐全，可以看海。,350万,高楼层                                    (共13层)                                                                      | 2005年建 |                                2室2厅 | 74.56平米                                  | 东南,http://ke-image.ljcdn.com/110000-inspection/pc1_BS4ErpfAX_1.jpg!m_fill,w_280,h_210,f_jpg?from=ke.com
20210126,盐田区,梅沙,大梅沙水云间 精装复式房 看海景位置安静 宜居家,265万,高楼层                                    (共11层)                                                                      | 2002年建 |                                1室1厅 | 55.4平米                                  | 西南,http://ke-image.ljcdn.com/110000-inspection/pc1_SZoWiBL8w_1.jpg!m_fill,w_280,h_210,f_jpg?from=ke.com
20210126,盐田区,梅沙,二期191大平层，一线全海景，中高楼层无遮挡，推荐,960万,高楼层                                    (共16层)                                                                  4室2厅 | 190.51平米                                  | 南,http://ke-image.ljcdn.com/110000-inspection/42faa2bd-8ca3-4b39-8bf7-3b002d35a946_1000.jpg!m_fill,w_280,h_210,f_jpg?from=ke.com
20210126,盐田区,梅沙,此房满五年不唯一，格局好，景观宜人,1399万,低楼层                                    (共1层)                                                                      | 2005年建 |                                4室2厅 | 213.19平米                                  | 东南,http://ke-image.ljcdn.com/110000-inspection/pc1_K7r9GPZYy_1.jpg!m_fill,w_280,h_210,f_jpg?from=ke.com
20210126,盐田区,梅沙,刚需好房，高楼层，全海景，业主诚意卖,550万,高楼层                                    (共16层)                                                                      | 2008年建 |                                2室1厅 | 88.82平米                                  | 南,http://ke-image.ljcdn.com/110000-inspection/pc1_fatYgVuXH_1.jpg!m_fill,w_280,h_210,f_jpg?from=ke.com
20210126,盐田区,梅沙,梅沙1号（看山看湖4+1房 总裁套房）专梯入户,1300万,低楼层                                    (共9层)                                                                      | 2009年建 |                                5室2厅 | 271.18平米                                  | 东南,http://ke-image.ljcdn.com/440300-inspection/prod-55cc912e-37fc-47d8-87e5-2a4372ea59b6.jpg!m_fill,w_280,h_210,f_jpg?from=ke.com
20210126,盐田区,梅沙,大梅沙 水云间雅居 临海物业 度假 刚需,235万,高楼层                                    (共11层)                                                                      | 2002年建 |                                1室1厅 | 57.5平米                                  | 东南,http://ke-image.ljcdn.com/110000-inspection/pc1_ktz1PTAMK.jpg!m_fill,w_280,h_210,f_jpg?from=ke.com
20210126,盐田区,梅沙,梅沙万科东海岸，业主诚心放卖，满五红本，看房方便,2680万,低楼层                                    (共7层)                                                                      | 2004年建 |                                8室2厅 | 518.45平米                                  | 东南,http://ke-image.ljcdn.com/110000-inspection/pc1_FfElAHYQC_1.jpg!m_fill,w_280,h_210,f_jpg?from=ke.com
20210126,盐田区,梅沙,大梅沙 水云间雅居 临海物业 度假 刚需,198万,低楼层                                    (共11层)                                                                      | 2002年建 |                                1室1厅 | 55.23平米                                  | 东南,http://ke-image.ljcdn.com/110000-inspection/pc1_ga0DQO64n_1.jpg!m_fill,w_280,h_210,f_jpg?from=ke.com
20210126,盐田区,梅沙,万科东海岸三期，满五，红本在手，业主诚心出售,715万,低楼层                                    (共15层)                                                                      | 2007年建 |                                4室2厅 | 165.61平米                                  | 南,http://ke-image.ljcdn.com/110000-inspection/pc1_JJPO002oh_1.jpg!m_fill,w_280,h_210,f_jpg?from=ke.com
20210126,盐田区,梅沙,满10年水云间 闲坐厅前观沧海 静卧室内眺马峦,250万,高楼层                                    (共11层)                                                                      | 2002年建 |                                1室1厅 | 51.4平米                                  | 南,http://ke-image.ljcdn.com/110000-inspection/pc1_ZBaRdp7ry_1.jpg!m_fill,w_280,h_210,f_jpg?from=ke.com
20210126,盐田区,梅沙,大梅沙马峦山下爱琴湾联排别墅端头位看海精装诚意出售,1750万,低楼层                                    (共3层)                                                                  4室2厅 | 215.67平米                                  | 东南,http://ke-image.ljcdn.com/110000-inspection/pc1_Cdp6sxHto_1.jpg!m_fill,w_280,h_210,f_jpg?from=ke.com
20210126,盐田区,梅沙,新装房源，复式结构，畅享梅沙优质生活,700万,低楼层                                    (共14层)                                                                      | 2004年建 |                                3室2厅 | 143.5平米                                  | 东南,http://ke-image.ljcdn.com/110000-inspection/pc1_IQaMxpfmU_1.jpg!m_fill,w_280,h_210,f_jpg?from=ke.com
20210126,盐田区,梅沙,《德佑 丁永锟》满五住宅 会所设计 价格还有空间,2300万,高楼层                                    (共11层)                                                                      | 2002年建 |                                6室4厅 | 463.74平米                                  | 南,http://ke-image.ljcdn.com/110000-inspection/pc1_QalKlW9rx_1.jpg!m_fill,w_280,h_210,f_jpg?from=ke.com
20210126,盐田区,梅沙,马峦山下大梅沙海滩爱琴湾双拼别墅满五唯一红本在手,1850万,低楼层                                    (共2层)                                                                  6室3厅 | 239.85平米                                  | 东南,http://ke-image.ljcdn.com/110000-inspection/pc1_AkiA5BNCW_1.jpg!m_fill,w_280,h_210,f_jpg?from=ke.com
20210126,盐田区,梅沙,湖景大平层，低调，带大露台，户型方正好用，两梯两户,1350万,中楼层                                    (共10层)                                                                  5室2厅 | 256.3平米                                  | 东南,http://ke-image.ljcdn.com/440300-inspection/pc1_Bkrg33iXR_1.jpg!m_fill,w_280,h_210,f_jpg?from=ke.com
20210126,盐田区,梅沙,湖景大宅，全新毛坯房，不限房名,1350万,中楼层                                    (共10层)                                                                  4室2厅 | 254.16平米                                  | 东南,http://ke-image.ljcdn.com/110000-inspection/pc1_t6jIYxqq9_1.jpg!m_fill,w_280,h_210,f_jpg?from=ke.com
20210126,盐田区,梅沙,梅沙一号 大户型 看湖景 位置安静 交通便利,1200万,低楼层                                    (共9层)                                                                  5室2厅 | 260.05平米                                  | 东南,http://ke-image.ljcdn.com/110000-inspection/pc1_YJEKZLuZF_1.jpg!m_fill,w_280,h_210,f_jpg?from=ke.com
20210126,盐田区,梅沙,该物业不占用购房指标，纯板式山海大宅两梯两户看湖景,1780万,高楼层                                    (共9层)                                                                      | 2013年建 |                                5室2厅 | 251.02平米                                  | 东南,http://ke-image.ljcdn.com/110000-inspection/pc1_jM0yH7a7B_1.jpg!m_fill,w_280,h_210,f_jpg?from=ke.com
20210126,盐田区,梅沙,此房满两年 全新装修 度假 刚需 户型方正，配套成熟,285万,高楼层                                    (共11层)                                                                      | 2002年建 |                                2室1厅 | 53.84平米                                  | 东南,http://ke-image.ljcdn.com/110000-inspection/pc1_D308Tkc5L_1.jpg!m_fill,w_280,h_210,f_jpg?from=ke.com
20210126,盐田区,梅沙,水云间高层海景复式 住宅 精装,260万,高楼层                                    (共11层)                                                                      | 2002年建 |                                1室1厅 | 73平米                                  | 南,http://ke-image.ljcdn.com/440300-inspection/pc1_Catn74Zu1_1.jpg!m_fill,w_280,h_210,f_jpg?from=ke.com
20210126,盐田区,梅沙,天麓三区端头别墅 满五年 看海景 看房方便,2000万,低楼层                                    (共2层)                                                                  5室2厅 | 241.91平米                                  | 南,http://ke-image.ljcdn.com/110000-inspection/pc1_Zx9gFcDd8_1.jpg!m_fill,w_280,h_210,f_jpg?from=ke.com
20210126,盐田区,梅沙,带大露台的海景洋房，小资物业，规范社区，居家度假,760万,中楼层                                    (共4层)                                                                      | 2004年建 |                                2室2厅 | 75.7平米                                  | 东南,http://ke-image.ljcdn.com/110000-inspection/pc1_FOWHOK3TM_1.jpg!m_fill,w_280,h_210,f_jpg?from=ke.com
20210126,盐田区,梅沙,该物业不占用购房指标，纯板式山海大宅两梯两户看湖景,1850万,中楼层                                    (共9层)                                                                      | 2013年建 |                                5室2厅 | 266.43平米                                  | 东南,http://ke-image.ljcdn.com/110000-inspection/pc1_3gS7WFqcs_1.jpg!m_fill,w_280,h_210,f_jpg?from=ke.com
20210126,盐田区,梅沙,大梅沙海滨 泊岸雅苑 生活便利 交通方便 度假好房,180万,高楼层                                    (共9层)                                                                      | 2007年建 |                                1室0厅 | 41.96平米                                  | 东北,http://ke-image.ljcdn.com/110000-inspection/pc1_PKFb89Zo8_1.jpg!m_fill,w_280,h_210,f_jpg?from=ke.com
20210126,盐田区,梅沙,天琴湾带大露台海景房，精装修，看海景,2300万,高楼层                                    (共6层)                                                                  3室2厅 | 162.08平米                                  | 西南,http://ke-image.ljcdn.com/110000-inspection/pc1_QdLXuHsyc_1.jpg!m_fill,w_280,h_210,f_jpg?from=ke.com
20210126,盐田区,梅沙,盐田区爱琴湾联排别墅靠山观海满五年唯一精装带电梯,2000万,低楼层                                    (共3层)                                                                  12室2厅 | 220.41平米                                  | 东南,http://ke-image.ljcdn.com/110000-inspection/pc1_LUTmweii0_1.jpg!m_fill,w_280,h_210,f_jpg?from=ke.com
20210126,盐田区,梅沙,梅沙1号（看山看湖4+1房 总裁套房）专梯入户,1900万,低楼层                                    (共10层)                                                                  5室4厅 | 329.7平米                                  | 南 北,http://ke-image.ljcdn.com/110000-inspection/pc1_R281yTfFD_1.jpg!m_fill,w_280,h_210,f_jpg?from=ke.com
20210126,盐田区,梅沙,天麓九区中式庭院别墅，超大实用，花园500平，双车库,1800万,低楼层                                    (共1层)                                                                  4室2厅 | 258.9平米                                  | 东南,http://ke-image.ljcdn.com/110000-inspection/pc1_hvI9AU4Hn_1.jpg!m_fill,w_280,h_210,f_jpg?from=ke.com
20210126,盐田区,梅沙,大梅沙马峦山下一线海景联排别墅满五年随时签约,2000万,低楼层                                    (共3层)                                                                      | 2010年建 |                                9室3厅 | 237.76平米                                  | 东南,http://ke-image.ljcdn.com/110000-inspection/pc1_FKKlEi3Sg_1.jpg!m_fill,w_280,h_210,f_jpg?from=ke.com
20210126,盐田区,梅沙,京基天涛轩独栋海景，花园300平，带泳池，看海景,3300万,低楼层                                    (共3层)                                                                      | 2010年建 |                                6室2厅 | 398.87平米                                  | 东,http://ke-image.ljcdn.com/110000-inspection/pc1_tIyIAH4JD_1.jpg!m_fill,w_280,h_210,f_jpg?from=ke.com
20210126,盐田区,梅沙,万科东海岸一线海景房，看山、看海、看园林您要的都有,1180万,高楼层                                    (共11层)                                                                      | 2004年建 |                                5室2厅 | 199.41平米                                  | 东南,http://ke-image.ljcdn.com/110000-inspection/pc1_y2nvdZYg6_1.jpg!m_fill,w_280,h_210,f_jpg?from=ke.com
20210126,盐田区,梅沙,全新装修，小资复式，看房方便。,450万,低楼层                                    (共13层)                                                                      | 2005年建 |                                2室2厅 | 101.56平米                                  | 西南 西,http://ke-image.ljcdn.com/110000-inspection/d06d25e7-3042-43c7-a4b3-9a86c25f30e5_1000.jpg!m_fill,w_280,h_210,f_jpg?from=ke.com
20210126,盐田区,梅沙,泊岸雅苑  大开间 红本在手  业主换房 诚心出售,160万,中楼层                                    (共9层)                                                                      | 2007年建 |                                1室0厅 | 41.92平米                                  | 东南,http://ke-image.ljcdn.com/110000-inspection/pc1_4uQPmmPTb_1.jpg!m_fill,w_280,h_210,f_jpg?from=ke.com
20210126,盐田区,梅沙,房子满五唯一，税费少，业主诚信卖,360万,中楼层                                    (共13层)                                                                      | 2005年建 |                                2室2厅 | 74.85平米                                  | 西南,http://ke-image.ljcdn.com/110000-inspection/pc1_Yom95zi9C_1.jpg!m_fill,w_280,h_210,f_jpg?from=ke.com
20210126,盐田区,梅沙,满五唯一 业主急卖 万科天琴湾 一线海景 身份的象征,2200万,中楼层                                    (共4层)                                                                      | 2004年建 |                                4室2厅 | 214.73平米                                  | 东南,http://ke-image.ljcdn.com/110000-inspection/pc1_d7UysMLvq_1.jpg!m_fill,w_280,h_210,f_jpg?from=ke.com
20210126,盐田区,梅沙,《糯家李慧推荐》 东海岸湖边双拼别墅  实用高,1890万,低楼层                                    (共1层)                                                                      | 2002年建 |                                5室3厅 | 247.87平米                                  | 东南,http://ke-image.ljcdn.com/110000-inspection/pc1_UcaAQCvwi_1.jpg!m_fill,w_280,h_210,f_jpg?from=ke.com
20210126,盐田区,梅沙,水云间雅居 1室1厅 南 北,270万,高楼层                                    (共11层)                                                                      | 2002年建 |                                1室1厅 | 57.53平米                                  | 南 北,http://ke-image.ljcdn.com/110000-inspection/pc1_dBwDkHcPq_1.jpg!m_fill,w_280,h_210,f_jpg?from=ke.com
20210126,盐田区,梅沙,盐田大梅沙心海伽蓝满二年低楼层马峦山下临海滩,480万,低楼层                                    (共14层)                                                                      | 2005年建 |                                4室2厅 | 101.26平米                                  | 南,http://ke-image.ljcdn.com/110000-inspection/pc1_EfeXVgpsv_1.jpg!m_fill,w_280,h_210,f_jpg?from=ke.com
20210126,盐田区,梅沙,东海岸一期联排别墅  上下四层  地下室已处理好,1800万,低楼层                                    (共1层)                                                                      | 2004年建 |                                5室3厅 | 200平米                                  | 南 北,http://ke-image.ljcdn.com/110000-inspection/pc1_vnT82hISs_1.jpg!m_fill,w_280,h_210,f_jpg?from=ke.com
20210126,盐田区,梅沙,盐田大梅沙马峦山下水云间雅居两居室高楼层视野景观好,280万,中楼层                                    (共11层)                                                                      | 2002年建 |                                1室1厅 | 57.53平米                                  | 南,http://ke-image.ljcdn.com/110000-inspection/pc1_sJuiz8Xjn_1.jpg!m_fill,w_280,h_210,f_jpg?from=ke.com
20210126,盐田区,梅沙,海世界 一线海景房，可拎包入住，价格便宜,358万,低楼层                                    (共12层)                                                                      | 2005年建 |                                2室2厅 | 82.51平米                                  | 东南,http://ke-image.ljcdn.com/440300-inspection/pc1_4bAQKVOvD_1.jpg!m_fill,w_280,h_210,f_jpg?from=ke.com
20210126,盐田区,梅沙,《糯家李慧》 东海岸近2豪门 精装别墅 诚意出售,1200万,低楼层                                    (共1层)                                                                      | 2004年建 |                                4室2厅 | 203.75平米                                  | 北 南,http://ke-image.ljcdn.com/440300-inspection/pc1_aSwTdpsYz_1.jpg!m_fill,w_280,h_210,f_jpg?from=ke.com
20210126,盐田区,梅沙,户型方正 格局通透实用 直面一线海景,280万,低楼层                                    (共16层)                                                                      | 2008年建 |                                1室1厅 | 60.54平米                                  | 东南,http://ke-image.ljcdn.com/440300-inspection/pc1_5iual1NIi_1.jpg!m_fill,w_280,h_210,f_jpg?from=ke.com
20210126,盐田区,梅沙,天麓三区独栋山海别墅，实用超大，看山看海。,2100万,低楼层                                    (共1层)                                                                      | 2008年建 |                                4室2厅 | 250.5平米                                  | 西南,http://ke-image.ljcdn.com/440300-inspection/pc1_qZjv5aDzu_1.jpg!m_fill,w_280,h_210,f_jpg?from=ke.com
20210126,盐田区,梅沙,大梅沙 水云间雅居 满5红本在手 度假 刚需,258万,高楼层                                    (共11层)                                                                      | 2002年建 |                                1室1厅 | 52.34平米                                  | 北,http://ke-image.ljcdn.com/110000-inspection/pc1_RNKwuxjf1_1.jpg!m_fill,w_280,h_210,f_jpg?from=ke.com
20210126,盐田区,梅沙,天麓七区独栋别墅，精装修，看山看湖,7000万,低楼层                                    (共1层)                                                                  5室3厅 | 353.35平米                                  | 南,http://ke-image.ljcdn.com/440300-inspection/pc1_6vzx0LxLi_1.jpg!m_fill,w_280,h_210,f_jpg?from=ke.com
20210126,盐田区,梅沙,万科东海岸 顶楼带花园 精装四房 业主有心卖,720万,高楼层                                    (共5层)                                                                      | 2002年建 |                                4室2厅 | 150.29平米                                  | 南,http://ke-image.ljcdn.com/440300-inspection/prod-73ea5b70-a22a-473e-94ed-f9fb14e98644.jpg!m_fill,w_280,h_210,f_jpg?from=ke.com
20210126,盐田区,梅沙,专梯入户海景大平层 正南正北 采光通透,1300万,高楼层                                    (共10层)                                                                      | 2008年建 |                                3室2厅 | 252平米                                  | 南,http://ke-image.ljcdn.com/440300-inspection/prod-a2b47fc9-8f8a-451c-af50-cc6684f1208a.jpg!m_fill,w_280,h_210,f_jpg?from=ke.com
20210126,盐田区,梅沙,万科东海岸海景别墅 实用大上下4层 车位多 住家适宜,1580万,低楼层                                    (共2层)                                                                      | 2006年建 |                                5室2厅 | 166.37平米                                  | 东,http://ke-image.ljcdn.com/440300-inspection/prod-17a76f5a-ce20-4f7e-98db-d79db720f50f.jpg!m_fill,w_280,h_210,f_jpg?from=ke.com
20210126,盐田区,梅沙,万科少有一期漂亮三房  80平大花园,720万,低楼层                                    (共5层)                                                                      | 2002年建 |                                3室2厅 | 112.14平米                                  | 东南,http://ke-image.ljcdn.com/440300-inspection/pc1_eCbZCOZ6U_1.jpg!m_fill,w_280,h_210,f_jpg?from=ke.com
20210126,盐田区,梅沙,地势高看海景 东海岸四期联排别墅,2200万,低楼层                                    (共1层)                                                                      | 2008年建 |                                5室2厅 | 222.7平米                                  | 东南,http://ke-image.ljcdn.com/440300-inspection/5b71a0da-a978-4bef-bba5-45342992e72d_1000.jpg!m_fill,w_280,h_210,f_jpg?from=ke.com
20210126,盐田区,梅沙,东海岸三期别墅 精装修有天有地 住家适宜,1300万,低楼层                                    (共2层)                                                                      | 2005年建 |                                4室2厅 | 167平米                                  | 东南,http://ke-image.ljcdn.com/440300-inspection/prod-1cd1b9e6-3cad-4a38-bb01-e58ca369b5a9.jpg!m_fill,w_280,h_210,f_jpg?from=ke.com
20210126,盐田区,梅沙,大梅沙水云间雅居 端头位置 全新装修 度假 刚需.,185万,中楼层                                    (共11层)                                                                      | 2002年建 |                                1室1厅 | 52.98平米                                  | 东南,http://ke-image.ljcdn.com/440300-inspection/prod-8e471595-a713-41d3-8701-be5b7cf3acec.jpg!m_fill,w_280,h_210,f_jpg?from=ke.com
20210126,盐田区,梅沙,大梅沙 海语东园 实用两房 南向,350万,高楼层                                    (共8层)                                                                      | 2004年建 |                                2室2厅 | 71.5平米                                  | 东北,http://ke-image.ljcdn.com/440300-inspection/pc1_HOXkh6Y6W_1.jpg!m_fill,w_280,h_210,f_jpg?from=ke.com
20210126,盐田区,梅沙,万科东海岸 5室2厅 东南,1680万,高楼层                                    (共15层)                                                                      | 2005年建 |                                5室2厅 | 256平米                                  | 东南,http://ke-image.ljcdn.com/110000-inspection/pc1_gK3eASXta_1.jpg!m_fill,w_280,h_210,f_jpg?from=ke.com
20210126,盐田区,梅沙,万科东海岸 二期别墅 精装修 诚心卖,2200万,低楼层                                    (共1层)                                                                      | 2004年建 |                                4室2厅 | 267.67平米                                  | 东南,http://ke-image.ljcdn.com/110000-inspection/8b4279e5-8e7d-4bd5-b17c-3f41c6e599f2_1000.jpg!m_fill,w_280,h_210,f_jpg?from=ke.com
20210126,盐田区,梅沙,电梯入户 东海岸四期 高层海景房 通风采光好,1280万,中楼层                                    (共10层)                                                                      | 2008年建 |                                3室2厅 | 252平米                                  | 东南,http://ke-image.ljcdn.com/440300-inspection/prod-276a3918-6881-438d-ab2b-2df29dbb1727.jpg!m_fill,w_280,h_210,f_jpg?from=ke.com
20210126,盐田区,梅沙,心海伽蓝 1室2厅 西南,350万,中楼层                                    (共13层)                                                                      | 2005年建 |                                1室2厅 | 74.85平米                                  | 西南,http://ke-image.ljcdn.com/440300-inspection/test-e3fefab5-a439-46ae-9f3a-e2c0c45b9ea2.png!m_fill,w_280,h_210,f_jpg?from=ke.com
20210126,盐田区,梅沙,满五，泊岸雅苑精装修一房总价低费用少即买即住！,200万,高楼层                                    (共9层)                                                                      | 2007年建 |                                1室0厅 | 41.96平米                                  | 北,http://ke-image.ljcdn.com/440300-inspection/test-498d3c12-3b84-4417-a14f-47a3753dc0f4.png!m_fill,w_280,h_210,f_jpg?from=ke.com
20210126,盐田区,梅沙,万科东海岸，满5年全新装修4房，价格合理，看海景,860万,低楼层                                    (共15层)                                                                      | 2007年建 |                                4室2厅 | 163.2平米                                  | 东南,http://ke-image.ljcdn.com/440300-inspection/test-3b384e50-c75e-456f-8e01-5dacf1cf21d7.png!m_fill,w_280,h_210,f_jpg?from=ke.com
20210126,盐田区,梅沙,东部华侨城天麓六区大四房看湖景精装修拎包入住满五年,950万,中楼层                                    (共6层)                                                                      | 2009年建 |                                4室2厅 | 223.45平米                                  | 南,http://ke-image.ljcdn.com/110000-inspection/pc1_NPvL8o8LV_1.jpg!m_fill,w_280,h_210,f_jpg?from=ke.com
20210126,盐田区,梅沙,海阔凌海 一房 可租酒店 总价低 单价低 风景好,115万,中楼层                                    (共8层)                                                                      | 2004年建 |                                1室1厅 | 47.48平米                                  | 东南 南,http://ke-image.ljcdn.com/440300-inspection/prod-19999ae5-ff11-4548-ad0a-f16a14c5256e.jpg!m_fill,w_280,h_210,f_jpg?from=ke.com
20210126,盐田区,梅沙,高性价房源，业主诚心出售，房子满五,485万,中楼层                                    (共5层)                                                                      | 2012年建 |                                5室2厅 | 171.03平米                                  | 南,http://ke-image.ljcdn.com/110000-inspection/pc1_K7VlVtD9R_1.jpg!m_fill,w_280,h_210,f_jpg?from=ke.com
20210126,盐田区,梅沙,上天台看海 下一楼养花 近500万装修 终得一墅,1850万,低楼层                                    (共1层)                                                                      | 2008年建 |                                4室3厅 | 223.32平米                                  | 南 北,http://ke-image.ljcdn.com/110000-inspection/pc1_pgaWUnFZ1_1.jpg!m_fill,w_280,h_210,f_jpg?from=ke.com
20210126,盐田区,梅沙,此房满两年，视野开阔，复式花园洋房看海景,3000万,低楼层                                    (共1层)                                                                  5室3厅 | 248.36平米                                  | 南 北,http://ke-image.ljcdn.com/110000-inspection/pc1_4VIKgh2jS_1.jpg!m_fill,w_280,h_210,f_jpg?from=ke.com
20210126,盐田区,梅沙,大梅沙端头别墅，花园比一般的要大一些，彩光好,1500万,低楼层                                    (共1层)                                                                      | 2002年建 |                                4室2厅 | 176.7平米                                  | 南,http://ke-image.ljcdn.com/110000-inspection/pc1_UwSlI1OiS_1.jpg!m_fill,w_280,h_210,f_jpg?from=ke.com
20210126,盐田区,梅沙,万科东海岸 6室2厅 东南,2000万,低楼层                                    (共1层)                                                                      | 2005年建 |                                6室2厅 | 270.37平米                                  | 东南,http://ke-image.ljcdn.com/440300-inspection/57db3aa4-9f59-4542-9ae2-524f85824da0.jpg!m_fill,w_280,h_210,f_jpg?from=ke.com
20210126,盐田区,梅沙,万科东海岸 3室1厅 南新上,840万,低楼层                                    (共8层)                                                                      | 2010年建 |                                3室1厅 | 179.89平米                                  | 南,http://ke-image.ljcdn.com/hdic-frame/80769183-f1f8-4263-aba6-9bb2dd0cf565.png!m_fill,w_280,h_210,f_jpg?from=ke.com
20210126,盐田区,梅沙,八十步海寓 2室1厅 东南,300万,高楼层                                    (共5层)                                                                      | 2012年建 |                                2室1厅 | 53平米                                  | 东南,http://ke-image.ljcdn.com/110000-inspection/pc1_J6zY5jCo8_1.jpg!m_fill,w_280,h_210,f_jpg?from=ke.com
20210126,盐田区,梅沙,少有放卖的奇数层带双阳台户型，朝南看花园，安静住家,280万,中楼层                                    (共8层)                                                                      | 2006年建 |                                1室2厅 | 46.63平米                                  | 南,http://ke-image.ljcdn.com/440300-frame/3406a208-038e-489e-ad22-a440fd586b55.png!m_fill,w_280,h_210,f_jpg?from=ke.com
20210126,盐田区,梅沙,心海假日 3室2厅 南,328万,中楼层                                    (共7层)                                                                      | 2002年建 |                                3室2厅 | 88.4平米                                  | 南,http://ke-image.ljcdn.com/hdic-frame/a01e058d-5ab3-42b7-9cc4-c869b6f71a95.png!m_fill,w_280,h_210,f_jpg?from=ke.com
20210126,盐田区,梅沙,业主诚意卖，高实用率的房子，海边优宅,345万,中楼层                                    (共6层)                                                                  3室2厅 | 94.28平米                                  | 南,http://ke-image.ljcdn.com/440300-frame/68569c0c-4fd1-4340-bf87-5c41032e1bf0.png!m_fill,w_280,h_210,f_jpg?from=ke.com
20210126,盐田区,梅沙,新上 泊岸雅苑 精装两房刚需 户型方正 楼层好,420万,中楼层                                    (共11层)                                                                      | 2007年建 |                                2室2厅 | 88.59平米                                  | 东南 东,http://ke-image.ljcdn.com/hdic-frame/6cc9804c-f8bb-4ee0-96e6-9139974ed25a.png!m_fill,w_280,h_210,f_jpg?from=ke.com
20210126,盐田区,梅沙,看小区花园、看泳池、看湖景大单房，万科社区安静住家,185万,中楼层                                    (共14层)                                                                      | 2002年建 |                                1室0厅 | 43.9平米                                  | 西北,http://ke-image.ljcdn.com/110000-inspection/5db7d494-07a0-469c-a5ec-98136c64854c.jpeg!m_fill,w_280,h_210,f_jpg?from=ke.com
20210126,盐田区,梅沙,万科东海岸大社区 精装四房 位置安静 宜居家 背靠大山,650万,中楼层                                    (共9层)                                                                      | 2004年建 |                                4室2厅 | 144.01平米                                  | 南,http://ke-image.ljcdn.com/hdic-frame/80769183-f1f8-4263-aba6-9bb2dd0cf565.png!m_fill,w_280,h_210,f_jpg?from=ke.com
20210126,盐田区,梅沙,万科东海岸 精装三房 看海景 户型通透 看房子给电话,800万,高楼层                                    (共15层)                                                                      | 2005年建 |                                3室2厅 | 163.72平米                                  | 南,http://ke-image.ljcdn.com/hdic-frame/80769183-f1f8-4263-aba6-9bb2dd0cf565.png!m_fill,w_280,h_210,f_jpg?from=ke.com
20210126,盐田区,梅沙,精选别墅，万科物业，东海岸大社区,1400万,低楼层                                    (共2层)                                                                      | 2005年建 |                                4室2厅 | 206.66平米                                  | 南,http://ke-image.ljcdn.com/440300-inspection/ce6578d6-2ae0-4498-bff8-adb352e5ac0a.jpg!m_fill,w_280,h_210,f_jpg?from=ke.com
20210126,盐田区,梅沙,大梅沙森林小镇，环境优美，业主诚意出售,288万,低楼层                                    (共6层)                                                                      | 2012年建 |                                1室1厅 | 71.34平米                                  | 西南,http://ke-image.ljcdn.com/hdic-frame/5b585dd9-ff5d-4b4e-9cd0-e4353701915f.png!m_fill,w_280,h_210,f_jpg?from=ke.com
20210126,盐田区,梅沙,采光好，户型好，满五唯一，业主诚意卖,1500万,低楼层                                    (共10层)                                                                      | 2008年建 |                                4室1厅 | 286平米                                  | 南,http://ke-image.ljcdn.com/440300-inspection/prod-783bd1e7-442c-4da7-a681-ebcffd07f79a.jpg!m_fill,w_280,h_210,f_jpg?from=ke.com
20210126,盐田区,梅沙,房子满5年，户型方正，采光好，交通方便,180万,低楼层                                    (共9层)                                                                      | 2007年建 |                                1室1厅 | 43.4平米                                  | 北,http://ke-image.ljcdn.com/hdic-frame/cyclops-04Lyq2wJaylZNxkY.jpg!m_fill,w_280,h_210,f_jpg?from=ke.com
20210126,盐田区,梅沙,满五，靠山面海，精装修，高层视野好,260万,高楼层                                    (共14层)                                                                      | 2004年建 |                                1室1厅 | 57.82平米                                  | 东南,http://ke-image.ljcdn.com/hdic-frame/01590c4c-2475-4134-a14b-eb43c5937213.png!m_fill,w_280,h_210,f_jpg?from=ke.com
20210126,盐田区,梅沙,户型方正，视野宽，采光好，交通方便，业主诚心卖,150万,中楼层                                    (共9层)                                                                      | 2007年建 |                                1室0厅 | 41.96平米                                  | 东南,http://ke-image.ljcdn.com/440300-frame/9d0ac051-afbe-48c4-b0b0-9cb07a946590.png!m_fill,w_280,h_210,f_jpg?from=ke.com
20210126,盐田区,梅沙,万科东海岸 4室1厅 南,2000万,低楼层                                    (共1层)                                                                      | 2004年建 |                                4室1厅 | 219.03平米                                  | 南,http://ke-image.ljcdn.com/hdic-frame/0d7afaad-47d0-4a82-b4fc-58ff553089a8.png!m_fill,w_280,h_210,f_jpg?from=ke.com
20210126,盐田区,梅沙,适合住家，大三房户型，随时签约，业主诚意卖,660万,中楼层                                    (共9层)                                                                      | 2004年建 |                                3室1厅 | 127.13平米                                  | 南,http://ke-image.ljcdn.com/hdic-frame/80769183-f1f8-4263-aba6-9bb2dd0cf565.png!m_fill,w_280,h_210,f_jpg?from=ke.com
20210126,盐田区,梅沙,泊岸雅苑 温馨实用复式房 看花园 采光无遮挡 居家优选,900万,高楼层                                    (共11层)                                                                      | 2007年建 |                                6室1厅 | 191.81平米                                  | 东南,http://ke-image.ljcdn.com/hdic-frame/6cc9804c-f8bb-4ee0-96e6-9139974ed25a.png!m_fill,w_280,h_210,f_jpg?from=ke.com
20210126,盐田区,梅沙,此房满两年 全新装修 度假 刚需 户型方正，配套成熟,285万,中楼层                                    (共11层)                                                                      | 2002年建 |                                1室1厅 | 56.21平米                                  | 东南,http://ke-image.ljcdn.com/hdic-frame/6adde3bf-4766-40c5-9f64-1ef58a953831.jpg!m_fill,w_280,h_210,f_jpg?from=ke.com
20210126,盐田区,梅沙,万科东海岸位于大梅沙，背靠青山，面朝大海，环境优美,710万,低楼层                                    (共9层)                                                                      | 2004年建 |                                4室2厅 | 144.01平米                                  | 南,http://ke-image.ljcdn.com/hdic-frame/80769183-f1f8-4263-aba6-9bb2dd0cf565.png!m_fill,w_280,h_210,f_jpg?from=ke.com
20210126,盐田区,梅沙,品质装修，拎包入户，全海景观,倚山面海,720万,低楼层                                    (共15层)                                                                      | 2005年建 |                                3室1厅 | 166.65平米                                  | 东南,http://ke-image.ljcdn.com/hdic-frame/80769183-f1f8-4263-aba6-9bb2dd0cf565.png!m_fill,w_280,h_210,f_jpg?from=ke.com
20210126,盐田区,梅沙,大梅沙奥特莱斯，景色优美环境好,310万,中楼层                                    (共6层)                                                                      | 2012年建 |                                1室1厅 | 94.31平米                                  | 东南,http://ke-image.ljcdn.com/440300-frame/a25fc9e1-ab9b-452b-82e0-395b9bd287ba.jpg!m_fill,w_280,h_210,f_jpg?from=ke.com
20210126,盐田区,梅沙,东海岸二期联排别墅 总价低，业主诚心出售,990万,低楼层                                    (共2层)                                                                      | 2004年建 |                                厅室未知 | 202.3平米                                  | 东南 北,http://ke-image.ljcdn.com/440300-inspection/30af8461-4158-45ad-8737-f0ce6e38f181.jpg!m_fill,w_280,h_210,f_jpg?from=ke.com
20210126,盐田区,梅沙,万科东海岸四期看海别墅，背靠青山,1850万,低楼层                                    (共1层)                                                                      | 2008年建 |                                5室2厅 | 223.2平米                                  | 东南,http://ke-image.ljcdn.com/110000-inspection/pc1_hfQvAywSz_1.jpg!m_fill,w_280,h_210,f_jpg?from=ke.com
20210126,盐田区,梅沙,天麓一区 独栋别墅 私家花园泳池,4500万,低楼层                                    (共1层)                                                                  5室2厅 | 296.24平米                                  | 南 北,http://ke-image.ljcdn.com/110000-inspection/pc1_Oiu6Wr4FI_1.jpg!m_fill,w_280,h_210,f_jpg?from=ke.com
20210126,盐田区,梅沙,8号线地铁口，万科天琴湾 一线海景 上下两层电梯入户,1780万,低楼层                                    (共4层)                                                                      | 2008年建 |                                4室2厅 | 180.29平米                                  | 南,http://ke-image.ljcdn.com/440300-inspection/32e07aef-989e-403c-bd6b-34623c3b1db6.JPG!m_fill,w_280,h_210,f_jpg?from=ke.com
20210126,盐田区,梅沙,全海景景观  视野好 随时可看 价格可谈,346万,高楼层                                    (共5层)                                                                      | 2012年建 |                                6室2厅 | 80.57平米                                  | 东南,http://ke-image.ljcdn.com/440300-inspection/dcda4072-2ad1-4c25-ae71-802fe6831927.jpg!m_fill,w_280,h_210,f_jpg?from=ke.com
20210126,盐田区,梅沙,商务公寓，大梅沙奥特莱斯，生活便利，景色优美。,270万,中楼层                                    (共5层)                                                                      | 2012年建 |                                2室1厅 | 74.56平米                                  | 南,http://ke-image.ljcdn.com/440300-inspection/bd16f89e-9acb-42d3-afd1-bf03f9071a83.jpg!m_fill,w_280,h_210,f_jpg?from=ke.com
20210126,盐田区,梅沙,万科东海岸 5室2厅 东南,1000万,低楼层                                    (共16层)                                                                      | 2005年建 |                                5室2厅 | 200.19平米                                  | 东南,http://ke-image.ljcdn.com/440300-frame/05dfc097-50b8-4493-8e47-3efa0da8d1d0.png!m_fill,w_280,h_210,f_jpg?from=ke.com
20210126,盐田区,梅沙,万科东海岸三期别墅，精装修，带车位，花园,1200万,低楼层                                    (共2层)                                                                      | 2005年建 |                                4室1厅 | 167.44平米                                  | 南,http://ke-image.ljcdn.com/440300-inspection/828d6e65-b474-43a6-806b-bc189d2bbb6c.jpg!m_fill,w_280,h_210,f_jpg?from=ke.com
20210126,盐田区,梅沙,泊岸雅苑，1房1厅，精装修，看海景,209万,高楼层                                    (共9层)                                                                      | 2007年建 |                                1室1厅 | 59.42平米                                  | 东南,http://ke-image.ljcdn.com/110000-inspection/pc1_EEMrOfG0M_1.jpg!m_fill,w_280,h_210,f_jpg?from=ke.com
20210126,盐田区,梅沙,万科东海岸四期海景大平面，户型方正，南北通，看海景,1500万,低楼层                                    (共10层)                                                                      | 2008年建 |                                3室1厅 | 283.81平米                                  | 东南,http://ke-image.ljcdn.com/440300-inspection/79a7ecf8-3bd7-4c93-9b53-110f0509d04b.jpg!m_fill,w_280,h_210,f_jpg?from=ke.com
20210126,盐田区,梅沙,万科东海岸四期海景大平面，一梯到户。背山面海,1600万,中楼层                                    (共10层)                                                                      | 2008年建 |                                3室1厅 | 283.81平米                                  | 东南,http://ke-image.ljcdn.com/440300-inspection/0580cf0a-7b1a-4055-a6ef-5a5ec93e20d9.jpg!m_fill,w_280,h_210,f_jpg?from=ke.com
20210126,盐田区,梅沙,泊岸雅苑 居家优选 业主诚意出售,580万,中楼层                                    (共11层)                                                                      | 2007年建 |                                3室2厅 | 139.26平米                                  | 东南,http://ke-image.ljcdn.com/hdic-frame/aa6e1f3a-42ce-405e-af78-b7fc72afb54c.png!m_fill,w_280,h_210,f_jpg?from=ke.com
20210126,盐田区,梅沙,万科东海岸位于大梅沙，背靠青山，面朝大海，环境优美,1390万,低楼层                                    (共2层)                                                                      | 2006年建 |                                6室3厅 | 205.26平米                                  | 南,http://ke-image.ljcdn.com/440300-inspection/prod-0a611571-bf87-46c1-9baf-744543aad13f.jpg!m_fill,w_280,h_210,f_jpg?from=ke.com
20210126,盐田区,梅沙,上下四层经典别墅 罕有放卖 匠心独作 有车位有花园,1500万,低楼层                                    (共2层)                                                                      | 2006年建 |                                6室2厅 | 167.16平米                                  | 南,http://ke-image.ljcdn.com/440300-inspection/24dcda2a-2a54-47a1-b56c-8aefce4e5f98.jpg!m_fill,w_280,h_210,f_jpg?from=ke.com
20210126,盐田区,梅沙,度假住宅 以海为邻 实用的一室 看房方便,148万,低楼层                                    (共8层)                                                                      | 2004年建 |                                1室1厅 | 56.03平米                                  | 南,http://ke-image.ljcdn.com/440300-inspection/prod-c9380fc0-8fbf-4c4a-9967-090434a21c1d.jpg!m_fill,w_280,h_210,f_jpg?from=ke.com
20210126,盐田区,梅沙,万科东海岸精选别墅 满五唯一 红本在手 业主诚心卖,1160万,低楼层                                    (共2层)                                                                      | 2005年建 |                                4室2厅 | 191.44平米                                  | 南,http://ke-image.ljcdn.com/440300-inspection/f87f1e4c-29fb-40d7-8e0f-9e90aa60cc5a.jpg!m_fill,w_280,h_210,f_jpg?from=ke.com
20210126,盐田区,梅沙,满五唯一 少量欠款 与海为邻 度假小区新上,190万,中楼层                                    (共9层)                                                                      | 2007年建 |                                1室1厅 | 59.42平米                                  | 东北,http://s1.ljcdn.com/pegasus/redskull/images/common/default_house_list.png?_v=202101261829353
20210126,盐田区,梅沙,心海假日 1室1厅 东南 西南,158万,中楼层                                    (共7层)                                                                      | 2002年建 |                                1室1厅 | 45.24平米                                  | 东南 西南,http://s1.ljcdn.com/pegasus/redskull/images/common/default_house_list.png?_v=202101261829353
20210126,盐田区,梅沙,小户型，业主自住，明年2月份满五，装修保养比较好,270万,中楼层                                    (共8层)                                                                      | 2007年建 |                                2室1厅 | 60.99平米                                  | 东南,http://s1.ljcdn.com/pegasus/redskull/images/common/default_house_list.png?_v=202101261829353
20210126,盐田区,梅沙,大梅沙马峦山下一线海景房、刚需上车,160万,高楼层                                    (共8层)                                                                      | 2004年建 |                                1室1厅 | 51.85平米                                  | 南,http://s1.ljcdn.com/pegasus/redskull/images/common/default_house_list.png?_v=202101261829353
20210126,盐田区,梅沙,东海岸四期别墅 业主诚心放卖 视野开阔,1700万,低楼层                                    (共1层)                                                                      | 2008年建 |                                5室2厅 | 223平米                                  | 东南,http://s1.ljcdn.com/pegasus/redskull/images/common/default_house_list.png?_v=202101261829353
20210126,盐田区,梅沙,户型方正 采光通风好 价格可谈,1790万,中楼层                                    (共9层)                                                                      | 1988年建 |                                5室1厅 | 271.18平米                                  | 东南,http://s1.ljcdn.com/pegasus/redskull/images/common/default_house_list.png?_v=202101261829353
20210126,盐田区,梅沙,满五年 典型复式一房 单价便宜 适合年轻刚需,215万,中楼层                                    (共11层)                                                                      | 2002年建 |                                1室1厅 | 55.63平米                                  | 东南,http://s1.ljcdn.com/pegasus/redskull/images/common/default_house_list.png?_v=202101261829353
20210126,盐田区,梅沙,三房户型 带电梯 空中花园社区,630万,中楼层                                    (共11层)                                                                      | 2007年建 |                                3室2厅 | 148.42平米                                  | 东南,http://s1.ljcdn.com/pegasus/redskull/images/common/default_house_list.png?_v=202101261829353
20210126,盐田区,梅沙,大梅沙 园林小区 云顶天海 生活配套完善 居家便利。,170万,高楼层                                    (共8层)                                                                      | 2006年建 |                                1室0厅 | 38.85平米                                  | 东,http://s1.ljcdn.com/pegasus/redskull/images/common/default_house_list.png?_v=202101261829353
20210126,盐田区,梅沙,天涛轩独栋山海别墅，超实用，带泳池，花园，看海,6800万,低楼层                                    (共2层)                                                                  5室4厅 | 544.23平米                                  | 南,http://s1.ljcdn.com/pegasus/redskull/images/common/default_house_list.png?_v=202101261829353
20210126,盐田区,梅沙,鸿威海怡轩 1室1厅 南新上,355万,高楼层                                    (共11层)                                                                      | 2009年建 |                                1室1厅 | 73.54平米                                  | 南,http://ke-image.ljcdn.com/440300-frame/7de1021f-ab9d-455d-9617-bcc2fa3e80b1.PNG!m_fill,w_280,h_210,f_jpg?from=ke.com
20210126,盐田区,梅沙,大梅沙湖心岛 看湖景 西班牙小镇 度假优选,269万,中楼层                                    (共5层)                                                                      | 2007年建 |                                2室2厅 | 59平米                                  | 南,http://ke-image.ljcdn.com/hdic-frame/74f121ee-7292-45e9-89f2-dac15e093835.png!m_fill,w_280,h_210,f_jpg?from=ke.com
